[debug] [2026-07-25T19:36:43.058Z] ----------------------------------------------------------------------
[debug] [2026-07-25T19:36:43.059Z] Command:       C:\Program Files\nodejs\node.exe C:\Users\Luan Rigatti\AppData\Roaming\npm\node_modules\firebase-tools\lib\bin\firebase.js functions:secrets:describe GOOGLE_MAPS_SERVER_API_KEY --project venda-e-faturamento
[debug] [2026-07-25T19:36:43.060Z] CLI Version:   15.22.4
[debug] [2026-07-25T19:36:43.060Z] Platform:      win32
[debug] [2026-07-25T19:36:43.060Z] Node Version:  v26.4.0
[debug] [2026-07-25T19:36:43.060Z] Detected Agent: codex_cli
[debug] [2026-07-25T19:36:43.060Z] Time:          Sat Jul 25 2026 16:36:43 GMT-0300 (Horário Padrão de Brasília)
[debug] [2026-07-25T19:36:43.060Z] ----------------------------------------------------------------------
[debug] 
[debug] [2026-07-25T19:36:43.160Z] > command requires scopes: ["email","openid","https://www.googleapis.com/auth/cloudplatformprojects.readonly","https://www.googleapis.com/auth/firebase","https://www.googleapis.com/auth/cloud-platform"]
[debug] [2026-07-25T19:36:43.160Z] > authorizing via signed-in user (luanr.rigatti@gmail.com)
[debug] [2026-07-25T19:36:43.161Z] > command requires scopes: ["email","openid","https://www.googleapis.com/auth/cloudplatformprojects.readonly","https://www.googleapis.com/auth/firebase","https://www.googleapis.com/auth/cloud-platform"]
[debug] [2026-07-25T19:36:43.161Z] > authorizing via signed-in user (luanr.rigatti@gmail.com)
[debug] [2026-07-25T19:36:43.161Z] [iam] checking project venda-e-faturamento for permissions ["firebase.projects.get","secretmanager.secrets.get"]
[debug] [2026-07-25T19:36:43.162Z] Checked if tokens are valid: true, expires at: 1785010310291
[debug] [2026-07-25T19:36:43.162Z] Checked if tokens are valid: true, expires at: 1785010310291
[debug] [2026-07-25T19:36:43.163Z] >>> [apiv2][query] POST https://cloudresourcemanager.googleapis.com/v1/projects/venda-e-faturamento:testIamPermissions [none]
[debug] [2026-07-25T19:36:43.163Z] >>> [apiv2][(partial)header] POST https://cloudresourcemanager.googleapis.com/v1/projects/venda-e-faturamento:testIamPermissions  x-goog-user-project=venda-e-faturamento
[debug] [2026-07-25T19:36:43.163Z] >>> [apiv2][body] POST https://cloudresourcemanager.googleapis.com/v1/projects/venda-e-faturamento:testIamPermissions {"permissions":["firebase.projects.get","secretmanager.secrets.get"]}
[debug] [2026-07-25T19:36:44.010Z] <<< [apiv2][status] POST https://cloudresourcemanager.googleapis.com/v1/projects/venda-e-faturamento:testIamPermissions 200
[debug] [2026-07-25T19:36:44.010Z] <<< [apiv2][body] POST https://cloudresourcemanager.googleapis.com/v1/projects/venda-e-faturamento:testIamPermissions {"permissions":["firebase.projects.get","secretmanager.secrets.get"]}
[debug] [2026-07-25T19:36:44.010Z] Checked if tokens are valid: true, expires at: 1785010310291
[debug] [2026-07-25T19:36:44.010Z] Checked if tokens are valid: true, expires at: 1785010310291
[debug] [2026-07-25T19:36:44.010Z] >>> [apiv2][query] GET https://secretmanager.googleapis.com/v1/projects/venda-e-faturamento/secrets/GOOGLE_MAPS_SERVER_API_KEY/versions [none]
[debug] [2026-07-25T19:36:44.764Z] <<< [apiv2][status] GET https://secretmanager.googleapis.com/v1/projects/venda-e-faturamento/secrets/GOOGLE_MAPS_SERVER_API_KEY/versions 200
[debug] [2026-07-25T19:36:44.764Z] <<< [apiv2][body] GET https://secretmanager.googleapis.com/v1/projects/venda-e-faturamento/secrets/GOOGLE_MAPS_SERVER_API_KEY/versions {"versions":[{"name":"projects/83092109834/secrets/GOOGLE_MAPS_SERVER_API_KEY/versions/2","createTime":"2026-07-25T19:36:08.757548Z","state":"ENABLED","replicationStatus":{"automatic":{}},"etag":"\"16577499d1e92c\""},{"name":"projects/83092109834/secrets/GOOGLE_MAPS_SERVER_API_KEY/versions/1","createTime":"2026-07-25T19:31:52.200146Z","state":"ENABLED","replicationStatus":{"automatic":{}},"etag":"\"1657748a8727d2\""}],"totalSize":2}
[info] ┌─────────┬─────────┐
│ Version │ State   │
├─────────┼─────────┤
│ 2       │ ENABLED │
├─────────┼─────────┤
│ 1       │ ENABLED │
└─────────┴─────────┘
[debug] [2026-07-25T19:37:24.451Z] ----------------------------------------------------------------------
[debug] [2026-07-25T19:37:24.452Z] Command:       C:\Program Files\nodejs\node.exe C:\Users\Luan Rigatti\AppData\Roaming\npm\node_modules\firebase-tools\lib\bin\firebase.js deploy --only functions:routeProxy --project venda-e-faturamento
[debug] [2026-07-25T19:37:24.452Z] CLI Version:   15.22.4
[debug] [2026-07-25T19:37:24.452Z] Platform:      win32
[debug] [2026-07-25T19:37:24.452Z] Node Version:  v26.4.0
[debug] [2026-07-25T19:37:24.452Z] Detected Agent: codex_cli
[debug] [2026-07-25T19:37:24.452Z] Time:          Sat Jul 25 2026 16:37:24 GMT-0300 (Horário Padrão de Brasília)
[debug] [2026-07-25T19:37:24.452Z] ----------------------------------------------------------------------
[debug] 
[debug] [2026-07-25T19:37:25.607Z] > command requires scopes: ["email","openid","https://www.googleapis.com/auth/cloudplatformprojects.readonly","https://www.googleapis.com/auth/firebase","https://www.googleapis.com/auth/cloud-platform"]
[debug] [2026-07-25T19:37:25.608Z] > authorizing via signed-in user (luanr.rigatti@gmail.com)
[debug] [2026-07-25T19:37:25.608Z] [iam] checking project venda-e-faturamento for permissions ["cloudfunctions.functions.create","cloudfunctions.functions.delete","cloudfunctions.functions.get","cloudfunctions.functions.list","cloudfunctions.functions.update","cloudfunctions.operations.get","firebase.projects.get"]
[debug] [2026-07-25T19:37:25.609Z] Checked if tokens are valid: true, expires at: 1785010310291
[debug] [2026-07-25T19:37:25.609Z] Checked if tokens are valid: true, expires at: 1785010310291
[debug] [2026-07-25T19:37:25.610Z] >>> [apiv2][query] POST https://cloudresourcemanager.googleapis.com/v1/projects/venda-e-faturamento:testIamPermissions [none]
[debug] [2026-07-25T19:37:25.610Z] >>> [apiv2][(partial)header] POST https://cloudresourcemanager.googleapis.com/v1/projects/venda-e-faturamento:testIamPermissions  x-goog-user-project=venda-e-faturamento
[debug] [2026-07-25T19:37:25.610Z] >>> [apiv2][body] POST https://cloudresourcemanager.googleapis.com/v1/projects/venda-e-faturamento:testIamPermissions {"permissions":["cloudfunctions.functions.create","cloudfunctions.functions.delete","cloudfunctions.functions.get","cloudfunctions.functions.list","cloudfunctions.functions.update","cloudfunctions.operations.get","firebase.projects.get"]}
[debug] [2026-07-25T19:37:26.454Z] <<< [apiv2][status] POST https://cloudresourcemanager.googleapis.com/v1/projects/venda-e-faturamento:testIamPermissions 200
[debug] [2026-07-25T19:37:26.454Z] <<< [apiv2][body] POST https://cloudresourcemanager.googleapis.com/v1/projects/venda-e-faturamento:testIamPermissions {"permissions":["cloudfunctions.functions.create","cloudfunctions.functions.delete","cloudfunctions.functions.get","cloudfunctions.functions.list","cloudfunctions.functions.update","cloudfunctions.operations.get","firebase.projects.get"]}
[debug] [2026-07-25T19:37:26.454Z] Checked if tokens are valid: true, expires at: 1785010310291
[debug] [2026-07-25T19:37:26.454Z] Checked if tokens are valid: true, expires at: 1785010310291
[debug] [2026-07-25T19:37:26.454Z] >>> [apiv2][query] POST https://iam.googleapis.com/v1/projects/venda-e-faturamento/serviceAccounts/venda-e-faturamento@appspot.gserviceaccount.com:testIamPermissions [none]
[debug] [2026-07-25T19:37:26.454Z] >>> [apiv2][body] POST https://iam.googleapis.com/v1/projects/venda-e-faturamento/serviceAccounts/venda-e-faturamento@appspot.gserviceaccount.com:testIamPermissions {"permissions":["iam.serviceAccounts.actAs"]}
[debug] [2026-07-25T19:37:27.333Z] <<< [apiv2][status] POST https://iam.googleapis.com/v1/projects/venda-e-faturamento/serviceAccounts/venda-e-faturamento@appspot.gserviceaccount.com:testIamPermissions 200
[debug] [2026-07-25T19:37:27.333Z] <<< [apiv2][body] POST https://iam.googleapis.com/v1/projects/venda-e-faturamento/serviceAccounts/venda-e-faturamento@appspot.gserviceaccount.com:testIamPermissions {"permissions":["iam.serviceAccounts.actAs"]}
[info] 
[info] === Deploying to 'venda-e-faturamento'...
[info] 
[info] i  deploying functions 
[debug] [2026-07-25T19:37:27.335Z] Checked if tokens are valid: true, expires at: 1785010310291
[debug] [2026-07-25T19:37:27.335Z] Checked if tokens are valid: true, expires at: 1785010310291
[debug] [2026-07-25T19:37:27.335Z] >>> [apiv2][query] GET https://cloudresourcemanager.googleapis.com/v1/projects/venda-e-faturamento [none]
[debug] [2026-07-25T19:37:27.545Z] <<< [apiv2][status] GET https://cloudresourcemanager.googleapis.com/v1/projects/venda-e-faturamento 200
[debug] [2026-07-25T19:37:27.546Z] <<< [apiv2][body] GET https://cloudresourcemanager.googleapis.com/v1/projects/venda-e-faturamento {"projectNumber":"83092109834","projectId":"venda-e-faturamento","lifecycleState":"ACTIVE","name":"Venda e Faturamento","labels":{"firebase":"enabled","firebase-core":"disabled"},"createTime":"2026-05-22T11:33:38.894Z"}
[info] i  functions: preparing codebase default for deployment 
[info] i  functions: ensuring required API cloudfunctions.googleapis.com is enabled... 
[info] i  functions: ensuring required API cloudbuild.googleapis.com is enabled... 
[info] i  artifactregistry: ensuring required API artifactregistry.googleapis.com is enabled... 
[debug] [2026-07-25T19:37:27.548Z] Checked if tokens are valid: true, expires at: 1785010310291
[debug] [2026-07-25T19:37:27.548Z] Checked if tokens are valid: true, expires at: 1785010310291
[debug] [2026-07-25T19:37:27.548Z] >>> [apiv2][query] GET https://firebase.googleapis.com/v1beta1/projects/venda-e-faturamento/adminSdkConfig [none]
[debug] [2026-07-25T19:37:28.008Z] <<< [apiv2][status] GET https://firebase.googleapis.com/v1beta1/projects/venda-e-faturamento/adminSdkConfig 200
[debug] [2026-07-25T19:37:28.008Z] <<< [apiv2][body] GET https://firebase.googleapis.com/v1beta1/projects/venda-e-faturamento/adminSdkConfig {"projectId":"venda-e-faturamento","databaseURL":"https://venda-e-faturamento-default-rtdb.firebaseio.com","storageBucket":"venda-e-faturamento.firebasestorage.app"}
[debug] [2026-07-25T19:37:28.008Z] Checked if tokens are valid: true, expires at: 1785010310291
[debug] [2026-07-25T19:37:28.008Z] Checked if tokens are valid: true, expires at: 1785010310291
[debug] [2026-07-25T19:37:28.008Z] >>> [apiv2][query] GET https://runtimeconfig.googleapis.com/v1beta1/projects/venda-e-faturamento/configs [none]
[debug] [2026-07-25T19:37:28.627Z] <<< [apiv2][status] GET https://runtimeconfig.googleapis.com/v1beta1/projects/venda-e-faturamento/configs 200
[debug] [2026-07-25T19:37:28.627Z] <<< [apiv2][body] GET https://runtimeconfig.googleapis.com/v1beta1/projects/venda-e-faturamento/configs {}
[debug] [2026-07-25T19:37:28.628Z] Validating nodejs source
[warn] !  functions: Runtime Node.js 20 was deprecated on 2026-04-30 and will be decommissioned on 2026-10-30, after which you will not be able to deploy without upgrading. Consider upgrading now to avoid disruption. See https://cloud.google.com/functions/docs/runtime-support for full details on the lifecycle policy 
[warn] !  functions: package.json indicates an outdated version of firebase-functions. Please upgrade using npm install --save firebase-functions@latest in your functions directory. 
[warn] !  functions: Please note that there will be breaking changes when you upgrade. 
[debug] [2026-07-25T19:37:29.148Z] > [functions] package.json contents: {
  "name": "pareact-functions",
  "private": true,
  "main": "index.js",
  "engines": {
    "node": "20"
  },
  "scripts": {
    "serve": "firebase emulators:start --only functions,database",
    "deploy": "firebase deploy --only functions",
    "logs": "firebase functions:log",
    "test:route-proxy": "node --test routeProxy.test.js"
  },
  "dependencies": {
    "firebase-admin": "^12.1.0",
    "firebase-functions": "^5.0.0"
  }
}
[debug] [2026-07-25T19:37:29.148Z] Building nodejs source
[info] i  functions: Loading and analyzing source code for codebase default to determine what to deploy 
[debug] [2026-07-25T19:37:29.148Z] Could not find functions.yaml. Must use http discovery
[debug] [2026-07-25T19:37:29.153Z] Found firebase-functions binary at 'C:\Projetos\PAReact\functions\node_modules\.bin\firebase-functions'
[info] Serving at port 8537

[debug] [2026-07-25T19:37:29.424Z] Got response from /__/functions.yaml {"endpoints":{"routeProxy":{"availableMemoryMb":null,"timeoutSeconds":30,"minInstances":null,"maxInstances":null,"ingressSettings":null,"concurrency":null,"serviceAccountEmail":null,"vpc":null,"platform":"gcfv2","region":["us-central1"],"secretEnvironmentVariables":[{"key":"GOOGLE_MAPS_SERVER_API_KEY"}],"labels":{},"httpsTrigger":{},"entryPoint":"routeProxy"},"notificarNovaEntrega":{"availableMemoryMb":null,"timeoutSeconds":null,"minInstances":null,"maxInstances":null,"ingressSettings":null,"concurrency":null,"serviceAccountEmail":null,"vpc":null,"platform":"gcfv2","labels":{},"eventTrigger":{"eventType":"google.firebase.database.ref.v1.written","eventFilters":{},"eventFilterPathPatterns":{"ref":"usuarios/{usuarioId}/entregas","instance":"*"},"retry":false},"entryPoint":"notificarNovaEntrega"},"testarPush":{"availableMemoryMb":null,"timeoutSeconds":null,"minInstances":null,"maxInstances":null,"ingressSettings":null,"concurrency":null,"serviceAccountEmail":null,"vpc":null,"platform":"gcfv2","labels":{},"httpsTrigger":{},"entryPoint":"testarPush"},"lembreteCobranca":{"availableMemoryMb":null,"timeoutSeconds":null,"minInstances":null,"maxInstances":null,"ingressSettings":null,"concurrency":null,"serviceAccountEmail":null,"vpc":null,"platform":"gcfv2","labels":{},"scheduleTrigger":{"schedule":"0 15 * * 1-5","retryConfig":{},"timeZone":"America/Sao_Paulo"},"entryPoint":"lembreteCobranca"},"testarLembreteCobranca":{"availableMemoryMb":null,"timeoutSeconds":null,"minInstances":null,"maxInstances":null,"ingressSettings":null,"concurrency":null,"serviceAccountEmail":null,"vpc":null,"platform":"gcfv2","labels":{},"httpsTrigger":{},"entryPoint":"testarLembreteCobranca"}},"specVersion":"v1alpha1","requiredAPIs":[{"api":"cloudscheduler.googleapis.com","reason":"Needed for scheduled functions."}],"extensions":{},"params":[{"type":"secret","name":"GOOGLE_MAPS_SERVER_API_KEY"}]}
[debug] [2026-07-25T19:37:33.450Z] Checked if tokens are valid: true, expires at: 1785010310291
[debug] [2026-07-25T19:37:33.450Z] Checked if tokens are valid: true, expires at: 1785010310291
[debug] [2026-07-25T19:37:33.450Z] >>> [apiv2][query] GET https://cloudfunctions.googleapis.com/v1/projects/venda-e-faturamento/locations/-/functions [none]
[debug] [2026-07-25T19:37:34.611Z] <<< [apiv2][status] GET https://cloudfunctions.googleapis.com/v1/projects/venda-e-faturamento/locations/-/functions 200
[debug] [2026-07-25T19:37:34.611Z] <<< [apiv2][body] GET https://cloudfunctions.googleapis.com/v1/projects/venda-e-faturamento/locations/-/functions {}
[debug] [2026-07-25T19:37:34.611Z] Checked if tokens are valid: true, expires at: 1785010310291
[debug] [2026-07-25T19:37:34.611Z] Checked if tokens are valid: true, expires at: 1785010310291
[debug] [2026-07-25T19:37:34.611Z] >>> [apiv2][query] GET https://cloudfunctions.googleapis.com/v2/projects/venda-e-faturamento/locations/-/functions filter=environment%3D%22GEN_2%22
[debug] [2026-07-25T19:37:35.991Z] <<< [apiv2][status] GET https://cloudfunctions.googleapis.com/v2/projects/venda-e-faturamento/locations/-/functions 200
[debug] [2026-07-25T19:37:35.991Z] <<< [apiv2][body] GET https://cloudfunctions.googleapis.com/v2/projects/venda-e-faturamento/locations/-/functions {"functions":[{"name":"projects/venda-e-faturamento/locations/us-central1/functions/testarPush","buildConfig":{"build":"projects/83092109834/locations/us-central1/builds/38bc95cd-0f1a-4856-bb29-25eb09ae3533","runtime":"nodejs20","entryPoint":"testarPush","source":{"storageSource":{"bucket":"gcf-v2-sources-83092109834-us-central1","object":"testarPush/function-source.zip","generation":"1783902392061720"}},"environmentVariables":{"GOOGLE_NODE_RUN_SCRIPTS":""},"dockerRepository":"projects/venda-e-faturamento/locations/us-central1/repositories/gcf-artifacts","sourceProvenance":{"resolvedStorageSource":{"bucket":"gcf-v2-sources-83092109834-us-central1","object":"testarPush/function-source.zip","generation":"1783902392061720"}},"dockerRegistry":"ARTIFACT_REGISTRY","serviceAccount":"projects/venda-e-faturamento/serviceAccounts/83092109834-compute@developer.gserviceaccount.com","automaticUpdatePolicy":{}},"serviceConfig":{"service":"projects/venda-e-faturamento/locations/us-central1/services/testarpush","timeoutSeconds":60,"environmentVariables":{"FIREBASE_CONFIG":"{\"projectId\":\"venda-e-faturamento\",\"databaseURL\":\"https://venda-e-faturamento-default-rtdb.firebaseio.com\",\"storageBucket\":\"venda-e-faturamento.firebasestorage.app\"}","GCLOUD_PROJECT":"venda-e-faturamento","EVENTARC_CLOUD_EVENT_SOURCE":"projects/venda-e-faturamento/locations/us-central1/services/testarPush","FUNCTION_TARGET":"testarPush","LOG_EXECUTION_ID":"true","FUNCTION_SIGNATURE_TYPE":"http"},"maxInstanceCount":20,"ingressSettings":"ALLOW_ALL","uri":"https://testarpush-x5dckzzjra-uc.a.run.app","serviceAccountEmail":"83092109834-compute@developer.gserviceaccount.com","availableMemory":"256Mi","allTrafficOnLatestRevision":true,"revision":"testarpush-00002-haw","maxInstanceRequestConcurrency":80,"availableCpu":"1"},"state":"ACTIVE","updateTime":"2026-07-13T00:26:38.914040705Z","labels":{"firebase-functions-hash":"fbd9bb43f35cd408b425fd73c3e5040aaf388b58","deployment-tool":"cli-firebase"},"environment":"GEN_2","url":"https://us-central1-venda-e-faturamento.cloudfunctions.net/testarPush","createTime":"2026-07-12T23:51:27.669498104Z","satisfiesPzi":true},{"name":"projects/venda-e-faturamento/locations/us-central1/functions/lembreteCobranca","buildConfig":{"build":"projects/83092109834/locations/us-central1/builds/38bc95cd-0f1a-4856-bb29-25eb09ae3533","runtime":"nodejs20","entryPoint":"lembreteCobranca","source":{"storageSource":{"bucket":"gcf-v2-sources-83092109834-us-central1","object":"lembreteCobranca/function-source.zip","generation":"1783902336318140"}},"environmentVariables":{"GOOGLE_NODE_RUN_SCRIPTS":""},"dockerRepository":"projects/venda-e-faturamento/locations/us-central1/repositories/gcf-artifacts","sourceProvenance":{"resolvedStorageSource":{"bucket":"gcf-v2-sources-83092109834-us-central1","object":"lembreteCobranca/function-source.zip","generation":"1783902336318140"}},"dockerRegistry":"ARTIFACT_REGISTRY","serviceAccount":"projects/venda-e-faturamento/serviceAccounts/83092109834-compute@developer.gserviceaccount.com","automaticUpdatePolicy":{}},"serviceConfig":{"service":"projects/venda-e-faturamento/locations/us-central1/services/lembretecobranca","timeoutSeconds":60,"environmentVariables":{"FIREBASE_CONFIG":"{\"projectId\":\"venda-e-faturamento\",\"databaseURL\":\"https://venda-e-faturamento-default-rtdb.firebaseio.com\",\"storageBucket\":\"venda-e-faturamento.firebasestorage.app\"}","GCLOUD_PROJECT":"venda-e-faturamento","EVENTARC_CLOUD_EVENT_SOURCE":"projects/venda-e-faturamento/locations/us-central1/services/lembreteCobranca","FUNCTION_TARGET":"lembreteCobranca","LOG_EXECUTION_ID":"true"},"ingressSettings":"ALLOW_ALL","uri":"https://lembretecobranca-x5dckzzjra-uc.a.run.app","serviceAccountEmail":"83092109834-compute@developer.gserviceaccount.com","availableMemory":"256Mi","allTrafficOnLatestRevision":true,"revision":"lembretecobranca-00001-led","maxInstanceRequestConcurrency":80,"availableCpu":"1"},"state":"ACTIVE","updateTime":"2026-07-13T00:26:28.667386030Z","labels":{"deployment-scheduled":"true","firebase-functions-hash":"fbd9bb43f35cd408b425fd73c3e5040aaf388b58","deployment-tool":"cli-firebase"},"environment":"GEN_2","url":"https://us-central1-venda-e-faturamento.cloudfunctions.net/lembreteCobranca","createTime":"2026-07-13T00:25:36.586397097Z","satisfiesPzi":true},{"name":"projects/venda-e-faturamento/locations/us-central1/functions/notificarNovaEntrega","buildConfig":{"build":"projects/83092109834/locations/us-central1/builds/38bc95cd-0f1a-4856-bb29-25eb09ae3533","runtime":"nodejs20","entryPoint":"notificarNovaEntrega","source":{"storageSource":{"bucket":"gcf-v2-sources-83092109834-us-central1","object":"notificarNovaEntrega/function-source.zip","generation":"1783902392159965"}},"environmentVariables":{"GOOGLE_NODE_RUN_SCRIPTS":""},"dockerRepository":"projects/venda-e-faturamento/locations/us-central1/repositories/gcf-artifacts","sourceProvenance":{"resolvedStorageSource":{"bucket":"gcf-v2-sources-83092109834-us-central1","object":"notificarNovaEntrega/function-source.zip","generation":"1783902392159965"}},"dockerRegistry":"ARTIFACT_REGISTRY","serviceAccount":"projects/venda-e-faturamento/serviceAccounts/83092109834-compute@developer.gserviceaccount.com","automaticUpdatePolicy":{}},"serviceConfig":{"service":"projects/venda-e-faturamento/locations/us-central1/services/notificarnovaentrega","timeoutSeconds":60,"environmentVariables":{"FIREBASE_CONFIG":"{\"projectId\":\"venda-e-faturamento\",\"databaseURL\":\"https://venda-e-faturamento-default-rtdb.firebaseio.com\",\"storageBucket\":\"venda-e-faturamento.firebasestorage.app\"}","GCLOUD_PROJECT":"venda-e-faturamento","EVENTARC_CLOUD_EVENT_SOURCE":"projects/venda-e-faturamento/locations/us-central1/services/notificarNovaEntrega","FUNCTION_SIGNATURE_TYPE":"cloudevent","FUNCTION_TARGET":"notificarNovaEntrega","LOG_EXECUTION_ID":"true"},"maxInstanceCount":20,"ingressSettings":"ALLOW_ALL","uri":"https://notificarnovaentrega-x5dckzzjra-uc.a.run.app","serviceAccountEmail":"83092109834-compute@developer.gserviceaccount.com","availableMemory":"256Mi","allTrafficOnLatestRevision":true,"revision":"notificarnovaentrega-00002-lag","maxInstanceRequestConcurrency":80,"availableCpu":"1"},"eventTrigger":{"trigger":"projects/venda-e-faturamento/locations/us-central1/triggers/notificarnovaentrega-921497","triggerRegion":"us-central1","eventType":"google.firebase.database.ref.v1.created","eventFilters":[{"attribute":"ref","value":"usuarios/{usuarioId}/entregas/{entregaId}","operator":"match-path-pattern"},{"attribute":"instance","value":"*","operator":"match-path-pattern"}],"pubsubTopic":"projects/venda-e-faturamento/topics/eventarc-us-central1-notificarnovaentrega-921497-105","serviceAccountEmail":"83092109834-compute@developer.gserviceaccount.com","retryPolicy":"RETRY_POLICY_DO_NOT_RETRY"},"state":"ACTIVE","updateTime":"2026-07-13T00:26:39.530518999Z","labels":{"deployment-tool":"cli-firebase","firebase-functions-hash":"fbd9bb43f35cd408b425fd73c3e5040aaf388b58"},"environment":"GEN_2","url":"https://us-central1-venda-e-faturamento.cloudfunctions.net/notificarNovaEntrega","createTime":"2026-07-12T23:53:16.558517563Z","satisfiesPzi":true},{"name":"projects/venda-e-faturamento/locations/us-central1/functions/testarLembreteCobranca","buildConfig":{"build":"projects/83092109834/locations/us-central1/builds/38bc95cd-0f1a-4856-bb29-25eb09ae3533","runtime":"nodejs20","entryPoint":"testarLembreteCobranca","source":{"storageSource":{"bucket":"gcf-v2-sources-83092109834-us-central1","object":"testarLembreteCobranca/function-source.zip","generation":"1783902391643165"}},"environmentVariables":{"GOOGLE_NODE_RUN_SCRIPTS":""},"dockerRepository":"projects/venda-e-faturamento/locations/us-central1/repositories/gcf-artifacts","sourceProvenance":{"resolvedStorageSource":{"bucket":"gcf-v2-sources-83092109834-us-central1","object":"testarLembreteCobranca/function-source.zip","generation":"1783902391643165"}},"dockerRegistry":"ARTIFACT_REGISTRY","serviceAccount":"projects/venda-e-faturamento/serviceAccounts/83092109834-compute@developer.gserviceaccount.com","automaticUpdatePolicy":{}},"serviceConfig":{"service":"projects/venda-e-faturamento/locations/us-central1/services/testarlembretecobranca","timeoutSeconds":60,"environmentVariables":{"FIREBASE_CONFIG":"{\"projectId\":\"venda-e-faturamento\",\"databaseURL\":\"https://venda-e-faturamento-default-rtdb.firebaseio.com\",\"storageBucket\":\"venda-e-faturamento.firebasestorage.app\"}","GCLOUD_PROJECT":"venda-e-faturamento","EVENTARC_CLOUD_EVENT_SOURCE":"projects/venda-e-faturamento/locations/us-central1/services/testarLembreteCobranca","FUNCTION_TARGET":"testarLembreteCobranca","LOG_EXECUTION_ID":"true","FUNCTION_SIGNATURE_TYPE":"http"},"ingressSettings":"ALLOW_ALL","uri":"https://testarlembretecobranca-x5dckzzjra-uc.a.run.app","serviceAccountEmail":"83092109834-compute@developer.gserviceaccount.com","availableMemory":"256Mi","allTrafficOnLatestRevision":true,"revision":"testarlembretecobranca-00001-zam","maxInstanceRequestConcurrency":80,"availableCpu":"1"},"state":"ACTIVE","updateTime":"2026-07-13T00:26:38.883531958Z","labels":{"deployment-tool":"cli-firebase","firebase-functions-hash":"fbd9bb43f35cd408b425fd73c3e5040aaf388b58"},"environment":"GEN_2","url":"https://us-central1-venda-e-faturamento.cloudfunctions.net/testarLembreteCobranca","createTime":"2026-07-13T00:26:31.870502494Z","satisfiesPzi":true}]}
[info] i  extensions: ensuring required API firebaseextensions.googleapis.com is enabled... 
[debug] [2026-07-25T19:37:35.993Z] > command requires scopes: ["email","openid","https://www.googleapis.com/auth/cloudplatformprojects.readonly","https://www.googleapis.com/auth/firebase","https://www.googleapis.com/auth/cloud-platform"]
[debug] [2026-07-25T19:37:35.993Z] > authorizing via signed-in user (luanr.rigatti@gmail.com)
[debug] [2026-07-25T19:37:35.993Z] [iam] checking project venda-e-faturamento for permissions ["firebase.projects.get","firebaseextensions.instances.list"]
[debug] [2026-07-25T19:37:35.993Z] Checked if tokens are valid: true, expires at: 1785010310291
[debug] [2026-07-25T19:37:35.993Z] Checked if tokens are valid: true, expires at: 1785010310291
[debug] [2026-07-25T19:37:35.993Z] >>> [apiv2][query] POST https://cloudresourcemanager.googleapis.com/v1/projects/venda-e-faturamento:testIamPermissions [none]
[debug] [2026-07-25T19:37:35.993Z] >>> [apiv2][(partial)header] POST https://cloudresourcemanager.googleapis.com/v1/projects/venda-e-faturamento:testIamPermissions  x-goog-user-project=venda-e-faturamento
[debug] [2026-07-25T19:37:35.993Z] >>> [apiv2][body] POST https://cloudresourcemanager.googleapis.com/v1/projects/venda-e-faturamento:testIamPermissions {"permissions":["firebase.projects.get","firebaseextensions.instances.list"]}
[debug] [2026-07-25T19:37:36.820Z] <<< [apiv2][status] POST https://cloudresourcemanager.googleapis.com/v1/projects/venda-e-faturamento:testIamPermissions 200
[debug] [2026-07-25T19:37:36.820Z] <<< [apiv2][body] POST https://cloudresourcemanager.googleapis.com/v1/projects/venda-e-faturamento:testIamPermissions {"permissions":["firebase.projects.get","firebaseextensions.instances.list"]}
[debug] [2026-07-25T19:37:36.820Z] Checked if tokens are valid: true, expires at: 1785010310291
[debug] [2026-07-25T19:37:36.820Z] Checked if tokens are valid: true, expires at: 1785010310291
[debug] [2026-07-25T19:37:36.820Z] >>> [apiv2][query] GET https://firebaseextensions.googleapis.com/v1beta/projects/venda-e-faturamento/instances pageSize=100&pageToken=
[debug] [2026-07-25T19:37:37.888Z] <<< [apiv2][status] GET https://firebaseextensions.googleapis.com/v1beta/projects/venda-e-faturamento/instances 200
[debug] [2026-07-25T19:37:37.888Z] <<< [apiv2][body] GET https://firebaseextensions.googleapis.com/v1beta/projects/venda-e-faturamento/instances {}
[debug] [2026-07-25T19:37:37.889Z] Checked if tokens are valid: true, expires at: 1785010310291
[debug] [2026-07-25T19:37:37.889Z] Checked if tokens are valid: true, expires at: 1785010310291
[debug] [2026-07-25T19:37:37.889Z] >>> [apiv2][query] GET https://secretmanager.googleapis.com/v1/projects/venda-e-faturamento/secrets/GOOGLE_MAPS_SERVER_API_KEY [none]
[debug] [2026-07-25T19:37:38.454Z] <<< [apiv2][status] GET https://secretmanager.googleapis.com/v1/projects/venda-e-faturamento/secrets/GOOGLE_MAPS_SERVER_API_KEY 200
[debug] [2026-07-25T19:37:38.454Z] <<< [apiv2][body] GET https://secretmanager.googleapis.com/v1/projects/venda-e-faturamento/secrets/GOOGLE_MAPS_SERVER_API_KEY {"name":"projects/83092109834/secrets/GOOGLE_MAPS_SERVER_API_KEY","replication":{"automatic":{}},"createTime":"2026-07-25T19:24:44.748636Z","labels":{"firebase-managed":"functions"},"etag":"\"165774711e26c0\""}
[debug] [2026-07-25T19:37:38.454Z] Checked if tokens are valid: true, expires at: 1785010310291
[debug] [2026-07-25T19:37:38.454Z] Checked if tokens are valid: true, expires at: 1785010310291
[debug] [2026-07-25T19:37:38.454Z] >>> [apiv2][query] GET https://secretmanager.googleapis.com/v1/projects/venda-e-faturamento/secrets/GOOGLE_MAPS_SERVER_API_KEY/versions/latest [none]
[debug] [2026-07-25T19:37:38.701Z] <<< [apiv2][status] GET https://secretmanager.googleapis.com/v1/projects/venda-e-faturamento/secrets/GOOGLE_MAPS_SERVER_API_KEY/versions/latest 200
[debug] [2026-07-25T19:37:38.701Z] <<< [apiv2][body] GET https://secretmanager.googleapis.com/v1/projects/venda-e-faturamento/secrets/GOOGLE_MAPS_SERVER_API_KEY/versions/latest {"name":"projects/83092109834/secrets/GOOGLE_MAPS_SERVER_API_KEY/versions/2","createTime":"2026-07-25T19:36:08.757548Z","state":"ENABLED","replicationStatus":{"automatic":{}},"etag":"\"16577499d1e92c\""}
[info] i  functions: preparing functions directory for uploading... 
[info] i  functions: packaged C:\Projetos\PAReact\functions (38.08 KB) for uploading 
[info] i  functions: ensuring required API cloudscheduler.googleapis.com is enabled... 
[info] i  functions: ensuring required API run.googleapis.com is enabled... 
[info] i  functions: ensuring required API eventarc.googleapis.com is enabled... 
[info] i  functions: ensuring required API pubsub.googleapis.com is enabled... 
[info] i  functions: ensuring required API storage.googleapis.com is enabled... 
[info] i  functions: generating the service identity for pubsub.googleapis.com... 
[debug] [2026-07-25T19:37:38.718Z] Checked if tokens are valid: true, expires at: 1785010310291
[debug] [2026-07-25T19:37:38.718Z] Checked if tokens are valid: true, expires at: 1785010310291
[info] i  functions: generating the service identity for eventarc.googleapis.com... 
[debug] [2026-07-25T19:37:38.718Z] Checked if tokens are valid: true, expires at: 1785010310291
[debug] [2026-07-25T19:37:38.718Z] Checked if tokens are valid: true, expires at: 1785010310291
[debug] [2026-07-25T19:37:38.718Z] >>> [apiv2][query] POST https://serviceusage.googleapis.com/v1beta1/projects/83092109834/services/pubsub.googleapis.com:generateServiceIdentity [none]
[debug] [2026-07-25T19:37:38.718Z] >>> [apiv2][(partial)header] POST https://serviceusage.googleapis.com/v1beta1/projects/83092109834/services/pubsub.googleapis.com:generateServiceIdentity  x-goog-user-project=83092109834
[debug] [2026-07-25T19:37:38.718Z] >>> [apiv2][body] POST https://serviceusage.googleapis.com/v1beta1/projects/83092109834/services/pubsub.googleapis.com:generateServiceIdentity {}
[debug] [2026-07-25T19:37:38.719Z] >>> [apiv2][query] POST https://serviceusage.googleapis.com/v1beta1/projects/83092109834/services/eventarc.googleapis.com:generateServiceIdentity [none]
[debug] [2026-07-25T19:37:38.719Z] >>> [apiv2][(partial)header] POST https://serviceusage.googleapis.com/v1beta1/projects/83092109834/services/eventarc.googleapis.com:generateServiceIdentity  x-goog-user-project=83092109834
[debug] [2026-07-25T19:37:38.719Z] >>> [apiv2][body] POST https://serviceusage.googleapis.com/v1beta1/projects/83092109834/services/eventarc.googleapis.com:generateServiceIdentity {}
[debug] [2026-07-25T19:37:39.814Z] <<< [apiv2][status] POST https://serviceusage.googleapis.com/v1beta1/projects/83092109834/services/eventarc.googleapis.com:generateServiceIdentity 200
[debug] [2026-07-25T19:37:39.815Z] <<< [apiv2][body] POST https://serviceusage.googleapis.com/v1beta1/projects/83092109834/services/eventarc.googleapis.com:generateServiceIdentity {"name":"operations/finished.DONE_OPERATION","done":true,"response":{"@type":"type.googleapis.com/google.api.serviceusage.v1beta1.ServiceIdentity","email":"service-83092109834@gcp-sa-eventarc.iam.gserviceaccount.com","uniqueId":"103916931114758076959"}}
[debug] [2026-07-25T19:37:39.821Z] <<< [apiv2][status] POST https://serviceusage.googleapis.com/v1beta1/projects/83092109834/services/pubsub.googleapis.com:generateServiceIdentity 200
[debug] [2026-07-25T19:37:39.821Z] <<< [apiv2][body] POST https://serviceusage.googleapis.com/v1beta1/projects/83092109834/services/pubsub.googleapis.com:generateServiceIdentity {"name":"operations/finished.DONE_OPERATION","done":true,"response":{"@type":"type.googleapis.com/google.api.serviceusage.v1beta1.ServiceIdentity","email":"service-83092109834@gcp-sa-pubsub.iam.gserviceaccount.com","uniqueId":"104097215638224079173"}}
[info] i  functions: ensuring required API secretmanager.googleapis.com is enabled... 
[debug] [2026-07-25T19:37:39.822Z] Checked if tokens are valid: true, expires at: 1785010310291
[debug] [2026-07-25T19:37:39.822Z] Checked if tokens are valid: true, expires at: 1785010310291
[debug] [2026-07-25T19:37:39.822Z] >>> [apiv2][query] GET https://serviceusage.googleapis.com/v1/projects/83092109834/services/secretmanager.googleapis.com [none]
[debug] [2026-07-25T19:37:39.822Z] >>> [apiv2][(partial)header] GET https://serviceusage.googleapis.com/v1/projects/83092109834/services/secretmanager.googleapis.com  x-goog-user-project=83092109834
[debug] [2026-07-25T19:37:40.141Z] <<< [apiv2][status] GET https://serviceusage.googleapis.com/v1/projects/83092109834/services/secretmanager.googleapis.com 200
[debug] [2026-07-25T19:37:40.141Z] <<< [apiv2][body] GET https://serviceusage.googleapis.com/v1/projects/83092109834/services/secretmanager.googleapis.com [omitted]
[info] +  functions: required API secretmanager.googleapis.com is enabled 
[debug] [2026-07-25T19:37:40.146Z] Checked if tokens are valid: true, expires at: 1785010310291
[debug] [2026-07-25T19:37:40.147Z] Checked if tokens are valid: true, expires at: 1785010310291
[debug] [2026-07-25T19:37:40.147Z] >>> [apiv2][query] GET https://secretmanager.googleapis.com/v1/projects/venda-e-faturamento/secrets/GOOGLE_MAPS_SERVER_API_KEY/versions/latest [none]
[debug] [2026-07-25T19:37:40.391Z] <<< [apiv2][status] GET https://secretmanager.googleapis.com/v1/projects/venda-e-faturamento/secrets/GOOGLE_MAPS_SERVER_API_KEY/versions/latest 200
[debug] [2026-07-25T19:37:40.391Z] <<< [apiv2][body] GET https://secretmanager.googleapis.com/v1/projects/venda-e-faturamento/secrets/GOOGLE_MAPS_SERVER_API_KEY/versions/latest {"name":"projects/83092109834/secrets/GOOGLE_MAPS_SERVER_API_KEY/versions/2","createTime":"2026-07-25T19:36:08.757548Z","state":"ENABLED","replicationStatus":{"automatic":{}},"etag":"\"16577499d1e92c\""}
[debug] [2026-07-25T19:37:40.392Z] Resolved secret version of GOOGLE_MAPS_SERVER_API_KEY to 2.
[debug] [2026-07-25T19:37:40.392Z] Checked if tokens are valid: true, expires at: 1785010310291
[debug] [2026-07-25T19:37:40.393Z] Checked if tokens are valid: true, expires at: 1785010310291
[debug] [2026-07-25T19:37:40.393Z] >>> [apiv2][query] GET https://cloudresourcemanager.googleapis.com/v1/projects/venda-e-faturamento [none]
[debug] [2026-07-25T19:37:40.597Z] <<< [apiv2][status] GET https://cloudresourcemanager.googleapis.com/v1/projects/venda-e-faturamento 200
[debug] [2026-07-25T19:37:40.597Z] <<< [apiv2][body] GET https://cloudresourcemanager.googleapis.com/v1/projects/venda-e-faturamento {"projectNumber":"83092109834","projectId":"venda-e-faturamento","lifecycleState":"ACTIVE","name":"Venda e Faturamento","labels":{"firebase":"enabled","firebase-core":"disabled"},"createTime":"2026-05-22T11:33:38.894Z"}
[debug] [2026-07-25T19:37:40.597Z] Checked if tokens are valid: true, expires at: 1785010310291
[debug] [2026-07-25T19:37:40.597Z] Checked if tokens are valid: true, expires at: 1785010310291
[debug] [2026-07-25T19:37:40.597Z] >>> [apiv2][query] GET https://compute.googleapis.com/compute/v1/projects/83092109834 [none]
[debug] [2026-07-25T19:37:40.977Z] <<< [apiv2][status] GET https://compute.googleapis.com/compute/v1/projects/83092109834 403
[debug] [2026-07-25T19:37:40.977Z] <<< [apiv2][body] GET https://compute.googleapis.com/compute/v1/projects/83092109834 {"error":{"code":403,"message":"Compute Engine API has not been used in project 83092109834 before or it is disabled. Enable it by visiting https://console.developers.google.com/apis/api/compute.googleapis.com/overview?project=83092109834 then retry. If you enabled this API recently, wait a few minutes for the action to propagate to our systems and retry.","errors":[{"message":"Compute Engine API has not been used in project 83092109834 before or it is disabled. Enable it by visiting https://console.developers.google.com/apis/api/compute.googleapis.com/overview?project=83092109834 then retry. If you enabled this API recently, wait a few minutes for the action to propagate to our systems and retry.","domain":"usageLimits","reason":"accessNotConfigured","extendedHelp":"https://console.developers.google.com"}],"status":"PERMISSION_DENIED","details":[{"@type":"type.googleapis.com/google.rpc.ErrorInfo","reason":"SERVICE_DISABLED","domain":"googleapis.com","metadata":{"containerInfo":"83092109834","activationUrl":"https://console.developers.google.com/apis/api/compute.googleapis.com/overview?project=83092109834","service":"compute.googleapis.com","serviceTitle":"Compute Engine API","consumer":"projects/83092109834"}},{"@type":"type.googleapis.com/google.rpc.LocalizedMessage","locale":"en-US","message":"Compute Engine API has not been used in project 83092109834 before or it is disabled. Enable it by visiting https://console.developers.google.com/apis/api/compute.googleapis.com/overview?project=83092109834 then retry. If you enabled this API recently, wait a few minutes for the action to propagate to our systems and retry."},{"@type":"type.googleapis.com/google.rpc.Help","links":[{"description":"Google developers console API activation","url":"https://console.developers.google.com/apis/api/compute.googleapis.com/overview?project=83092109834"}]}]}}
[debug] [2026-07-25T19:37:40.977Z] unable to look up default compute service account. Falling back to 83092109834-compute@developer.gserviceaccount.com. Error: {"name":"FirebaseError","children":[],"context":{"body":{"error":{"code":403,"message":"Compute Engine API has not been used in project 83092109834 before or it is disabled. Enable it by visiting https://console.developers.google.com/apis/api/compute.googleapis.com/overview?project=83092109834 then retry. If you enabled this API recently, wait a few minutes for the action to propagate to our systems and retry.","errors":[{"message":"Compute Engine API has not been used in project 83092109834 before or it is disabled. Enable it by visiting https://console.developers.google.com/apis/api/compute.googleapis.com/overview?project=83092109834 then retry. If you enabled this API recently, wait a few minutes for the action to propagate to our systems and retry.","domain":"usageLimits","reason":"accessNotConfigured","extendedHelp":"https://console.developers.google.com"}],"status":"PERMISSION_DENIED","details":[{"@type":"type.googleapis.com/google.rpc.ErrorInfo","reason":"SERVICE_DISABLED","domain":"googleapis.com","metadata":{"containerInfo":"83092109834","activationUrl":"https://console.developers.google.com/apis/api/compute.googleapis.com/overview?project=83092109834","service":"compute.googleapis.com","serviceTitle":"Compute Engine API","consumer":"projects/83092109834"}},{"@type":"type.googleapis.com/google.rpc.LocalizedMessage","locale":"en-US","message":"Compute Engine API has not been used in project 83092109834 before or it is disabled. Enable it by visiting https://console.developers.google.com/apis/api/compute.googleapis.com/overview?project=83092109834 then retry. If you enabled this API recently, wait a few minutes for the action to propagate to our systems and retry."},{"@type":"type.googleapis.com/google.rpc.Help","links":[{"description":"Google developers console API activation","url":"https://console.developers.google.com/apis/api/compute.googleapis.com/overview?project=83092109834"}]}]}},"response":{"statusCode":403}},"exit":1,"message":"Request to https://compute.googleapis.com/compute/v1/projects/83092109834 had HTTP Error: 403, Compute Engine API has not been used in project 83092109834 before or it is disabled. Enable it by visiting https://console.developers.google.com/apis/api/compute.googleapis.com/overview?project=83092109834 then retry. If you enabled this API recently, wait a few minutes for the action to propagate to our systems and retry.","status":403}
[info] i  functions: ensuring 83092109834-compute@developer.gserviceaccount.com access to secret GOOGLE_MAPS_SERVER_API_KEY. 
[debug] [2026-07-25T19:37:40.978Z] Checked if tokens are valid: true, expires at: 1785010310291
[debug] [2026-07-25T19:37:40.978Z] Checked if tokens are valid: true, expires at: 1785010310291
[debug] [2026-07-25T19:37:40.978Z] >>> [apiv2][query] GET https://secretmanager.googleapis.com/v1/projects/venda-e-faturamento/secrets/GOOGLE_MAPS_SERVER_API_KEY:getIamPolicy [none]
[debug] [2026-07-25T19:37:41.491Z] <<< [apiv2][status] GET https://secretmanager.googleapis.com/v1/projects/venda-e-faturamento/secrets/GOOGLE_MAPS_SERVER_API_KEY:getIamPolicy 200
[debug] [2026-07-25T19:37:41.491Z] <<< [apiv2][body] GET https://secretmanager.googleapis.com/v1/projects/venda-e-faturamento/secrets/GOOGLE_MAPS_SERVER_API_KEY:getIamPolicy {"etag":"ACAB"}
[debug] [2026-07-25T19:37:41.491Z] Checked if tokens are valid: true, expires at: 1785010310291
[debug] [2026-07-25T19:37:41.491Z] Checked if tokens are valid: true, expires at: 1785010310291
[debug] [2026-07-25T19:37:41.491Z] >>> [apiv2][query] POST https://secretmanager.googleapis.com/v1/projects/venda-e-faturamento/secrets/GOOGLE_MAPS_SERVER_API_KEY:setIamPolicy [none]
[debug] [2026-07-25T19:37:41.491Z] >>> [apiv2][body] POST https://secretmanager.googleapis.com/v1/projects/venda-e-faturamento/secrets/GOOGLE_MAPS_SERVER_API_KEY:setIamPolicy {"policy":{"bindings":[{"role":"roles/secretmanager.secretAccessor","members":["serviceAccount:83092109834-compute@developer.gserviceaccount.com"]}]},"updateMask":"bindings"}
[debug] [2026-07-25T19:37:42.040Z] <<< [apiv2][status] POST https://secretmanager.googleapis.com/v1/projects/venda-e-faturamento/secrets/GOOGLE_MAPS_SERVER_API_KEY:setIamPolicy 200
[debug] [2026-07-25T19:37:42.040Z] <<< [apiv2][body] POST https://secretmanager.googleapis.com/v1/projects/venda-e-faturamento/secrets/GOOGLE_MAPS_SERVER_API_KEY:setIamPolicy {"version":1,"etag":"BwZXdJ9UUAw=","bindings":[{"role":"roles/secretmanager.secretAccessor","members":["serviceAccount:83092109834-compute@developer.gserviceaccount.com"]}]}
[info] +  secretmanager: Granted roles/secretmanager.secretAccessor on projects/venda-e-faturamento/secrets/GOOGLE_MAPS_SERVER_API_KEY to 83092109834-compute@developer.gserviceaccount.com 
[info] +  functions: ensured 83092109834-compute@developer.gserviceaccount.com access to GOOGLE_MAPS_SERVER_API_KEY. 
[debug] [2026-07-25T19:37:42.042Z] Checked if tokens are valid: true, expires at: 1785010310291
[debug] [2026-07-25T19:37:42.042Z] Checked if tokens are valid: true, expires at: 1785010310291
[debug] [2026-07-25T19:37:42.042Z] >>> [apiv2][query] GET https://cloudbilling.googleapis.com/v1/projects/venda-e-faturamento/billingInfo [none]
[debug] [2026-07-25T19:37:42.042Z] >>> [apiv2][(partial)header] GET https://cloudbilling.googleapis.com/v1/projects/venda-e-faturamento/billingInfo  x-goog-user-project=venda-e-faturamento
[debug] [2026-07-25T19:37:43.166Z] <<< [apiv2][status] GET https://cloudbilling.googleapis.com/v1/projects/venda-e-faturamento/billingInfo 200
[debug] [2026-07-25T19:37:43.166Z] <<< [apiv2][body] GET https://cloudbilling.googleapis.com/v1/projects/venda-e-faturamento/billingInfo {"name":"projects/venda-e-faturamento/billingInfo","projectId":"venda-e-faturamento","billingAccountName":"billingAccounts/0104FA-7922C8-145345","billingEnabled":true}
[debug] [2026-07-25T19:37:43.166Z] [functions] found 1 new HTTP functions, testing setIamPolicy permission...
[debug] [2026-07-25T19:37:43.166Z] Checked if tokens are valid: true, expires at: 1785010310291
[debug] [2026-07-25T19:37:43.166Z] Checked if tokens are valid: true, expires at: 1785010310291
[debug] [2026-07-25T19:37:43.166Z] >>> [apiv2][query] POST https://cloudresourcemanager.googleapis.com/v1/projects/venda-e-faturamento:testIamPermissions [none]
[debug] [2026-07-25T19:37:43.166Z] >>> [apiv2][(partial)header] POST https://cloudresourcemanager.googleapis.com/v1/projects/venda-e-faturamento:testIamPermissions  x-goog-user-project=venda-e-faturamento
[debug] [2026-07-25T19:37:43.166Z] >>> [apiv2][body] POST https://cloudresourcemanager.googleapis.com/v1/projects/venda-e-faturamento:testIamPermissions {"permissions":["cloudfunctions.functions.setIamPolicy"]}
[debug] [2026-07-25T19:37:43.330Z] <<< [apiv2][status] POST https://cloudresourcemanager.googleapis.com/v1/projects/venda-e-faturamento:testIamPermissions 200
[debug] [2026-07-25T19:37:43.330Z] <<< [apiv2][body] POST https://cloudresourcemanager.googleapis.com/v1/projects/venda-e-faturamento:testIamPermissions {"permissions":["cloudfunctions.functions.setIamPolicy"]}
[debug] [2026-07-25T19:37:43.330Z] [functions] found setIamPolicy permission, proceeding with deploy
[debug] [2026-07-25T19:37:43.330Z] Checked if tokens are valid: true, expires at: 1785010310291
[debug] [2026-07-25T19:37:43.330Z] Checked if tokens are valid: true, expires at: 1785010310291
[debug] [2026-07-25T19:37:43.331Z] >>> [apiv2][query] POST https://cloudfunctions.googleapis.com/v2/projects/venda-e-faturamento/locations/us-central1/functions:generateUploadUrl [none]
[debug] [2026-07-25T19:37:44.442Z] <<< [apiv2][status] POST https://cloudfunctions.googleapis.com/v2/projects/venda-e-faturamento/locations/us-central1/functions:generateUploadUrl 200
[debug] [2026-07-25T19:37:44.442Z] <<< [apiv2][body] POST https://cloudfunctions.googleapis.com/v2/projects/venda-e-faturamento/locations/us-central1/functions:generateUploadUrl {"uploadUrl":"https://storage.googleapis.com/gcf-v2-uploads-83092109834.us-central1.cloudfunctions.appspot.com/d27b321c-2d96-43cf-af39-034a4bd5937a.zip?GoogleAccessId=service-83092109834@gcf-admin-robot.iam.gserviceaccount.com&Expires=1785010063&Signature=ZdUqcIcbmqCqiSM9RK5XNfdrF4aEmmI64oiHSE1CiR8Xz4IJIzJppww5TBwPgbRrnpY%2Fn2c5m56MCT5kFIyb3vQzr40qzDyHxlQozK2oS4znjX1en%2BnCRpWlURt1s7RA82Y4ZRAC27G3egvy8u7QwWZcgdOymgwV%2BHn5JEr1u4WkLfb4yHnJ6CUpLKUIUnwLghIGnSkO0BZ%2FJwoODYDEibrhWQssN5eoVCDH%2Fjy4I54yZwhR6RWH0Yq1sIWERzUAuUGfFf06T5nsl8uvuejBvy%2Bq%2B8fO1QVoYcoo6QmFQbY9erqkUpgPqejEE6Tl%2BarpL9NkNN7t1vQeWF5gRChSAA%3D%3D","storageSource":{"bucket":"gcf-v2-uploads-83092109834.us-central1.cloudfunctions.appspot.com","object":"d27b321c-2d96-43cf-af39-034a4bd5937a.zip"}}
[debug] [2026-07-25T19:37:44.442Z] >>> [apiv2][query] PUT https://storage.googleapis.com/gcf-v2-uploads-83092109834.us-central1.cloudfunctions.appspot.com/d27b321c-2d96-43cf-af39-034a4bd5937a.zip GoogleAccessId=service-83092109834%40gcf-admin-robot.iam.gserviceaccount.com&Expires=1785010063&Signature=ZdUqcIcbmqCqiSM9RK5XNfdrF4aEmmI64oiHSE1CiR8Xz4IJIzJppww5TBwPgbRrnpY%2Fn2c5m56MCT5kFIyb3vQzr40qzDyHxlQozK2oS4znjX1en%2BnCRpWlURt1s7RA82Y4ZRAC27G3egvy8u7QwWZcgdOymgwV%2BHn5JEr1u4WkLfb4yHnJ6CUpLKUIUnwLghIGnSkO0BZ%2FJwoODYDEibrhWQssN5eoVCDH%2Fjy4I54yZwhR6RWH0Yq1sIWERzUAuUGfFf06T5nsl8uvuejBvy%2Bq%2B8fO1QVoYcoo6QmFQbY9erqkUpgPqejEE6Tl%2BarpL9NkNN7t1vQeWF5gRChSAA%3D%3D
[debug] [2026-07-25T19:37:44.442Z] >>> [apiv2][body] PUT https://storage.googleapis.com/gcf-v2-uploads-83092109834.us-central1.cloudfunctions.appspot.com/d27b321c-2d96-43cf-af39-034a4bd5937a.zip [stream]
[debug] [2026-07-25T19:37:44.988Z] <<< [apiv2][status] PUT https://storage.googleapis.com/gcf-v2-uploads-83092109834.us-central1.cloudfunctions.appspot.com/d27b321c-2d96-43cf-af39-034a4bd5937a.zip 200
[debug] [2026-07-25T19:37:44.988Z] <<< [apiv2][body] PUT https://storage.googleapis.com/gcf-v2-uploads-83092109834.us-central1.cloudfunctions.appspot.com/d27b321c-2d96-43cf-af39-034a4bd5937a.zip [omitted]
[info] +  functions: functions source uploaded successfully 
[info] i  functions: creating Node.js 20 (2nd Gen) function routeProxy(us-central1)... 
[debug] [2026-07-25T19:37:44.990Z] Checked if tokens are valid: true, expires at: 1785010310291
[debug] [2026-07-25T19:37:44.990Z] Checked if tokens are valid: true, expires at: 1785010310291
[debug] [2026-07-25T19:37:44.990Z] >>> [apiv2][query] POST https://cloudfunctions.googleapis.com/v2/projects/venda-e-faturamento/locations/us-central1/functions functionId=routeProxy
[debug] [2026-07-25T19:37:44.990Z] >>> [apiv2][body] POST https://cloudfunctions.googleapis.com/v2/projects/venda-e-faturamento/locations/us-central1/functions {"name":"projects/venda-e-faturamento/locations/us-central1/functions/routeProxy","buildConfig":{"runtime":"nodejs20","entryPoint":"routeProxy","source":{"storageSource":{"bucket":"gcf-v2-uploads-83092109834.us-central1.cloudfunctions.appspot.com","object":"d27b321c-2d96-43cf-af39-034a4bd5937a.zip"}},"environmentVariables":{"GOOGLE_NODE_RUN_SCRIPTS":""}},"serviceConfig":{"environmentVariables":{"FIREBASE_CONFIG":"{\"projectId\":\"venda-e-faturamento\",\"databaseURL\":\"https://venda-e-faturamento-default-rtdb.firebaseio.com\",\"storageBucket\":\"venda-e-faturamento.firebasestorage.app\"}","GCLOUD_PROJECT":"venda-e-faturamento","EVENTARC_CLOUD_EVENT_SOURCE":"projects/venda-e-faturamento/locations/us-central1/services/routeProxy","FUNCTION_TARGET":"routeProxy","LOG_EXECUTION_ID":"true"},"secretEnvironmentVariables":[{"key":"GOOGLE_MAPS_SERVER_API_KEY","secret":"GOOGLE_MAPS_SERVER_API_KEY","projectId":"venda-e-faturamento","version":"2"}],"ingressSettings":null,"timeoutSeconds":30,"serviceAccountEmail":null,"availableMemory":"256Mi","minInstanceCount":null,"maxInstanceCount":null,"maxInstanceRequestConcurrency":80,"availableCpu":"1","vpcConnector":null,"vpcConnectorEgressSettings":null,"directVpcNetworkInterface":null,"directVpcEgress":null},"labels":{"deployment-tool":"cli-firebase","firebase-functions-hash":"b2e35e905c4549e0ff654ffed720f2ccc9692473"}}
[debug] [2026-07-25T19:37:46.559Z] <<< [apiv2][status] POST https://cloudfunctions.googleapis.com/v2/projects/venda-e-faturamento/locations/us-central1/functions 200
[debug] [2026-07-25T19:37:46.559Z] <<< [apiv2][body] POST https://cloudfunctions.googleapis.com/v2/projects/venda-e-faturamento/locations/us-central1/functions {"name":"projects/venda-e-faturamento/locations/us-central1/operations/operation-1785008265106-657749f901418-9fce189a-25e8bee4","metadata":{"@type":"type.googleapis.com/google.cloud.functions.v2.OperationMetadata","createTime":"2026-07-25T19:37:45.671386463Z","target":"projects/venda-e-faturamento/locations/us-central1/functions/routeProxy","verb":"create","cancelRequested":false,"apiVersion":"v2"},"done":false}
[debug] [2026-07-25T19:37:46.560Z] Checked if tokens are valid: true, expires at: 1785010310291
[debug] [2026-07-25T19:37:46.560Z] Checked if tokens are valid: true, expires at: 1785010310291
[debug] [2026-07-25T19:37:46.560Z] >>> [apiv2][query] GET https://cloudfunctions.googleapis.com/v2/projects/venda-e-faturamento/locations/us-central1/operations/operation-1785008265106-657749f901418-9fce189a-25e8bee4 [none]
[debug] [2026-07-25T19:37:46.841Z] <<< [apiv2][status] GET https://cloudfunctions.googleapis.com/v2/projects/venda-e-faturamento/locations/us-central1/operations/operation-1785008265106-657749f901418-9fce189a-25e8bee4 200
[debug] [2026-07-25T19:37:46.841Z] <<< [apiv2][body] GET https://cloudfunctions.googleapis.com/v2/projects/venda-e-faturamento/locations/us-central1/operations/operation-1785008265106-657749f901418-9fce189a-25e8bee4 {"name":"projects/venda-e-faturamento/locations/us-central1/operations/operation-1785008265106-657749f901418-9fce189a-25e8bee4","metadata":{"@type":"type.googleapis.com/google.cloud.functions.v2.OperationMetadata","createTime":"2026-07-25T19:37:45.671386463Z","target":"projects/venda-e-faturamento/locations/us-central1/functions/routeProxy","verb":"create","cancelRequested":false,"apiVersion":"v2","requestResource":{"@type":"type.googleapis.com/google.cloud.functions.v2.Function","name":"projects/venda-e-faturamento/locations/us-central1/functions/routeProxy","buildConfig":{"runtime":"nodejs20","entryPoint":"routeProxy","source":{"storageSource":{"bucket":"gcf-v2-sources-83092109834-us-central1","object":"routeProxy/function-source.zip","generation":"1785008265376138"}},"environmentVariables":{"GOOGLE_NODE_RUN_SCRIPTS":""},"serviceAccount":"projects/venda-e-faturamento/serviceAccounts/83092109834-compute@developer.gserviceaccount.com","automaticUpdatePolicy":{}},"serviceConfig":{"service":"projects/venda-e-faturamento/locations/us-central1/services/routeproxy","timeoutSeconds":30,"environmentVariables":{"FIREBASE_CONFIG":"{\"projectId\":\"venda-e-faturamento\",\"databaseURL\":\"https://venda-e-faturamento-default-rtdb.firebaseio.com\",\"storageBucket\":\"venda-e-faturamento.firebasestorage.app\"}","GCLOUD_PROJECT":"venda-e-faturamento","EVENTARC_CLOUD_EVENT_SOURCE":"projects/venda-e-faturamento/locations/us-central1/services/routeProxy","FUNCTION_TARGET":"routeProxy","LOG_EXECUTION_ID":"true"},"ingressSettings":"ALLOW_ALL","serviceAccountEmail":"83092109834-compute@developer.gserviceaccount.com","availableMemory":"256Mi","secretEnvironmentVariables":[{"key":"GOOGLE_MAPS_SERVER_API_KEY","projectId":"venda-e-faturamento","secret":"GOOGLE_MAPS_SERVER_API_KEY","version":"2"}],"maxInstanceRequestConcurrency":80,"availableCpu":"1"},"labels":{"deployment-tool":"cli-firebase","firebase-functions-hash":"b2e35e905c4549e0ff654ffed720f2ccc9692473"},"environment":"GEN_2"},"stages":[{"name":"BUILD","state":"NOT_STARTED","stateMessages":[{"severity":"WARNING","type":"BuildAnalysisWarning","message":"Node.js 20 is no longer supported by the Node.js community as of 30 April, 2026. Runtime nodejs20 is currently deprecated for Cloud Functions. We recommend you to upgrade to the latest version of Node.js as soon as possible."}]},{"name":"SERVICE","state":"NOT_STARTED"}],"operationType":"CREATE_FUNCTION"},"done":false}
[debug] [2026-07-25T19:37:47.347Z] [create-default-us-central1-routeProxy] Retrying task index 0
[debug] [2026-07-25T19:37:47.347Z] Checked if tokens are valid: true, expires at: 1785010310291
[debug] [2026-07-25T19:37:47.347Z] Checked if tokens are valid: true, expires at: 1785010310291
[debug] [2026-07-25T19:37:47.347Z] >>> [apiv2][query] GET https://cloudfunctions.googleapis.com/v2/projects/venda-e-faturamento/locations/us-central1/operations/operation-1785008265106-657749f901418-9fce189a-25e8bee4 [none]
[debug] [2026-07-25T19:37:48.312Z] <<< [apiv2][status] GET https://cloudfunctions.googleapis.com/v2/projects/venda-e-faturamento/locations/us-central1/operations/operation-1785008265106-657749f901418-9fce189a-25e8bee4 200
[debug] [2026-07-25T19:37:48.312Z] <<< [apiv2][body] GET https://cloudfunctions.googleapis.com/v2/projects/venda-e-faturamento/locations/us-central1/operations/operation-1785008265106-657749f901418-9fce189a-25e8bee4 {"name":"projects/venda-e-faturamento/locations/us-central1/operations/operation-1785008265106-657749f901418-9fce189a-25e8bee4","metadata":{"@type":"type.googleapis.com/google.cloud.functions.v2.OperationMetadata","createTime":"2026-07-25T19:37:45.671386463Z","target":"projects/venda-e-faturamento/locations/us-central1/functions/routeProxy","verb":"create","cancelRequested":false,"apiVersion":"v2","requestResource":{"@type":"type.googleapis.com/google.cloud.functions.v2.Function","name":"projects/venda-e-faturamento/locations/us-central1/functions/routeProxy","buildConfig":{"runtime":"nodejs20","entryPoint":"routeProxy","source":{"storageSource":{"bucket":"gcf-v2-sources-83092109834-us-central1","object":"routeProxy/function-source.zip","generation":"1785008265376138"}},"environmentVariables":{"GOOGLE_NODE_RUN_SCRIPTS":""},"serviceAccount":"projects/venda-e-faturamento/serviceAccounts/83092109834-compute@developer.gserviceaccount.com","automaticUpdatePolicy":{}},"serviceConfig":{"service":"projects/venda-e-faturamento/locations/us-central1/services/routeproxy","timeoutSeconds":30,"environmentVariables":{"FIREBASE_CONFIG":"{\"projectId\":\"venda-e-faturamento\",\"databaseURL\":\"https://venda-e-faturamento-default-rtdb.firebaseio.com\",\"storageBucket\":\"venda-e-faturamento.firebasestorage.app\"}","GCLOUD_PROJECT":"venda-e-faturamento","EVENTARC_CLOUD_EVENT_SOURCE":"projects/venda-e-faturamento/locations/us-central1/services/routeProxy","FUNCTION_TARGET":"routeProxy","LOG_EXECUTION_ID":"true"},"ingressSettings":"ALLOW_ALL","serviceAccountEmail":"83092109834-compute@developer.gserviceaccount.com","availableMemory":"256Mi","secretEnvironmentVariables":[{"key":"GOOGLE_MAPS_SERVER_API_KEY","projectId":"venda-e-faturamento","secret":"GOOGLE_MAPS_SERVER_API_KEY","version":"2"}],"maxInstanceRequestConcurrency":80,"availableCpu":"1"},"labels":{"deployment-tool":"cli-firebase","firebase-functions-hash":"b2e35e905c4549e0ff654ffed720f2ccc9692473"},"environment":"GEN_2"},"stages":[{"name":"BUILD","message":"Build in progress","state":"IN_PROGRESS","resource":"projects/83092109834/locations/us-central1/builds/cccbd036-fe18-44dd-a9d6-98ae3aa7efac","resourceUri":"https://console.cloud.google.com/cloud-build/builds;region=us-central1/cccbd036-fe18-44dd-a9d6-98ae3aa7efac?project=83092109834"},{"name":"SERVICE","state":"NOT_STARTED"}],"operationType":"CREATE_FUNCTION","buildName":"projects/83092109834/locations/us-central1/builds/cccbd036-fe18-44dd-a9d6-98ae3aa7efac"},"done":false}
[debug] [2026-07-25T19:37:49.315Z] [create-default-us-central1-routeProxy] Retrying task index 0
[debug] [2026-07-25T19:37:49.315Z] Checked if tokens are valid: true, expires at: 1785010310291
[debug] [2026-07-25T19:37:49.315Z] Checked if tokens are valid: true, expires at: 1785010310291
[debug] [2026-07-25T19:37:49.315Z] >>> [apiv2][query] GET https://cloudfunctions.googleapis.com/v2/projects/venda-e-faturamento/locations/us-central1/operations/operation-1785008265106-657749f901418-9fce189a-25e8bee4 [none]
[debug] [2026-07-25T19:37:50.272Z] <<< [apiv2][status] GET https://cloudfunctions.googleapis.com/v2/projects/venda-e-faturamento/locations/us-central1/operations/operation-1785008265106-657749f901418-9fce189a-25e8bee4 200
[debug] [2026-07-25T19:37:50.273Z] <<< [apiv2][body] GET https://cloudfunctions.googleapis.com/v2/projects/venda-e-faturamento/locations/us-central1/operations/operation-1785008265106-657749f901418-9fce189a-25e8bee4 {"name":"projects/venda-e-faturamento/locations/us-central1/operations/operation-1785008265106-657749f901418-9fce189a-25e8bee4","metadata":{"@type":"type.googleapis.com/google.cloud.functions.v2.OperationMetadata","createTime":"2026-07-25T19:37:45.671386463Z","target":"projects/venda-e-faturamento/locations/us-central1/functions/routeProxy","verb":"create","cancelRequested":false,"apiVersion":"v2","requestResource":{"@type":"type.googleapis.com/google.cloud.functions.v2.Function","name":"projects/venda-e-faturamento/locations/us-central1/functions/routeProxy","buildConfig":{"runtime":"nodejs20","entryPoint":"routeProxy","source":{"storageSource":{"bucket":"gcf-v2-sources-83092109834-us-central1","object":"routeProxy/function-source.zip","generation":"1785008265376138"}},"environmentVariables":{"GOOGLE_NODE_RUN_SCRIPTS":""},"serviceAccount":"projects/venda-e-faturamento/serviceAccounts/83092109834-compute@developer.gserviceaccount.com","automaticUpdatePolicy":{}},"serviceConfig":{"service":"projects/venda-e-faturamento/locations/us-central1/services/routeproxy","timeoutSeconds":30,"environmentVariables":{"FIREBASE_CONFIG":"{\"projectId\":\"venda-e-faturamento\",\"databaseURL\":\"https://venda-e-faturamento-default-rtdb.firebaseio.com\",\"storageBucket\":\"venda-e-faturamento.firebasestorage.app\"}","GCLOUD_PROJECT":"venda-e-faturamento","EVENTARC_CLOUD_EVENT_SOURCE":"projects/venda-e-faturamento/locations/us-central1/services/routeProxy","FUNCTION_TARGET":"routeProxy","LOG_EXECUTION_ID":"true"},"ingressSettings":"ALLOW_ALL","serviceAccountEmail":"83092109834-compute@developer.gserviceaccount.com","availableMemory":"256Mi","secretEnvironmentVariables":[{"key":"GOOGLE_MAPS_SERVER_API_KEY","projectId":"venda-e-faturamento","secret":"GOOGLE_MAPS_SERVER_API_KEY","version":"2"}],"maxInstanceRequestConcurrency":80,"availableCpu":"1"},"labels":{"deployment-tool":"cli-firebase","firebase-functions-hash":"b2e35e905c4549e0ff654ffed720f2ccc9692473"},"environment":"GEN_2"},"stages":[{"name":"BUILD","message":"Build in progress","state":"IN_PROGRESS","resource":"projects/83092109834/locations/us-central1/builds/cccbd036-fe18-44dd-a9d6-98ae3aa7efac","resourceUri":"https://console.cloud.google.com/cloud-build/builds;region=us-central1/cccbd036-fe18-44dd-a9d6-98ae3aa7efac?project=83092109834"},{"name":"SERVICE","state":"NOT_STARTED"}],"operationType":"CREATE_FUNCTION","buildName":"projects/83092109834/locations/us-central1/builds/cccbd036-fe18-44dd-a9d6-98ae3aa7efac"},"done":false}
[debug] [2026-07-25T19:37:52.278Z] [create-default-us-central1-routeProxy] Retrying task index 0
[debug] [2026-07-25T19:37:52.279Z] Checked if tokens are valid: true, expires at: 1785010310291
[debug] [2026-07-25T19:37:52.279Z] Checked if tokens are valid: true, expires at: 1785010310291
[debug] [2026-07-25T19:37:52.279Z] >>> [apiv2][query] GET https://cloudfunctions.googleapis.com/v2/projects/venda-e-faturamento/locations/us-central1/operations/operation-1785008265106-657749f901418-9fce189a-25e8bee4 [none]
[debug] [2026-07-25T19:37:53.228Z] <<< [apiv2][status] GET https://cloudfunctions.googleapis.com/v2/projects/venda-e-faturamento/locations/us-central1/operations/operation-1785008265106-657749f901418-9fce189a-25e8bee4 200
[debug] [2026-07-25T19:37:53.228Z] <<< [apiv2][body] GET https://cloudfunctions.googleapis.com/v2/projects/venda-e-faturamento/locations/us-central1/operations/operation-1785008265106-657749f901418-9fce189a-25e8bee4 {"name":"projects/venda-e-faturamento/locations/us-central1/operations/operation-1785008265106-657749f901418-9fce189a-25e8bee4","metadata":{"@type":"type.googleapis.com/google.cloud.functions.v2.OperationMetadata","createTime":"2026-07-25T19:37:45.671386463Z","target":"projects/venda-e-faturamento/locations/us-central1/functions/routeProxy","verb":"create","cancelRequested":false,"apiVersion":"v2","requestResource":{"@type":"type.googleapis.com/google.cloud.functions.v2.Function","name":"projects/venda-e-faturamento/locations/us-central1/functions/routeProxy","buildConfig":{"runtime":"nodejs20","entryPoint":"routeProxy","source":{"storageSource":{"bucket":"gcf-v2-sources-83092109834-us-central1","object":"routeProxy/function-source.zip","generation":"1785008265376138"}},"environmentVariables":{"GOOGLE_NODE_RUN_SCRIPTS":""},"serviceAccount":"projects/venda-e-faturamento/serviceAccounts/83092109834-compute@developer.gserviceaccount.com","automaticUpdatePolicy":{}},"serviceConfig":{"service":"projects/venda-e-faturamento/locations/us-central1/services/routeproxy","timeoutSeconds":30,"environmentVariables":{"FIREBASE_CONFIG":"{\"projectId\":\"venda-e-faturamento\",\"databaseURL\":\"https://venda-e-faturamento-default-rtdb.firebaseio.com\",\"storageBucket\":\"venda-e-faturamento.firebasestorage.app\"}","GCLOUD_PROJECT":"venda-e-faturamento","EVENTARC_CLOUD_EVENT_SOURCE":"projects/venda-e-faturamento/locations/us-central1/services/routeProxy","FUNCTION_TARGET":"routeProxy","LOG_EXECUTION_ID":"true"},"ingressSettings":"ALLOW_ALL","serviceAccountEmail":"83092109834-compute@developer.gserviceaccount.com","availableMemory":"256Mi","secretEnvironmentVariables":[{"key":"GOOGLE_MAPS_SERVER_API_KEY","projectId":"venda-e-faturamento","secret":"GOOGLE_MAPS_SERVER_API_KEY","version":"2"}],"maxInstanceRequestConcurrency":80,"availableCpu":"1"},"labels":{"deployment-tool":"cli-firebase","firebase-functions-hash":"b2e35e905c4549e0ff654ffed720f2ccc9692473"},"environment":"GEN_2"},"stages":[{"name":"BUILD","message":"Build in progress","state":"IN_PROGRESS","resource":"projects/83092109834/locations/us-central1/builds/cccbd036-fe18-44dd-a9d6-98ae3aa7efac","resourceUri":"https://console.cloud.google.com/cloud-build/builds;region=us-central1/cccbd036-fe18-44dd-a9d6-98ae3aa7efac?project=83092109834"},{"name":"SERVICE","state":"NOT_STARTED"}],"operationType":"CREATE_FUNCTION","buildName":"projects/83092109834/locations/us-central1/builds/cccbd036-fe18-44dd-a9d6-98ae3aa7efac"},"done":false}
[debug] [2026-07-25T19:37:57.233Z] [create-default-us-central1-routeProxy] Retrying task index 0
[debug] [2026-07-25T19:37:57.233Z] Checked if tokens are valid: true, expires at: 1785010310291
[debug] [2026-07-25T19:37:57.233Z] Checked if tokens are valid: true, expires at: 1785010310291
[debug] [2026-07-25T19:37:57.233Z] >>> [apiv2][query] GET https://cloudfunctions.googleapis.com/v2/projects/venda-e-faturamento/locations/us-central1/operations/operation-1785008265106-657749f901418-9fce189a-25e8bee4 [none]
[debug] [2026-07-25T19:37:58.254Z] <<< [apiv2][status] GET https://cloudfunctions.googleapis.com/v2/projects/venda-e-faturamento/locations/us-central1/operations/operation-1785008265106-657749f901418-9fce189a-25e8bee4 200
[debug] [2026-07-25T19:37:58.254Z] <<< [apiv2][body] GET https://cloudfunctions.googleapis.com/v2/projects/venda-e-faturamento/locations/us-central1/operations/operation-1785008265106-657749f901418-9fce189a-25e8bee4 {"name":"projects/venda-e-faturamento/locations/us-central1/operations/operation-1785008265106-657749f901418-9fce189a-25e8bee4","metadata":{"@type":"type.googleapis.com/google.cloud.functions.v2.OperationMetadata","createTime":"2026-07-25T19:37:45.671386463Z","target":"projects/venda-e-faturamento/locations/us-central1/functions/routeProxy","verb":"create","cancelRequested":false,"apiVersion":"v2","requestResource":{"@type":"type.googleapis.com/google.cloud.functions.v2.Function","name":"projects/venda-e-faturamento/locations/us-central1/functions/routeProxy","buildConfig":{"runtime":"nodejs20","entryPoint":"routeProxy","source":{"storageSource":{"bucket":"gcf-v2-sources-83092109834-us-central1","object":"routeProxy/function-source.zip","generation":"1785008265376138"}},"environmentVariables":{"GOOGLE_NODE_RUN_SCRIPTS":""},"serviceAccount":"projects/venda-e-faturamento/serviceAccounts/83092109834-compute@developer.gserviceaccount.com","automaticUpdatePolicy":{}},"serviceConfig":{"service":"projects/venda-e-faturamento/locations/us-central1/services/routeproxy","timeoutSeconds":30,"environmentVariables":{"FIREBASE_CONFIG":"{\"projectId\":\"venda-e-faturamento\",\"databaseURL\":\"https://venda-e-faturamento-default-rtdb.firebaseio.com\",\"storageBucket\":\"venda-e-faturamento.firebasestorage.app\"}","GCLOUD_PROJECT":"venda-e-faturamento","EVENTARC_CLOUD_EVENT_SOURCE":"projects/venda-e-faturamento/locations/us-central1/services/routeProxy","FUNCTION_TARGET":"routeProxy","LOG_EXECUTION_ID":"true"},"ingressSettings":"ALLOW_ALL","serviceAccountEmail":"83092109834-compute@developer.gserviceaccount.com","availableMemory":"256Mi","secretEnvironmentVariables":[{"key":"GOOGLE_MAPS_SERVER_API_KEY","projectId":"venda-e-faturamento","secret":"GOOGLE_MAPS_SERVER_API_KEY","version":"2"}],"maxInstanceRequestConcurrency":80,"availableCpu":"1"},"labels":{"deployment-tool":"cli-firebase","firebase-functions-hash":"b2e35e905c4549e0ff654ffed720f2ccc9692473"},"environment":"GEN_2"},"stages":[{"name":"BUILD","message":"Build in progress","state":"IN_PROGRESS","resource":"projects/83092109834/locations/us-central1/builds/cccbd036-fe18-44dd-a9d6-98ae3aa7efac","resourceUri":"https://console.cloud.google.com/cloud-build/builds;region=us-central1/cccbd036-fe18-44dd-a9d6-98ae3aa7efac?project=83092109834"},{"name":"SERVICE","state":"NOT_STARTED"}],"operationType":"CREATE_FUNCTION","buildName":"projects/83092109834/locations/us-central1/builds/cccbd036-fe18-44dd-a9d6-98ae3aa7efac"},"done":false}
[debug] [2026-07-25T19:38:06.261Z] [create-default-us-central1-routeProxy] Retrying task index 0
[debug] [2026-07-25T19:38:06.262Z] Checked if tokens are valid: true, expires at: 1785010310291
[debug] [2026-07-25T19:38:06.262Z] Checked if tokens are valid: true, expires at: 1785010310291
[debug] [2026-07-25T19:38:06.262Z] >>> [apiv2][query] GET https://cloudfunctions.googleapis.com/v2/projects/venda-e-faturamento/locations/us-central1/operations/operation-1785008265106-657749f901418-9fce189a-25e8bee4 [none]
[debug] [2026-07-25T19:38:07.303Z] <<< [apiv2][status] GET https://cloudfunctions.googleapis.com/v2/projects/venda-e-faturamento/locations/us-central1/operations/operation-1785008265106-657749f901418-9fce189a-25e8bee4 200
[debug] [2026-07-25T19:38:07.303Z] <<< [apiv2][body] GET https://cloudfunctions.googleapis.com/v2/projects/venda-e-faturamento/locations/us-central1/operations/operation-1785008265106-657749f901418-9fce189a-25e8bee4 {"name":"projects/venda-e-faturamento/locations/us-central1/operations/operation-1785008265106-657749f901418-9fce189a-25e8bee4","metadata":{"@type":"type.googleapis.com/google.cloud.functions.v2.OperationMetadata","createTime":"2026-07-25T19:37:45.671386463Z","target":"projects/venda-e-faturamento/locations/us-central1/functions/routeProxy","verb":"create","cancelRequested":false,"apiVersion":"v2","requestResource":{"@type":"type.googleapis.com/google.cloud.functions.v2.Function","name":"projects/venda-e-faturamento/locations/us-central1/functions/routeProxy","buildConfig":{"runtime":"nodejs20","entryPoint":"routeProxy","source":{"storageSource":{"bucket":"gcf-v2-sources-83092109834-us-central1","object":"routeProxy/function-source.zip","generation":"1785008265376138"}},"environmentVariables":{"GOOGLE_NODE_RUN_SCRIPTS":""},"serviceAccount":"projects/venda-e-faturamento/serviceAccounts/83092109834-compute@developer.gserviceaccount.com","automaticUpdatePolicy":{}},"serviceConfig":{"service":"projects/venda-e-faturamento/locations/us-central1/services/routeproxy","timeoutSeconds":30,"environmentVariables":{"FIREBASE_CONFIG":"{\"projectId\":\"venda-e-faturamento\",\"databaseURL\":\"https://venda-e-faturamento-default-rtdb.firebaseio.com\",\"storageBucket\":\"venda-e-faturamento.firebasestorage.app\"}","GCLOUD_PROJECT":"venda-e-faturamento","EVENTARC_CLOUD_EVENT_SOURCE":"projects/venda-e-faturamento/locations/us-central1/services/routeProxy","FUNCTION_TARGET":"routeProxy","LOG_EXECUTION_ID":"true"},"ingressSettings":"ALLOW_ALL","serviceAccountEmail":"83092109834-compute@developer.gserviceaccount.com","availableMemory":"256Mi","secretEnvironmentVariables":[{"key":"GOOGLE_MAPS_SERVER_API_KEY","projectId":"venda-e-faturamento","secret":"GOOGLE_MAPS_SERVER_API_KEY","version":"2"}],"maxInstanceRequestConcurrency":80,"availableCpu":"1"},"labels":{"deployment-tool":"cli-firebase","firebase-functions-hash":"b2e35e905c4549e0ff654ffed720f2ccc9692473"},"environment":"GEN_2"},"stages":[{"name":"BUILD","message":"Build in progress","state":"IN_PROGRESS","resource":"projects/83092109834/locations/us-central1/builds/cccbd036-fe18-44dd-a9d6-98ae3aa7efac","resourceUri":"https://console.cloud.google.com/cloud-build/builds;region=us-central1/cccbd036-fe18-44dd-a9d6-98ae3aa7efac?project=83092109834"},{"name":"SERVICE","state":"NOT_STARTED"}],"operationType":"CREATE_FUNCTION","buildName":"projects/83092109834/locations/us-central1/builds/cccbd036-fe18-44dd-a9d6-98ae3aa7efac"},"done":false}
[debug] [2026-07-25T19:38:17.316Z] [create-default-us-central1-routeProxy] Retrying task index 0
[debug] [2026-07-25T19:38:17.317Z] Checked if tokens are valid: true, expires at: 1785010310291
[debug] [2026-07-25T19:38:17.317Z] Checked if tokens are valid: true, expires at: 1785010310291
[debug] [2026-07-25T19:38:17.317Z] >>> [apiv2][query] GET https://cloudfunctions.googleapis.com/v2/projects/venda-e-faturamento/locations/us-central1/operations/operation-1785008265106-657749f901418-9fce189a-25e8bee4 [none]
[debug] [2026-07-25T19:38:18.332Z] <<< [apiv2][status] GET https://cloudfunctions.googleapis.com/v2/projects/venda-e-faturamento/locations/us-central1/operations/operation-1785008265106-657749f901418-9fce189a-25e8bee4 200
[debug] [2026-07-25T19:38:18.332Z] <<< [apiv2][body] GET https://cloudfunctions.googleapis.com/v2/projects/venda-e-faturamento/locations/us-central1/operations/operation-1785008265106-657749f901418-9fce189a-25e8bee4 {"name":"projects/venda-e-faturamento/locations/us-central1/operations/operation-1785008265106-657749f901418-9fce189a-25e8bee4","metadata":{"@type":"type.googleapis.com/google.cloud.functions.v2.OperationMetadata","createTime":"2026-07-25T19:37:45.671386463Z","target":"projects/venda-e-faturamento/locations/us-central1/functions/routeProxy","verb":"create","cancelRequested":false,"apiVersion":"v2","requestResource":{"@type":"type.googleapis.com/google.cloud.functions.v2.Function","name":"projects/venda-e-faturamento/locations/us-central1/functions/routeProxy","buildConfig":{"runtime":"nodejs20","entryPoint":"routeProxy","source":{"storageSource":{"bucket":"gcf-v2-sources-83092109834-us-central1","object":"routeProxy/function-source.zip","generation":"1785008265376138"}},"environmentVariables":{"GOOGLE_NODE_RUN_SCRIPTS":""},"serviceAccount":"projects/venda-e-faturamento/serviceAccounts/83092109834-compute@developer.gserviceaccount.com","automaticUpdatePolicy":{}},"serviceConfig":{"service":"projects/venda-e-faturamento/locations/us-central1/services/routeproxy","timeoutSeconds":30,"environmentVariables":{"FIREBASE_CONFIG":"{\"projectId\":\"venda-e-faturamento\",\"databaseURL\":\"https://venda-e-faturamento-default-rtdb.firebaseio.com\",\"storageBucket\":\"venda-e-faturamento.firebasestorage.app\"}","GCLOUD_PROJECT":"venda-e-faturamento","EVENTARC_CLOUD_EVENT_SOURCE":"projects/venda-e-faturamento/locations/us-central1/services/routeProxy","FUNCTION_TARGET":"routeProxy","LOG_EXECUTION_ID":"true"},"ingressSettings":"ALLOW_ALL","serviceAccountEmail":"83092109834-compute@developer.gserviceaccount.com","availableMemory":"256Mi","secretEnvironmentVariables":[{"key":"GOOGLE_MAPS_SERVER_API_KEY","projectId":"venda-e-faturamento","secret":"GOOGLE_MAPS_SERVER_API_KEY","version":"2"}],"maxInstanceRequestConcurrency":80,"availableCpu":"1"},"labels":{"deployment-tool":"cli-firebase","firebase-functions-hash":"b2e35e905c4549e0ff654ffed720f2ccc9692473"},"environment":"GEN_2"},"stages":[{"name":"BUILD","message":"Build in progress","state":"IN_PROGRESS","resource":"projects/83092109834/locations/us-central1/builds/cccbd036-fe18-44dd-a9d6-98ae3aa7efac","resourceUri":"https://console.cloud.google.com/cloud-build/builds;region=us-central1/cccbd036-fe18-44dd-a9d6-98ae3aa7efac?project=83092109834"},{"name":"SERVICE","state":"NOT_STARTED"}],"operationType":"CREATE_FUNCTION","buildName":"projects/83092109834/locations/us-central1/builds/cccbd036-fe18-44dd-a9d6-98ae3aa7efac"},"done":false}
[debug] [2026-07-25T19:38:28.345Z] [create-default-us-central1-routeProxy] Retrying task index 0
[debug] [2026-07-25T19:38:28.345Z] Checked if tokens are valid: true, expires at: 1785010310291
[debug] [2026-07-25T19:38:28.345Z] Checked if tokens are valid: true, expires at: 1785010310291
[debug] [2026-07-25T19:38:28.345Z] >>> [apiv2][query] GET https://cloudfunctions.googleapis.com/v2/projects/venda-e-faturamento/locations/us-central1/operations/operation-1785008265106-657749f901418-9fce189a-25e8bee4 [none]
[debug] [2026-07-25T19:38:29.460Z] <<< [apiv2][status] GET https://cloudfunctions.googleapis.com/v2/projects/venda-e-faturamento/locations/us-central1/operations/operation-1785008265106-657749f901418-9fce189a-25e8bee4 200
[debug] [2026-07-25T19:38:29.460Z] <<< [apiv2][body] GET https://cloudfunctions.googleapis.com/v2/projects/venda-e-faturamento/locations/us-central1/operations/operation-1785008265106-657749f901418-9fce189a-25e8bee4 {"name":"projects/venda-e-faturamento/locations/us-central1/operations/operation-1785008265106-657749f901418-9fce189a-25e8bee4","metadata":{"@type":"type.googleapis.com/google.cloud.functions.v2.OperationMetadata","createTime":"2026-07-25T19:37:45.671386463Z","target":"projects/venda-e-faturamento/locations/us-central1/functions/routeProxy","verb":"create","cancelRequested":false,"apiVersion":"v2","requestResource":{"@type":"type.googleapis.com/google.cloud.functions.v2.Function","name":"projects/venda-e-faturamento/locations/us-central1/functions/routeProxy","buildConfig":{"runtime":"nodejs20","entryPoint":"routeProxy","source":{"storageSource":{"bucket":"gcf-v2-sources-83092109834-us-central1","object":"routeProxy/function-source.zip","generation":"1785008265376138"}},"environmentVariables":{"GOOGLE_NODE_RUN_SCRIPTS":""},"serviceAccount":"projects/venda-e-faturamento/serviceAccounts/83092109834-compute@developer.gserviceaccount.com","automaticUpdatePolicy":{}},"serviceConfig":{"service":"projects/venda-e-faturamento/locations/us-central1/services/routeproxy","timeoutSeconds":30,"environmentVariables":{"FIREBASE_CONFIG":"{\"projectId\":\"venda-e-faturamento\",\"databaseURL\":\"https://venda-e-faturamento-default-rtdb.firebaseio.com\",\"storageBucket\":\"venda-e-faturamento.firebasestorage.app\"}","GCLOUD_PROJECT":"venda-e-faturamento","EVENTARC_CLOUD_EVENT_SOURCE":"projects/venda-e-faturamento/locations/us-central1/services/routeProxy","FUNCTION_TARGET":"routeProxy","LOG_EXECUTION_ID":"true"},"ingressSettings":"ALLOW_ALL","serviceAccountEmail":"83092109834-compute@developer.gserviceaccount.com","availableMemory":"256Mi","secretEnvironmentVariables":[{"key":"GOOGLE_MAPS_SERVER_API_KEY","projectId":"venda-e-faturamento","secret":"GOOGLE_MAPS_SERVER_API_KEY","version":"2"}],"maxInstanceRequestConcurrency":80,"availableCpu":"1"},"labels":{"deployment-tool":"cli-firebase","firebase-functions-hash":"b2e35e905c4549e0ff654ffed720f2ccc9692473"},"environment":"GEN_2"},"stages":[{"name":"BUILD","message":"Build finished","state":"COMPLETE","resource":"projects/83092109834/locations/us-central1/builds/cccbd036-fe18-44dd-a9d6-98ae3aa7efac","resourceUri":"https://console.cloud.google.com/cloud-build/builds;region=us-central1/cccbd036-fe18-44dd-a9d6-98ae3aa7efac?project=83092109834"},{"name":"SERVICE","message":"Creating Cloud Run service","state":"IN_PROGRESS","resource":"projects/venda-e-faturamento/locations/us-central1/services/routeproxy","resourceUri":"https://console.cloud.google.com/run/detail/us-central1/routeproxy?project=venda-e-faturamento"}],"sourceToken":"ClZwcm9qZWN0cy84MzA5MjEwOTgzNC9sb2NhdGlvbnMvdXMtY2VudHJhbDEvYnVpbGRzL2NjY2JkMDM2LWZlMTgtNDRkZC1hOWQ2LTk4YWUzYWE3ZWZhYxJ3dXMtY2VudHJhbDEtZG9ja2VyLnBrZy5kZXYvdmVuZGEtZS1mYXR1cmFtZW50by9nY2YtYXJ0aWZhY3RzL3ZlbmRhLS1lLS1mYXR1cmFtZW50b19fdXMtLWNlbnRyYWwxX19yb3V0ZV9wcm94eTp2ZXJzaW9uXzEYivSzxbUCIkdwcm9qZWN0cy92ZW5kYS1lLWZhdHVyYW1lbnRvL2xvY2F0aW9ucy91cy1jZW50cmFsMS9mdW5jdGlvbnMvcm91dGVQcm94eSoLCK2hlNMGEOjBmzYyCG5vZGVqczIwOnYKI2djci5pby9nYWUtcnVudGltZXMvbm9kZWpzMjA6c3RhYmxlEk91cy1jZW50cmFsMS1kb2NrZXIucGtnLmRldi9zZXJ2ZXJsZXNzLXJ1bnRpbWVzL2dvb2dsZS0yMi1mdWxsL3J1bnRpbWVzL25vZGVqczIwQAE=","operationType":"CREATE_FUNCTION","buildName":"projects/83092109834/locations/us-central1/builds/cccbd036-fe18-44dd-a9d6-98ae3aa7efac"},"done":false}
[debug] [2026-07-25T19:38:29.460Z] Got source token ClZwcm9qZWN0cy84MzA5MjEwOTgzNC9sb2NhdGlvbnMvdXMtY2VudHJhbDEvYnVpbGRzL2NjY2JkMDM2LWZlMTgtNDRkZC1hOWQ2LTk4YWUzYWE3ZWZhYxJ3dXMtY2VudHJhbDEtZG9ja2VyLnBrZy5kZXYvdmVuZGEtZS1mYXR1cmFtZW50by9nY2YtYXJ0aWZhY3RzL3ZlbmRhLS1lLS1mYXR1cmFtZW50b19fdXMtLWNlbnRyYWwxX19yb3V0ZV9wcm94eTp2ZXJzaW9uXzEYivSzxbUCIkdwcm9qZWN0cy92ZW5kYS1lLWZhdHVyYW1lbnRvL2xvY2F0aW9ucy91cy1jZW50cmFsMS9mdW5jdGlvbnMvcm91dGVQcm94eSoLCK2hlNMGEOjBmzYyCG5vZGVqczIwOnYKI2djci5pby9nYWUtcnVudGltZXMvbm9kZWpzMjA6c3RhYmxlEk91cy1jZW50cmFsMS1kb2NrZXIucGtnLmRldi9zZXJ2ZXJsZXNzLXJ1bnRpbWVzL2dvb2dsZS0yMi1mdWxsL3J1bnRpbWVzL25vZGVqczIwQAE= for region us-central1
[debug] [2026-07-25T19:38:39.465Z] [create-default-us-central1-routeProxy] Retrying task index 0
[debug] [2026-07-25T19:38:39.465Z] Checked if tokens are valid: true, expires at: 1785010310291
[debug] [2026-07-25T19:38:39.465Z] Checked if tokens are valid: true, expires at: 1785010310291
[debug] [2026-07-25T19:38:39.465Z] >>> [apiv2][query] GET https://cloudfunctions.googleapis.com/v2/projects/venda-e-faturamento/locations/us-central1/operations/operation-1785008265106-657749f901418-9fce189a-25e8bee4 [none]
[debug] [2026-07-25T19:38:40.547Z] <<< [apiv2][status] GET https://cloudfunctions.googleapis.com/v2/projects/venda-e-faturamento/locations/us-central1/operations/operation-1785008265106-657749f901418-9fce189a-25e8bee4 200
[debug] [2026-07-25T19:38:40.548Z] <<< [apiv2][body] GET https://cloudfunctions.googleapis.com/v2/projects/venda-e-faturamento/locations/us-central1/operations/operation-1785008265106-657749f901418-9fce189a-25e8bee4 {"name":"projects/venda-e-faturamento/locations/us-central1/operations/operation-1785008265106-657749f901418-9fce189a-25e8bee4","metadata":{"@type":"type.googleapis.com/google.cloud.functions.v2.OperationMetadata","createTime":"2026-07-25T19:37:45.671386463Z","endTime":"2026-07-25T19:38:29.807091271Z","target":"projects/venda-e-faturamento/locations/us-central1/functions/routeProxy","verb":"create","cancelRequested":false,"apiVersion":"v2","requestResource":{"@type":"type.googleapis.com/google.cloud.functions.v2.Function","name":"projects/venda-e-faturamento/locations/us-central1/functions/routeProxy","buildConfig":{"runtime":"nodejs20","entryPoint":"routeProxy","source":{"storageSource":{"bucket":"gcf-v2-sources-83092109834-us-central1","object":"routeProxy/function-source.zip","generation":"1785008265376138"}},"environmentVariables":{"GOOGLE_NODE_RUN_SCRIPTS":""},"serviceAccount":"projects/venda-e-faturamento/serviceAccounts/83092109834-compute@developer.gserviceaccount.com","automaticUpdatePolicy":{}},"serviceConfig":{"service":"projects/venda-e-faturamento/locations/us-central1/services/routeproxy","timeoutSeconds":30,"environmentVariables":{"FIREBASE_CONFIG":"{\"projectId\":\"venda-e-faturamento\",\"databaseURL\":\"https://venda-e-faturamento-default-rtdb.firebaseio.com\",\"storageBucket\":\"venda-e-faturamento.firebasestorage.app\"}","GCLOUD_PROJECT":"venda-e-faturamento","EVENTARC_CLOUD_EVENT_SOURCE":"projects/venda-e-faturamento/locations/us-central1/services/routeProxy","FUNCTION_TARGET":"routeProxy","LOG_EXECUTION_ID":"true"},"ingressSettings":"ALLOW_ALL","serviceAccountEmail":"83092109834-compute@developer.gserviceaccount.com","availableMemory":"256Mi","secretEnvironmentVariables":[{"key":"GOOGLE_MAPS_SERVER_API_KEY","projectId":"venda-e-faturamento","secret":"GOOGLE_MAPS_SERVER_API_KEY","version":"2"}],"maxInstanceRequestConcurrency":80,"availableCpu":"1"},"labels":{"deployment-tool":"cli-firebase","firebase-functions-hash":"b2e35e905c4549e0ff654ffed720f2ccc9692473"},"environment":"GEN_2"},"stages":[{"name":"BUILD","message":"Build finished","state":"COMPLETE","resource":"projects/83092109834/locations/us-central1/builds/cccbd036-fe18-44dd-a9d6-98ae3aa7efac","resourceUri":"https://console.cloud.google.com/cloud-build/builds;region=us-central1/cccbd036-fe18-44dd-a9d6-98ae3aa7efac?project=83092109834"},{"name":"SERVICE","message":"Creating Cloud Run service","state":"COMPLETE","resource":"projects/venda-e-faturamento/locations/us-central1/services/routeproxy","resourceUri":"https://console.cloud.google.com/run/detail/us-central1/routeproxy?project=venda-e-faturamento"}],"sourceToken":"ClZwcm9qZWN0cy84MzA5MjEwOTgzNC9sb2NhdGlvbnMvdXMtY2VudHJhbDEvYnVpbGRzL2NjY2JkMDM2LWZlMTgtNDRkZC1hOWQ2LTk4YWUzYWE3ZWZhYxJ3dXMtY2VudHJhbDEtZG9ja2VyLnBrZy5kZXYvdmVuZGEtZS1mYXR1cmFtZW50by9nY2YtYXJ0aWZhY3RzL3ZlbmRhLS1lLS1mYXR1cmFtZW50b19fdXMtLWNlbnRyYWwxX19yb3V0ZV9wcm94eTp2ZXJzaW9uXzEYivSzxbUCIkdwcm9qZWN0cy92ZW5kYS1lLWZhdHVyYW1lbnRvL2xvY2F0aW9ucy91cy1jZW50cmFsMS9mdW5jdGlvbnMvcm91dGVQcm94eSoLCK2hlNMGEOjBmzYyCG5vZGVqczIwOnYKI2djci5pby9nYWUtcnVudGltZXMvbm9kZWpzMjA6c3RhYmxlEk91cy1jZW50cmFsMS1kb2NrZXIucGtnLmRldi9zZXJ2ZXJsZXNzLXJ1bnRpbWVzL2dvb2dsZS0yMi1mdWxsL3J1bnRpbWVzL25vZGVqczIwQAE=","operationType":"CREATE_FUNCTION","buildName":"projects/83092109834/locations/us-central1/builds/cccbd036-fe18-44dd-a9d6-98ae3aa7efac"},"done":true,"response":{"@type":"type.googleapis.com/google.cloud.functions.v2.Function","name":"projects/venda-e-faturamento/locations/us-central1/functions/routeProxy","buildConfig":{"build":"projects/83092109834/locations/us-central1/builds/cccbd036-fe18-44dd-a9d6-98ae3aa7efac","runtime":"nodejs20","entryPoint":"routeProxy","source":{"storageSource":{"bucket":"gcf-v2-sources-83092109834-us-central1","object":"routeProxy/function-source.zip","generation":"1785008265376138"}},"environmentVariables":{"GOOGLE_NODE_RUN_SCRIPTS":""},"dockerRepository":"projects/venda-e-faturamento/locations/us-central1/repositories/gcf-artifacts","sourceProvenance":{"resolvedStorageSource":{"bucket":"gcf-v2-sources-83092109834-us-central1","object":"routeProxy/function-source.zip","generation":"1785008265376138"}},"dockerRegistry":"ARTIFACT_REGISTRY","serviceAccount":"projects/venda-e-faturamento/serviceAccounts/83092109834-compute@developer.gserviceaccount.com","automaticUpdatePolicy":{}},"serviceConfig":{"service":"projects/venda-e-faturamento/locations/us-central1/services/routeproxy","timeoutSeconds":30,"environmentVariables":{"FIREBASE_CONFIG":"{\"projectId\":\"venda-e-faturamento\",\"databaseURL\":\"https://venda-e-faturamento-default-rtdb.firebaseio.com\",\"storageBucket\":\"venda-e-faturamento.firebasestorage.app\"}","GCLOUD_PROJECT":"venda-e-faturamento","EVENTARC_CLOUD_EVENT_SOURCE":"projects/venda-e-faturamento/locations/us-central1/services/routeProxy","FUNCTION_TARGET":"routeProxy","LOG_EXECUTION_ID":"true"},"ingressSettings":"ALLOW_ALL","uri":"https://routeproxy-x5dckzzjra-uc.a.run.app","serviceAccountEmail":"83092109834-compute@developer.gserviceaccount.com","availableMemory":"256Mi","allTrafficOnLatestRevision":true,"secretEnvironmentVariables":[{"key":"GOOGLE_MAPS_SERVER_API_KEY","projectId":"venda-e-faturamento","secret":"GOOGLE_MAPS_SERVER_API_KEY","version":"2"}],"revision":"routeproxy-00001-juk","maxInstanceRequestConcurrency":80,"availableCpu":"1"},"state":"ACTIVE","updateTime":"2026-07-25T19:37:45.664331491Z","labels":{"firebase-functions-hash":"b2e35e905c4549e0ff654ffed720f2ccc9692473","deployment-tool":"cli-firebase"},"environment":"GEN_2","url":"https://us-central1-venda-e-faturamento.cloudfunctions.net/routeProxy","createTime":"2026-07-25T19:37:45.664331491Z","satisfiesPzi":true}}
[debug] [2026-07-25T19:38:40.548Z] Got source token ClZwcm9qZWN0cy84MzA5MjEwOTgzNC9sb2NhdGlvbnMvdXMtY2VudHJhbDEvYnVpbGRzL2NjY2JkMDM2LWZlMTgtNDRkZC1hOWQ2LTk4YWUzYWE3ZWZhYxJ3dXMtY2VudHJhbDEtZG9ja2VyLnBrZy5kZXYvdmVuZGEtZS1mYXR1cmFtZW50by9nY2YtYXJ0aWZhY3RzL3ZlbmRhLS1lLS1mYXR1cmFtZW50b19fdXMtLWNlbnRyYWwxX19yb3V0ZV9wcm94eTp2ZXJzaW9uXzEYivSzxbUCIkdwcm9qZWN0cy92ZW5kYS1lLWZhdHVyYW1lbnRvL2xvY2F0aW9ucy91cy1jZW50cmFsMS9mdW5jdGlvbnMvcm91dGVQcm94eSoLCK2hlNMGEOjBmzYyCG5vZGVqczIwOnYKI2djci5pby9nYWUtcnVudGltZXMvbm9kZWpzMjA6c3RhYmxlEk91cy1jZW50cmFsMS1kb2NrZXIucGtnLmRldi9zZXJ2ZXJsZXNzLXJ1bnRpbWVzL2dvb2dsZS0yMi1mdWxsL3J1bnRpbWVzL25vZGVqczIwQAE= for region us-central1
[debug] [2026-07-25T19:38:40.548Z] Checked if tokens are valid: true, expires at: 1785010310291
[debug] [2026-07-25T19:38:40.548Z] Checked if tokens are valid: true, expires at: 1785010310291
[debug] [2026-07-25T19:38:40.548Z] >>> [apiv2][query] POST https://run.googleapis.com/v1/projects/venda-e-faturamento/locations/us-central1/services/routeproxy:setIamPolicy [none]
[debug] [2026-07-25T19:38:40.548Z] >>> [apiv2][body] POST https://run.googleapis.com/v1/projects/venda-e-faturamento/locations/us-central1/services/routeproxy:setIamPolicy {"policy":{"bindings":[{"role":"roles/run.invoker","members":["allUsers"]}],"etag":"","version":3},"updateMask":"bindings,etag,version"}
[debug] [2026-07-25T19:38:41.679Z] <<< [apiv2][status] POST https://run.googleapis.com/v1/projects/venda-e-faturamento/locations/us-central1/services/routeproxy:setIamPolicy 200
[debug] [2026-07-25T19:38:41.680Z] <<< [apiv2][body] POST https://run.googleapis.com/v1/projects/venda-e-faturamento/locations/us-central1/services/routeproxy:setIamPolicy {"version":1,"etag":"BwZXdKLirs0=","bindings":[{"role":"roles/run.invoker","members":["allUsers"]}]}
[info] +  functions[routeProxy(us-central1)] Successful create operation. 
[debug] [2026-07-25T19:38:41.684Z] Total Function Deployment time: 56684
[debug] [2026-07-25T19:38:41.684Z] 1 Functions Deployed
[debug] [2026-07-25T19:38:41.684Z] 0 Functions Errored
[debug] [2026-07-25T19:38:41.684Z] 0 Function Deployments Aborted
[debug] [2026-07-25T19:38:41.684Z] Average Function Deployment time: 56684
[info] Function URL (routeProxy(us-central1)): https://us-central1-venda-e-faturamento.cloudfunctions.net/routeProxy
[debug] [2026-07-25T19:38:41.820Z] Not printing URL for HTTPS function. Typically this means it didn't match a filter or we failed deployment
[debug] [2026-07-25T19:38:41.820Z] Not printing URL for HTTPS function. Typically this means it didn't match a filter or we failed deployment
[debug] [2026-07-25T19:38:41.820Z] No lifecycle hook configured for event: afterUpdate
[debug] [2026-07-25T19:38:41.820Z] Checked if tokens are valid: true, expires at: 1785010310291
[debug] [2026-07-25T19:38:41.820Z] Checked if tokens are valid: true, expires at: 1785010310291
[debug] [2026-07-25T19:38:41.820Z] >>> [apiv2][query] GET https://artifactregistry.googleapis.com/v1/projects/venda-e-faturamento/locations/us-central1/repositories/gcf-artifacts [none]
[debug] [2026-07-25T19:38:43.007Z] <<< [apiv2][status] GET https://artifactregistry.googleapis.com/v1/projects/venda-e-faturamento/locations/us-central1/repositories/gcf-artifacts 200
[debug] [2026-07-25T19:38:43.007Z] <<< [apiv2][body] GET https://artifactregistry.googleapis.com/v1/projects/venda-e-faturamento/locations/us-central1/repositories/gcf-artifacts {"name":"projects/venda-e-faturamento/locations/us-central1/repositories/gcf-artifacts","format":"DOCKER","description":"This repository is created and used by Cloud Functions for storing function docker images.","labels":{"goog-managed-by":"cloudfunctions"},"createTime":"2026-07-12T23:51:38.900182Z","updateTime":"2026-07-25T19:38:17.567447Z","mode":"STANDARD_REPOSITORY","cleanupPolicies":{"firebase-functions-cleanup":{"id":"firebase-functions-cleanup","action":"DELETE","condition":{"tagState":"ANY","olderThan":"86400s"}}},"sizeBytes":"87875454","vulnerabilityScanningConfig":{"lastEnableTime":"2026-07-12T23:51:27.877305752Z","enablementState":"SCANNING_DISABLED","enablementStateReason":"API containerscanning.googleapis.com is not enabled."},"satisfiesPzi":true,"registryUri":"us-central1-docker.pkg.dev/venda-e-faturamento/gcf-artifacts"}
[info] 
[info] +  Deploy complete! 
[info] 
[info] Project Console: https://console.firebase.google.com/project/venda-e-faturamento/overview
[debug] [2026-07-25T19:41:51.967Z] ----------------------------------------------------------------------
[debug] [2026-07-25T19:41:51.969Z] Command:       C:\Program Files\nodejs\node.exe C:\Users\Luan Rigatti\AppData\Roaming\npm\node_modules\firebase-tools\lib\bin\firebase.js functions:list --project venda-e-faturamento
[debug] [2026-07-25T19:41:51.969Z] CLI Version:   15.22.4
[debug] [2026-07-25T19:41:51.969Z] Platform:      win32
[debug] [2026-07-25T19:41:51.969Z] Node Version:  v26.4.0
[debug] [2026-07-25T19:41:51.969Z] Detected Agent: codex_cli
[debug] [2026-07-25T19:41:51.969Z] Time:          Sat Jul 25 2026 16:41:51 GMT-0300 (Horário Padrão de Brasília)
[debug] [2026-07-25T19:41:51.969Z] ----------------------------------------------------------------------
[debug] 
[debug] [2026-07-25T19:41:52.068Z] > command requires scopes: ["email","openid","https://www.googleapis.com/auth/cloudplatformprojects.readonly","https://www.googleapis.com/auth/firebase","https://www.googleapis.com/auth/cloud-platform"]
[debug] [2026-07-25T19:41:52.068Z] > authorizing via signed-in user (luanr.rigatti@gmail.com)
[debug] [2026-07-25T19:41:52.068Z] [iam] checking project venda-e-faturamento for permissions ["cloudfunctions.functions.list","firebase.projects.get","run.services.list"]
[debug] [2026-07-25T19:41:52.069Z] Checked if tokens are valid: true, expires at: 1785010310291
[debug] [2026-07-25T19:41:52.069Z] Checked if tokens are valid: true, expires at: 1785010310291
[debug] [2026-07-25T19:41:52.070Z] >>> [apiv2][query] POST https://cloudresourcemanager.googleapis.com/v1/projects/venda-e-faturamento:testIamPermissions [none]
[debug] [2026-07-25T19:41:52.070Z] >>> [apiv2][(partial)header] POST https://cloudresourcemanager.googleapis.com/v1/projects/venda-e-faturamento:testIamPermissions  x-goog-user-project=venda-e-faturamento
[debug] [2026-07-25T19:41:52.070Z] >>> [apiv2][body] POST https://cloudresourcemanager.googleapis.com/v1/projects/venda-e-faturamento:testIamPermissions {"permissions":["cloudfunctions.functions.list","firebase.projects.get","run.services.list"]}
[debug] [2026-07-25T19:41:52.916Z] <<< [apiv2][status] POST https://cloudresourcemanager.googleapis.com/v1/projects/venda-e-faturamento:testIamPermissions 200
[debug] [2026-07-25T19:41:52.916Z] <<< [apiv2][body] POST https://cloudresourcemanager.googleapis.com/v1/projects/venda-e-faturamento:testIamPermissions {"permissions":["cloudfunctions.functions.list","firebase.projects.get","run.services.list"]}
[debug] [2026-07-25T19:41:52.917Z] Checked if tokens are valid: true, expires at: 1785010310291
[debug] [2026-07-25T19:41:52.917Z] Checked if tokens are valid: true, expires at: 1785010310291
[debug] [2026-07-25T19:41:52.917Z] >>> [apiv2][query] GET https://cloudfunctions.googleapis.com/v1/projects/venda-e-faturamento/locations/-/functions [none]
[debug] [2026-07-25T19:41:54.470Z] <<< [apiv2][status] GET https://cloudfunctions.googleapis.com/v1/projects/venda-e-faturamento/locations/-/functions 200
[debug] [2026-07-25T19:41:54.470Z] <<< [apiv2][body] GET https://cloudfunctions.googleapis.com/v1/projects/venda-e-faturamento/locations/-/functions {}
[debug] [2026-07-25T19:41:54.470Z] Checked if tokens are valid: true, expires at: 1785010310291
[debug] [2026-07-25T19:41:54.470Z] Checked if tokens are valid: true, expires at: 1785010310291
[debug] [2026-07-25T19:41:54.470Z] >>> [apiv2][query] GET https://cloudfunctions.googleapis.com/v2/projects/venda-e-faturamento/locations/-/functions filter=environment%3D%22GEN_2%22
[debug] [2026-07-25T19:41:55.944Z] <<< [apiv2][status] GET https://cloudfunctions.googleapis.com/v2/projects/venda-e-faturamento/locations/-/functions 200
[debug] [2026-07-25T19:41:55.944Z] <<< [apiv2][body] GET https://cloudfunctions.googleapis.com/v2/projects/venda-e-faturamento/locations/-/functions {"functions":[{"name":"projects/venda-e-faturamento/locations/us-central1/functions/routeProxy","buildConfig":{"build":"projects/83092109834/locations/us-central1/builds/cccbd036-fe18-44dd-a9d6-98ae3aa7efac","runtime":"nodejs20","entryPoint":"routeProxy","source":{"storageSource":{"bucket":"gcf-v2-sources-83092109834-us-central1","object":"routeProxy/function-source.zip","generation":"1785008265376138"}},"environmentVariables":{"GOOGLE_NODE_RUN_SCRIPTS":""},"dockerRepository":"projects/venda-e-faturamento/locations/us-central1/repositories/gcf-artifacts","sourceProvenance":{"resolvedStorageSource":{"bucket":"gcf-v2-sources-83092109834-us-central1","object":"routeProxy/function-source.zip","generation":"1785008265376138"}},"dockerRegistry":"ARTIFACT_REGISTRY","serviceAccount":"projects/venda-e-faturamento/serviceAccounts/83092109834-compute@developer.gserviceaccount.com","automaticUpdatePolicy":{}},"serviceConfig":{"service":"projects/venda-e-faturamento/locations/us-central1/services/routeproxy","timeoutSeconds":30,"environmentVariables":{"FIREBASE_CONFIG":"{\"projectId\":\"venda-e-faturamento\",\"databaseURL\":\"https://venda-e-faturamento-default-rtdb.firebaseio.com\",\"storageBucket\":\"venda-e-faturamento.firebasestorage.app\"}","GCLOUD_PROJECT":"venda-e-faturamento","EVENTARC_CLOUD_EVENT_SOURCE":"projects/venda-e-faturamento/locations/us-central1/services/routeProxy","FUNCTION_TARGET":"routeProxy","LOG_EXECUTION_ID":"true"},"ingressSettings":"ALLOW_ALL","uri":"https://routeproxy-x5dckzzjra-uc.a.run.app","serviceAccountEmail":"83092109834-compute@developer.gserviceaccount.com","availableMemory":"256Mi","allTrafficOnLatestRevision":true,"secretEnvironmentVariables":[{"key":"GOOGLE_MAPS_SERVER_API_KEY","projectId":"venda-e-faturamento","secret":"GOOGLE_MAPS_SERVER_API_KEY","version":"2"}],"revision":"routeproxy-00001-juk","maxInstanceRequestConcurrency":80,"availableCpu":"1"},"state":"ACTIVE","updateTime":"2026-07-25T19:38:29.933231758Z","labels":{"firebase-functions-hash":"b2e35e905c4549e0ff654ffed720f2ccc9692473","deployment-tool":"cli-firebase"},"environment":"GEN_2","url":"https://us-central1-venda-e-faturamento.cloudfunctions.net/routeProxy","createTime":"2026-07-25T19:37:45.664331491Z","satisfiesPzi":true},{"name":"projects/venda-e-faturamento/locations/us-central1/functions/testarPush","buildConfig":{"build":"projects/83092109834/locations/us-central1/builds/38bc95cd-0f1a-4856-bb29-25eb09ae3533","runtime":"nodejs20","entryPoint":"testarPush","source":{"storageSource":{"bucket":"gcf-v2-sources-83092109834-us-central1","object":"testarPush/function-source.zip","generation":"1783902392061720"}},"environmentVariables":{"GOOGLE_NODE_RUN_SCRIPTS":""},"dockerRepository":"projects/venda-e-faturamento/locations/us-central1/repositories/gcf-artifacts","sourceProvenance":{"resolvedStorageSource":{"bucket":"gcf-v2-sources-83092109834-us-central1","object":"testarPush/function-source.zip","generation":"1783902392061720"}},"dockerRegistry":"ARTIFACT_REGISTRY","serviceAccount":"projects/venda-e-faturamento/serviceAccounts/83092109834-compute@developer.gserviceaccount.com","automaticUpdatePolicy":{}},"serviceConfig":{"service":"projects/venda-e-faturamento/locations/us-central1/services/testarpush","timeoutSeconds":60,"environmentVariables":{"FIREBASE_CONFIG":"{\"projectId\":\"venda-e-faturamento\",\"databaseURL\":\"https://venda-e-faturamento-default-rtdb.firebaseio.com\",\"storageBucket\":\"venda-e-faturamento.firebasestorage.app\"}","GCLOUD_PROJECT":"venda-e-faturamento","EVENTARC_CLOUD_EVENT_SOURCE":"projects/venda-e-faturamento/locations/us-central1/services/testarPush","FUNCTION_TARGET":"testarPush","LOG_EXECUTION_ID":"true","FUNCTION_SIGNATURE_TYPE":"http"},"maxInstanceCount":20,"ingressSettings":"ALLOW_ALL","uri":"https://testarpush-x5dckzzjra-uc.a.run.app","serviceAccountEmail":"83092109834-compute@developer.gserviceaccount.com","availableMemory":"256Mi","allTrafficOnLatestRevision":true,"revision":"testarpush-00002-haw","maxInstanceRequestConcurrency":80,"availableCpu":"1"},"state":"ACTIVE","updateTime":"2026-07-13T00:26:38.914040705Z","labels":{"deployment-tool":"cli-firebase","firebase-functions-hash":"fbd9bb43f35cd408b425fd73c3e5040aaf388b58"},"environment":"GEN_2","url":"https://us-central1-venda-e-faturamento.cloudfunctions.net/testarPush","createTime":"2026-07-12T23:51:27.669498104Z","satisfiesPzi":true},{"name":"projects/venda-e-faturamento/locations/us-central1/functions/lembreteCobranca","buildConfig":{"build":"projects/83092109834/locations/us-central1/builds/38bc95cd-0f1a-4856-bb29-25eb09ae3533","runtime":"nodejs20","entryPoint":"lembreteCobranca","source":{"storageSource":{"bucket":"gcf-v2-sources-83092109834-us-central1","object":"lembreteCobranca/function-source.zip","generation":"1783902336318140"}},"environmentVariables":{"GOOGLE_NODE_RUN_SCRIPTS":""},"dockerRepository":"projects/venda-e-faturamento/locations/us-central1/repositories/gcf-artifacts","sourceProvenance":{"resolvedStorageSource":{"bucket":"gcf-v2-sources-83092109834-us-central1","object":"lembreteCobranca/function-source.zip","generation":"1783902336318140"}},"dockerRegistry":"ARTIFACT_REGISTRY","serviceAccount":"projects/venda-e-faturamento/serviceAccounts/83092109834-compute@developer.gserviceaccount.com","automaticUpdatePolicy":{}},"serviceConfig":{"service":"projects/venda-e-faturamento/locations/us-central1/services/lembretecobranca","timeoutSeconds":60,"environmentVariables":{"FIREBASE_CONFIG":"{\"projectId\":\"venda-e-faturamento\",\"databaseURL\":\"https://venda-e-faturamento-default-rtdb.firebaseio.com\",\"storageBucket\":\"venda-e-faturamento.firebasestorage.app\"}","GCLOUD_PROJECT":"venda-e-faturamento","EVENTARC_CLOUD_EVENT_SOURCE":"projects/venda-e-faturamento/locations/us-central1/services/lembreteCobranca","FUNCTION_TARGET":"lembreteCobranca","LOG_EXECUTION_ID":"true"},"ingressSettings":"ALLOW_ALL","uri":"https://lembretecobranca-x5dckzzjra-uc.a.run.app","serviceAccountEmail":"83092109834-compute@developer.gserviceaccount.com","availableMemory":"256Mi","allTrafficOnLatestRevision":true,"revision":"lembretecobranca-00001-led","maxInstanceRequestConcurrency":80,"availableCpu":"1"},"state":"ACTIVE","updateTime":"2026-07-13T00:26:28.667386030Z","labels":{"deployment-scheduled":"true","firebase-functions-hash":"fbd9bb43f35cd408b425fd73c3e5040aaf388b58","deployment-tool":"cli-firebase"},"environment":"GEN_2","url":"https://us-central1-venda-e-faturamento.cloudfunctions.net/lembreteCobranca","createTime":"2026-07-13T00:25:36.586397097Z","satisfiesPzi":true},{"name":"projects/venda-e-faturamento/locations/us-central1/functions/notificarNovaEntrega","buildConfig":{"build":"projects/83092109834/locations/us-central1/builds/38bc95cd-0f1a-4856-bb29-25eb09ae3533","runtime":"nodejs20","entryPoint":"notificarNovaEntrega","source":{"storageSource":{"bucket":"gcf-v2-sources-83092109834-us-central1","object":"notificarNovaEntrega/function-source.zip","generation":"1783902392159965"}},"environmentVariables":{"GOOGLE_NODE_RUN_SCRIPTS":""},"dockerRepository":"projects/venda-e-faturamento/locations/us-central1/repositories/gcf-artifacts","sourceProvenance":{"resolvedStorageSource":{"bucket":"gcf-v2-sources-83092109834-us-central1","object":"notificarNovaEntrega/function-source.zip","generation":"1783902392159965"}},"dockerRegistry":"ARTIFACT_REGISTRY","serviceAccount":"projects/venda-e-faturamento/serviceAccounts/83092109834-compute@developer.gserviceaccount.com","automaticUpdatePolicy":{}},"serviceConfig":{"service":"projects/venda-e-faturamento/locations/us-central1/services/notificarnovaentrega","timeoutSeconds":60,"environmentVariables":{"FIREBASE_CONFIG":"{\"projectId\":\"venda-e-faturamento\",\"databaseURL\":\"https://venda-e-faturamento-default-rtdb.firebaseio.com\",\"storageBucket\":\"venda-e-faturamento.firebasestorage.app\"}","GCLOUD_PROJECT":"venda-e-faturamento","EVENTARC_CLOUD_EVENT_SOURCE":"projects/venda-e-faturamento/locations/us-central1/services/notificarNovaEntrega","FUNCTION_SIGNATURE_TYPE":"cloudevent","FUNCTION_TARGET":"notificarNovaEntrega","LOG_EXECUTION_ID":"true"},"maxInstanceCount":20,"ingressSettings":"ALLOW_ALL","uri":"https://notificarnovaentrega-x5dckzzjra-uc.a.run.app","serviceAccountEmail":"83092109834-compute@developer.gserviceaccount.com","availableMemory":"256Mi","allTrafficOnLatestRevision":true,"revision":"notificarnovaentrega-00002-lag","maxInstanceRequestConcurrency":80,"availableCpu":"1"},"eventTrigger":{"trigger":"projects/venda-e-faturamento/locations/us-central1/triggers/notificarnovaentrega-921497","triggerRegion":"us-central1","eventType":"google.firebase.database.ref.v1.created","eventFilters":[{"attribute":"ref","value":"usuarios/{usuarioId}/entregas/{entregaId}","operator":"match-path-pattern"},{"attribute":"instance","value":"*","operator":"match-path-pattern"}],"pubsubTopic":"projects/venda-e-faturamento/topics/eventarc-us-central1-notificarnovaentrega-921497-105","serviceAccountEmail":"83092109834-compute@developer.gserviceaccount.com","retryPolicy":"RETRY_POLICY_DO_NOT_RETRY"},"state":"ACTIVE","updateTime":"2026-07-13T00:26:39.530518999Z","labels":{"firebase-functions-hash":"fbd9bb43f35cd408b425fd73c3e5040aaf388b58","deployment-tool":"cli-firebase"},"environment":"GEN_2","url":"https://us-central1-venda-e-faturamento.cloudfunctions.net/notificarNovaEntrega","createTime":"2026-07-12T23:53:16.558517563Z","satisfiesPzi":true},{"name":"projects/venda-e-faturamento/locations/us-central1/functions/testarLembreteCobranca","buildConfig":{"build":"projects/83092109834/locations/us-central1/builds/38bc95cd-0f1a-4856-bb29-25eb09ae3533","runtime":"nodejs20","entryPoint":"testarLembreteCobranca","source":{"storageSource":{"bucket":"gcf-v2-sources-83092109834-us-central1","object":"testarLembreteCobranca/function-source.zip","generation":"1783902391643165"}},"environmentVariables":{"GOOGLE_NODE_RUN_SCRIPTS":""},"dockerRepository":"projects/venda-e-faturamento/locations/us-central1/repositories/gcf-artifacts","sourceProvenance":{"resolvedStorageSource":{"bucket":"gcf-v2-sources-83092109834-us-central1","object":"testarLembreteCobranca/function-source.zip","generation":"1783902391643165"}},"dockerRegistry":"ARTIFACT_REGISTRY","serviceAccount":"projects/venda-e-faturamento/serviceAccounts/83092109834-compute@developer.gserviceaccount.com","automaticUpdatePolicy":{}},"serviceConfig":{"service":"projects/venda-e-faturamento/locations/us-central1/services/testarlembretecobranca","timeoutSeconds":60,"environmentVariables":{"FIREBASE_CONFIG":"{\"projectId\":\"venda-e-faturamento\",\"databaseURL\":\"https://venda-e-faturamento-default-rtdb.firebaseio.com\",\"storageBucket\":\"venda-e-faturamento.firebasestorage.app\"}","GCLOUD_PROJECT":"venda-e-faturamento","EVENTARC_CLOUD_EVENT_SOURCE":"projects/venda-e-faturamento/locations/us-central1/services/testarLembreteCobranca","FUNCTION_TARGET":"testarLembreteCobranca","LOG_EXECUTION_ID":"true","FUNCTION_SIGNATURE_TYPE":"http"},"ingressSettings":"ALLOW_ALL","uri":"https://testarlembretecobranca-x5dckzzjra-uc.a.run.app","serviceAccountEmail":"83092109834-compute@developer.gserviceaccount.com","availableMemory":"256Mi","allTrafficOnLatestRevision":true,"revision":"testarlembretecobranca-00001-zam","maxInstanceRequestConcurrency":80,"availableCpu":"1"},"state":"ACTIVE","updateTime":"2026-07-13T00:26:38.883531958Z","labels":{"deployment-tool":"cli-firebase","firebase-functions-hash":"fbd9bb43f35cd408b425fd73c3e5040aaf388b58"},"environment":"GEN_2","url":"https://us-central1-venda-e-faturamento.cloudfunctions.net/testarLembreteCobranca","createTime":"2026-07-13T00:26:31.870502494Z","satisfiesPzi":true}]}
[info] ┌────────────────────────┬─────────┬─────────────────────────────────────────┬─────────────┬────────┬──────────┐
│ Function               │ Version │ Trigger                                 │ Location    │ Memory │ Runtime  │
├────────────────────────┼─────────┼─────────────────────────────────────────┼─────────────┼────────┼──────────┤
│ lembreteCobranca       │ v2      │ scheduled                               │ us-central1 │ 256    │ nodejs20 │
├────────────────────────┼─────────┼─────────────────────────────────────────┼─────────────┼────────┼──────────┤
│ notificarNovaEntrega   │ v2      │ google.firebase.database.ref.v1.created │ us-central1 │ 256    │ nodejs20 │
├────────────────────────┼─────────┼─────────────────────────────────────────┼─────────────┼────────┼──────────┤
│ routeProxy             │ v2      │ https                                   │ us-central1 │ 256    │ nodejs20 │
├────────────────────────┼─────────┼─────────────────────────────────────────┼─────────────┼────────┼──────────┤
│ testarLembreteCobranca │ v2      │ https                                   │ us-central1 │ 256    │ nodejs20 │
├────────────────────────┼─────────┼─────────────────────────────────────────┼─────────────┼────────┼──────────┤
│ testarPush             │ v2      │ https                                   │ us-central1 │ 256    │ nodejs20 │
└────────────────────────┴─────────┴─────────────────────────────────────────┴─────────────┴────────┴──────────┘
[debug] [2026-07-25T19:51:42.073Z] ----------------------------------------------------------------------
[debug] [2026-07-25T19:51:42.075Z] Command:       C:\Program Files\nodejs\node.exe C:\Users\Luan Rigatti\AppData\Roaming\npm\node_modules\firebase-tools\lib\bin\firebase.js functions:log --only routeProxy --project venda-e-faturamento
[debug] [2026-07-25T19:51:42.075Z] CLI Version:   15.22.4
[debug] [2026-07-25T19:51:42.075Z] Platform:      win32
[debug] [2026-07-25T19:51:42.075Z] Node Version:  v26.4.0
[debug] [2026-07-25T19:51:42.075Z] Detected Agent: codex_cli
[debug] [2026-07-25T19:51:42.075Z] Time:          Sat Jul 25 2026 16:51:42 GMT-0300 (Horário Padrão de Brasília)
[debug] [2026-07-25T19:51:42.075Z] ----------------------------------------------------------------------
[debug] 
[debug] [2026-07-25T19:51:42.158Z] > command requires scopes: ["email","openid","https://www.googleapis.com/auth/cloudplatformprojects.readonly","https://www.googleapis.com/auth/firebase","https://www.googleapis.com/auth/cloud-platform"]
[debug] [2026-07-25T19:51:42.159Z] > authorizing via signed-in user (luanr.rigatti@gmail.com)
[debug] [2026-07-25T19:51:42.159Z] [iam] checking project venda-e-faturamento for permissions ["firebase.projects.get","logging.logEntries.list","logging.logs.list"]
[debug] [2026-07-25T19:51:42.160Z] Checked if tokens are valid: true, expires at: 1785010310291
[debug] [2026-07-25T19:51:42.160Z] Checked if tokens are valid: true, expires at: 1785010310291
[debug] [2026-07-25T19:51:42.161Z] >>> [apiv2][query] POST https://cloudresourcemanager.googleapis.com/v1/projects/venda-e-faturamento:testIamPermissions [none]
[debug] [2026-07-25T19:51:42.161Z] >>> [apiv2][(partial)header] POST https://cloudresourcemanager.googleapis.com/v1/projects/venda-e-faturamento:testIamPermissions  x-goog-user-project=venda-e-faturamento
[debug] [2026-07-25T19:51:42.161Z] >>> [apiv2][body] POST https://cloudresourcemanager.googleapis.com/v1/projects/venda-e-faturamento:testIamPermissions {"permissions":["firebase.projects.get","logging.logEntries.list","logging.logs.list"]}
[debug] [2026-07-25T19:51:43.048Z] <<< [apiv2][status] POST https://cloudresourcemanager.googleapis.com/v1/projects/venda-e-faturamento:testIamPermissions 200
[debug] [2026-07-25T19:51:43.048Z] <<< [apiv2][body] POST https://cloudresourcemanager.googleapis.com/v1/projects/venda-e-faturamento:testIamPermissions {"permissions":["firebase.projects.get","logging.logEntries.list","logging.logs.list"]}
[debug] [2026-07-25T19:51:43.049Z] Checked if tokens are valid: true, expires at: 1785010310291
[debug] [2026-07-25T19:51:43.049Z] Checked if tokens are valid: true, expires at: 1785010310291
[debug] [2026-07-25T19:51:43.049Z] >>> [apiv2][query] POST https://logging.googleapis.com/v2/entries:list [none]
[debug] [2026-07-25T19:51:43.049Z] >>> [apiv2][body] POST https://logging.googleapis.com/v2/entries:list {"resourceNames":["projects/venda-e-faturamento"],"filter":"resource.type=\"cloud_function\" OR (resource.type=\"cloud_run_revision\" AND labels.\"goog-managed-by\"=\"cloudfunctions\")\n(resource.labels.function_name=\"routeProxy\" OR resource.labels.service_name=\"routeProxy\")","orderBy":"timestamp desc","pageSize":35}
[debug] [2026-07-25T19:51:45.874Z] <<< [apiv2][status] POST https://logging.googleapis.com/v2/entries:list 200
[debug] [2026-07-25T19:51:45.875Z] <<< [apiv2][body] POST https://logging.googleapis.com/v2/entries:list {"entries":[{"textPayload":"routeProxy request failed { code: 'maps_request_failed', operation: 'route', status: 502 }\n","insertId":"6a6512e5000f39a00d5aba48","resource":{"type":"cloud_run_revision","labels":{"location":"us-central1","configuration_name":"routeproxy","service_name":"routeproxy","project_id":"venda-e-faturamento","revision_name":"routeproxy-00001-juk"}},"timestamp":"2026-07-25T19:47:49.997792Z","labels":{"instanceId":"001548f7290a0e18139077704c204eca9836c8c6d2f3b6a9862c9102056ada22d5996ff29a509cdbfb40636296a003e688485ea767c280f4edbc7d305b0cf40c97cafa542131c25c3ae11134d4ec10","run.googleapis.com/base_image_versions":"us-docker.pkg.dev/serverless-runtimes/google-22-full/runtimes/nodejs20:nodejs20_20260615_20_20_2_RC00","execution_id":"0s6yvf90baek","firebase-functions-hash":"b2e35e905c4549e0ff654ffed720f2ccc9692473","goog-managed-by":"cloudfunctions"},"logName":"projects/venda-e-faturamento/logs/run.googleapis.com%2Fstderr","writerEmailAddress":"app-engine-appserver@prod.google.com","internalId":{"projectNumber":"83092109834"},"receiveTimestamp":"2026-07-25T19:47:50.005801505Z","spanId":"13215140979084282844","internalMetadata":{"queryAnnotations":{"residentBucketUuid":"83092109834_d","residentBucketEntityId":{"projectNumber":"83092109834"}},"bucketUuid":[{"tcubeShardNames":["global05-us-east1"],"uid":"83092109834_d"}],"billingSize":"873","logBucketWithSinkInfo":[{"uid":"83092109834_d","tcubeShardNames":["global05-us-east1"],"sinkInfo":[{"status":"OK","unmodifiedDefaultSinkInternalId":{"projectNumber":"83092109834"}}],"bucketOwner":{"projectNumber":"83092109834"}}]}},{"insertId":"6a6512e5000f3e9ebae6e2db","httpRequest":{"requestMethod":"POST","requestUrl":"https://us-central1-venda-e-faturamento.cloudfunctions.net/routeProxy","requestSize":"2410","status":502,"responseSize":"397","userAgent":"mobile","remoteIp":"2804:d55:831a:cf00:760b:138f:bebd:3c46","referer":"http://localhost:8082/","serverIp":"2001:4860:4802:36::36","latency":"0.102429752s","protocol":"HTTP/1.1"},"resource":{"type":"cloud_run_revision","labels":{"service_name":"routeproxy","project_id":"venda-e-faturamento","location":"us-central1","configuration_name":"routeproxy","revision_name":"routeproxy-00001-juk"}},"timestamp":"2026-07-25T19:47:49.894873Z","severity":"ERROR","labels":{"instanceId":"001548f7290a0e18139077704c204eca9836c8c6d2f3b6a9862c9102056ada22d5996ff29a509cdbfb40636296a003e688485ea767c280f4edbc7d305b0cf40c97cafa542131c25c3ae11134d4ec10","firebase-functions-hash":"b2e35e905c4549e0ff654ffed720f2ccc9692473","goog-managed-by":"cloudfunctions"},"logName":"projects/venda-e-faturamento/logs/run.googleapis.com%2Frequests","writerEmailAddress":"app-engine-appserver@prod.google.com","internalId":{"projectNumber":"83092109834"},"trace":"projects/venda-e-faturamento/traces/a516d80669521c2715c0681dd5837b95","receiveTimestamp":"2026-07-25T19:47:50.209877417Z","spanId":"b7659cb42306cbdc","internalMetadata":{"queryAnnotations":{"residentBucketUuid":"83092109834_d","residentBucketEntityId":{"projectNumber":"83092109834"}},"bucketUuid":[{"tcubeShardNames":["global05-us-east1"],"uid":"83092109834_d"}],"billingSize":"877","logBucketWithSinkInfo":[{"uid":"83092109834_d","tcubeShardNames":["global05-us-east1"],"sinkInfo":[{"status":"OK","unmodifiedDefaultSinkInternalId":{"projectNumber":"83092109834"}}],"bucketOwner":{"projectNumber":"83092109834"}}]}},{"insertId":"6a6512e5000b3e2ab95660ca","httpRequest":{"requestMethod":"POST","requestUrl":"https://us-central1-venda-e-faturamento.cloudfunctions.net/routeProxy","requestSize":"1923","status":200,"responseSize":"432","userAgent":"mobile","remoteIp":"2804:d55:831a:cf00:760b:138f:bebd:3c46","referer":"http://localhost:8082/","serverIp":"2001:4860:4802:36::36","latency":"0.158715680s","protocol":"HTTP/1.1"},"resource":{"type":"cloud_run_revision","labels":{"revision_name":"routeproxy-00001-juk","service_name":"routeproxy","project_id":"venda-e-faturamento","configuration_name":"routeproxy","location":"us-central1"}},"timestamp":"2026-07-25T19:47:49.576672Z","severity":"INFO","labels":{"goog-managed-by":"cloudfunctions","firebase-functions-hash":"b2e35e905c4549e0ff654ffed720f2ccc9692473","instanceId":"001548f7290a0e18139077704c204eca9836c8c6d2f3b6a9862c9102056ada22d5996ff29a509cdbfb40636296a003e688485ea767c280f4edbc7d305b0cf40c97cafa542131c25c3ae11134d4ec10"},"logName":"projects/venda-e-faturamento/logs/run.googleapis.com%2Frequests","writerEmailAddress":"app-engine-appserver@prod.google.com","internalId":{"projectNumber":"83092109834"},"trace":"projects/venda-e-faturamento/traces/69189a8ff611e7bd15c0681dd583752b","receiveTimestamp":"2026-07-25T19:47:49.875642754Z","spanId":"bd73ec8e9eaa0a82","internalMetadata":{"queryAnnotations":{"residentBucketUuid":"83092109834_d","residentBucketEntityId":{"projectNumber":"83092109834"}},"bucketUuid":[{"tcubeShardNames":["global05-us-east1"],"uid":"83092109834_d"}],"billingSize":"878","logBucketWithSinkInfo":[{"uid":"83092109834_d","tcubeShardNames":["global05-us-east1"],"sinkInfo":[{"status":"OK","unmodifiedDefaultSinkInternalId":{"projectNumber":"83092109834"}}],"bucketOwner":{"projectNumber":"83092109834"}}]}},{"insertId":"6a6512e5000b4ea4a210cdc3","httpRequest":{"requestMethod":"POST","requestUrl":"https://us-central1-venda-e-faturamento.cloudfunctions.net/routeProxy","requestSize":"1926","status":200,"responseSize":"436","userAgent":"mobile","remoteIp":"2804:d55:831a:cf00:760b:138f:bebd:3c46","referer":"http://localhost:8082/","serverIp":"2001:4860:4802:36::36","latency":"0.163164935s","protocol":"HTTP/1.1"},"resource":{"type":"cloud_run_revision","labels":{"service_name":"routeproxy","project_id":"venda-e-faturamento","configuration_name":"routeproxy","location":"us-central1","revision_name":"routeproxy-00001-juk"}},"timestamp":"2026-07-25T19:47:49.576558Z","severity":"INFO","labels":{"firebase-functions-hash":"b2e35e905c4549e0ff654ffed720f2ccc9692473","goog-managed-by":"cloudfunctions","instanceId":"001548f7290a0e18139077704c204eca9836c8c6d2f3b6a9862c9102056ada22d5996ff29a509cdbfb40636296a003e688485ea767c280f4edbc7d305b0cf40c97cafa542131c25c3ae11134d4ec10"},"logName":"projects/venda-e-faturamento/logs/run.googleapis.com%2Frequests","writerEmailAddress":"app-engine-appserver@prod.google.com","internalId":{"projectNumber":"83092109834"},"trace":"projects/venda-e-faturamento/traces/2dc4ad611070a25915c0681dd5837f86","receiveTimestamp":"2026-07-25T19:47:49.875642754Z","spanId":"310818a43502b8f0","internalMetadata":{"queryAnnotations":{"residentBucketUuid":"83092109834_d","residentBucketEntityId":{"projectNumber":"83092109834"}},"bucketUuid":[{"tcubeShardNames":["global05-us-east1"],"uid":"83092109834_d"}],"billingSize":"878","logBucketWithSinkInfo":[{"uid":"83092109834_d","tcubeShardNames":["global05-us-east1"],"sinkInfo":[{"status":"OK","unmodifiedDefaultSinkInternalId":{"projectNumber":"83092109834"}}],"bucketOwner":{"projectNumber":"83092109834"}}]}},{"insertId":"6a6512e5000b1600c26674fa","httpRequest":{"requestMethod":"POST","requestUrl":"https://us-central1-venda-e-faturamento.cloudfunctions.net/routeProxy","requestSize":"1926","status":200,"responseSize":"443","userAgent":"mobile","remoteIp":"2804:d55:831a:cf00:760b:138f:bebd:3c46","referer":"http://localhost:8082/","serverIp":"2001:4860:4802:36::36","latency":"0.149492352s","protocol":"HTTP/1.1"},"resource":{"type":"cloud_run_revision","labels":{"revision_name":"routeproxy-00001-juk","configuration_name":"routeproxy","location":"us-central1","project_id":"venda-e-faturamento","service_name":"routeproxy"}},"timestamp":"2026-07-25T19:47:49.575588Z","severity":"INFO","labels":{"goog-managed-by":"cloudfunctions","firebase-functions-hash":"b2e35e905c4549e0ff654ffed720f2ccc9692473","instanceId":"001548f7290a0e18139077704c204eca9836c8c6d2f3b6a9862c9102056ada22d5996ff29a509cdbfb40636296a003e688485ea767c280f4edbc7d305b0cf40c97cafa542131c25c3ae11134d4ec10"},"logName":"projects/venda-e-faturamento/logs/run.googleapis.com%2Frequests","writerEmailAddress":"app-engine-appserver@prod.google.com","internalId":{"projectNumber":"83092109834"},"trace":"projects/venda-e-faturamento/traces/2e6c3740a66b736f15c0681dd5837b38","receiveTimestamp":"2026-07-25T19:47:49.875642754Z","spanId":"4816e459cffd4a3f","internalMetadata":{"queryAnnotations":{"residentBucketUuid":"83092109834_d","residentBucketEntityId":{"projectNumber":"83092109834"}},"bucketUuid":[{"tcubeShardNames":["global05-us-east1"],"uid":"83092109834_d"}],"billingSize":"878","logBucketWithSinkInfo":[{"uid":"83092109834_d","tcubeShardNames":["global05-us-east1"],"sinkInfo":[{"status":"OK","unmodifiedDefaultSinkInternalId":{"projectNumber":"83092109834"}}],"bucketOwner":{"projectNumber":"83092109834"}}]}},{"insertId":"6a6512e5000aeddc2fefa214","httpRequest":{"requestMethod":"POST","requestUrl":"https://us-central1-venda-e-faturamento.cloudfunctions.net/routeProxy","requestSize":"1937","status":200,"responseSize":"446","userAgent":"mobile","remoteIp":"2804:d55:831a:cf00:760b:138f:bebd:3c46","referer":"http://localhost:8082/","serverIp":"2001:4860:4802:36::36","latency":"0.139431893s","protocol":"HTTP/1.1"},"resource":{"type":"cloud_run_revision","labels":{"revision_name":"routeproxy-00001-juk","service_name":"routeproxy","project_id":"venda-e-faturamento","configuration_name":"routeproxy","location":"us-central1"}},"timestamp":"2026-07-25T19:47:49.575210Z","severity":"INFO","labels":{"instanceId":"001548f7290a0e18139077704c204eca9836c8c6d2f3b6a9862c9102056ada22d5996ff29a509cdbfb40636296a003e688485ea767c280f4edbc7d305b0cf40c97cafa542131c25c3ae11134d4ec10","goog-managed-by":"cloudfunctions","firebase-functions-hash":"b2e35e905c4549e0ff654ffed720f2ccc9692473"},"logName":"projects/venda-e-faturamento/logs/run.googleapis.com%2Frequests","writerEmailAddress":"app-engine-appserver@prod.google.com","internalId":{"projectNumber":"83092109834"},"trace":"projects/venda-e-faturamento/traces/2ea1221905bf74b415c0681dd5837145","receiveTimestamp":"2026-07-25T19:47:49.875642754Z","spanId":"a061a9d41e982359","internalMetadata":{"queryAnnotations":{"residentBucketUuid":"83092109834_d","residentBucketEntityId":{"projectNumber":"83092109834"}},"bucketUuid":[{"tcubeShardNames":["global05-us-east1"],"uid":"83092109834_d"}],"billingSize":"878","logBucketWithSinkInfo":[{"uid":"83092109834_d","tcubeShardNames":["global05-us-east1"],"sinkInfo":[{"status":"OK","unmodifiedDefaultSinkInternalId":{"projectNumber":"83092109834"}}],"bucketOwner":{"projectNumber":"83092109834"}}]}},{"insertId":"6a6512e5000ae0318bfc0a1e","httpRequest":{"requestMethod":"POST","requestUrl":"https://us-central1-venda-e-faturamento.cloudfunctions.net/routeProxy","requestSize":"1922","status":200,"responseSize":"431","userAgent":"mobile","remoteIp":"2804:d55:831a:cf00:760b:138f:bebd:3c46","referer":"http://localhost:8082/","serverIp":"2001:4860:4802:36::36","latency":"0.137294550s","protocol":"HTTP/1.1"},"resource":{"type":"cloud_run_revision","labels":{"revision_name":"routeproxy-00001-juk","service_name":"routeproxy","project_id":"venda-e-faturamento","configuration_name":"routeproxy","location":"us-central1"}},"timestamp":"2026-07-25T19:47:49.573798Z","severity":"INFO","labels":{"instanceId":"001548f7290a0e18139077704c204eca9836c8c6d2f3b6a9862c9102056ada22d5996ff29a509cdbfb40636296a003e688485ea767c280f4edbc7d305b0cf40c97cafa542131c25c3ae11134d4ec10","goog-managed-by":"cloudfunctions","firebase-functions-hash":"b2e35e905c4549e0ff654ffed720f2ccc9692473"},"logName":"projects/venda-e-faturamento/logs/run.googleapis.com%2Frequests","writerEmailAddress":"app-engine-appserver@prod.google.com","internalId":{"projectNumber":"83092109834"},"trace":"projects/venda-e-faturamento/traces/89a134e75a8b9f7c15c0681dd5837d5f","receiveTimestamp":"2026-07-25T19:47:49.875642754Z","spanId":"5900d9d9dcaff956","internalMetadata":{"queryAnnotations":{"residentBucketUuid":"83092109834_d","residentBucketEntityId":{"projectNumber":"83092109834"}},"bucketUuid":[{"tcubeShardNames":["global05-us-east1"],"uid":"83092109834_d"}],"billingSize":"878","logBucketWithSinkInfo":[{"uid":"83092109834_d","tcubeShardNames":["global05-us-east1"],"sinkInfo":[{"status":"OK","unmodifiedDefaultSinkInternalId":{"projectNumber":"83092109834"}}],"bucketOwner":{"projectNumber":"83092109834"}}]}},{"insertId":"6a6512e50009e1691ecefac7","httpRequest":{"requestMethod":"POST","requestUrl":"https://us-central1-venda-e-faturamento.cloudfunctions.net/routeProxy","requestSize":"1925","status":200,"responseSize":"462","userAgent":"mobile","remoteIp":"2804:d55:831a:cf00:760b:138f:bebd:3c46","referer":"http://localhost:8082/","serverIp":"2001:4860:4802:36::36","latency":"0.072285687s","protocol":"HTTP/1.1"},"resource":{"type":"cloud_run_revision","labels":{"project_id":"venda-e-faturamento","service_name":"routeproxy","location":"us-central1","configuration_name":"routeproxy","revision_name":"routeproxy-00001-juk"}},"timestamp":"2026-07-25T19:47:49.573557Z","severity":"INFO","labels":{"instanceId":"001548f7290a0e18139077704c204eca9836c8c6d2f3b6a9862c9102056ada22d5996ff29a509cdbfb40636296a003e688485ea767c280f4edbc7d305b0cf40c97cafa542131c25c3ae11134d4ec10","firebase-functions-hash":"b2e35e905c4549e0ff654ffed720f2ccc9692473","goog-managed-by":"cloudfunctions"},"logName":"projects/venda-e-faturamento/logs/run.googleapis.com%2Frequests","writerEmailAddress":"app-engine-appserver@prod.google.com","internalId":{"projectNumber":"83092109834"},"trace":"projects/venda-e-faturamento/traces/d9e3b7422797e62515c0681dd5837752","receiveTimestamp":"2026-07-25T19:47:49.875642754Z","spanId":"c5acc2b58a595cb9","internalMetadata":{"queryAnnotations":{"residentBucketUuid":"83092109834_d","residentBucketEntityId":{"projectNumber":"83092109834"}},"bucketUuid":[{"tcubeShardNames":["global05-us-east1"],"uid":"83092109834_d"}],"billingSize":"878","logBucketWithSinkInfo":[{"uid":"83092109834_d","tcubeShardNames":["global05-us-east1"],"sinkInfo":[{"status":"OK","unmodifiedDefaultSinkInternalId":{"projectNumber":"83092109834"}}],"bucketOwner":{"projectNumber":"83092109834"}}]}},{"insertId":"6a6512e50009c13a48de6d7a","httpRequest":{"requestMethod":"POST","requestUrl":"https://us-central1-venda-e-faturamento.cloudfunctions.net/routeProxy","requestSize":"1922","status":200,"responseSize":"431","userAgent":"mobile","remoteIp":"2804:d55:831a:cf00:760b:138f:bebd:3c46","referer":"http://localhost:8082/","serverIp":"2001:4860:4802:36::36","latency":"0.063938144s","protocol":"HTTP/1.1"},"resource":{"type":"cloud_run_revision","labels":{"service_name":"routeproxy","project_id":"venda-e-faturamento","location":"us-central1","configuration_name":"routeproxy","revision_name":"routeproxy-00001-juk"}},"timestamp":"2026-07-25T19:47:49.573351Z","severity":"INFO","labels":{"instanceId":"001548f7290a0e18139077704c204eca9836c8c6d2f3b6a9862c9102056ada22d5996ff29a509cdbfb40636296a003e688485ea767c280f4edbc7d305b0cf40c97cafa542131c25c3ae11134d4ec10","firebase-functions-hash":"b2e35e905c4549e0ff654ffed720f2ccc9692473","goog-managed-by":"cloudfunctions"},"logName":"projects/venda-e-faturamento/logs/run.googleapis.com%2Frequests","writerEmailAddress":"app-engine-appserver@prod.google.com","internalId":{"projectNumber":"83092109834"},"trace":"projects/venda-e-faturamento/traces/085fbce61e1ba88d15c0681dd583736c","receiveTimestamp":"2026-07-25T19:47:49.875642754Z","spanId":"8b153ac70f02e15c","internalMetadata":{"queryAnnotations":{"residentBucketUuid":"83092109834_d","residentBucketEntityId":{"projectNumber":"83092109834"}},"bucketUuid":[{"tcubeShardNames":["global05-us-east1"],"uid":"83092109834_d"}],"billingSize":"878","logBucketWithSinkInfo":[{"uid":"83092109834_d","tcubeShardNames":["global05-us-east1"],"sinkInfo":[{"status":"OK","unmodifiedDefaultSinkInternalId":{"projectNumber":"83092109834"}}],"bucketOwner":{"projectNumber":"83092109834"}}]}},{"insertId":"6a6512e5000a29d23e806628","httpRequest":{"requestMethod":"POST","requestUrl":"https://us-central1-venda-e-faturamento.cloudfunctions.net/routeProxy","requestSize":"1935","status":200,"responseSize":"439","userAgent":"mobile","remoteIp":"2804:d55:831a:cf00:760b:138f:bebd:3c46","referer":"http://localhost:8082/","serverIp":"2001:4860:4802:36::36","latency":"0.092288613s","protocol":"HTTP/1.1"},"resource":{"type":"cloud_run_revision","labels":{"revision_name":"routeproxy-00001-juk","service_name":"routeproxy","project_id":"venda-e-faturamento","location":"us-central1","configuration_name":"routeproxy"}},"timestamp":"2026-07-25T19:47:49.572130Z","severity":"INFO","labels":{"instanceId":"001548f7290a0e18139077704c204eca9836c8c6d2f3b6a9862c9102056ada22d5996ff29a509cdbfb40636296a003e688485ea767c280f4edbc7d305b0cf40c97cafa542131c25c3ae11134d4ec10","goog-managed-by":"cloudfunctions","firebase-functions-hash":"b2e35e905c4549e0ff654ffed720f2ccc9692473"},"logName":"projects/venda-e-faturamento/logs/run.googleapis.com%2Frequests","writerEmailAddress":"app-engine-appserver@prod.google.com","internalId":{"projectNumber":"83092109834"},"trace":"projects/venda-e-faturamento/traces/26b49b06dc6290b215c0681dd5837979","receiveTimestamp":"2026-07-25T19:47:49.875642754Z","spanId":"b2a44550aa19dd70","internalMetadata":{"queryAnnotations":{"residentBucketUuid":"83092109834_d","residentBucketEntityId":{"projectNumber":"83092109834"}},"bucketUuid":[{"tcubeShardNames":["global05-us-east1"],"uid":"83092109834_d"}],"billingSize":"878","logBucketWithSinkInfo":[{"uid":"83092109834_d","tcubeShardNames":["global05-us-east1"],"sinkInfo":[{"status":"OK","unmodifiedDefaultSinkInternalId":{"projectNumber":"83092109834"}}],"bucketOwner":{"projectNumber":"83092109834"}}]}},{"insertId":"6a6512e50006609a9ce5958b","httpRequest":{"requestMethod":"POST","requestUrl":"https://us-central1-venda-e-faturamento.cloudfunctions.net/routeProxy","requestSize":"1917","status":200,"responseSize":"436","userAgent":"mobile","remoteIp":"2804:d55:831a:cf00:760b:138f:bebd:3c46","referer":"http://localhost:8082/","serverIp":"2001:4860:4802:36::36","latency":"0.044319585s","protocol":"HTTP/1.1"},"resource":{"type":"cloud_run_revision","labels":{"project_id":"venda-e-faturamento","service_name":"routeproxy","location":"us-central1","configuration_name":"routeproxy","revision_name":"routeproxy-00001-juk"}},"timestamp":"2026-07-25T19:47:49.372079Z","severity":"INFO","labels":{"instanceId":"001548f7290a0e18139077704c204eca9836c8c6d2f3b6a9862c9102056ada22d5996ff29a509cdbfb40636296a003e688485ea767c280f4edbc7d305b0cf40c97cafa542131c25c3ae11134d4ec10","goog-managed-by":"cloudfunctions","firebase-functions-hash":"b2e35e905c4549e0ff654ffed720f2ccc9692473"},"logName":"projects/venda-e-faturamento/logs/run.googleapis.com%2Frequests","writerEmailAddress":"app-engine-appserver@prod.google.com","internalId":{"projectNumber":"83092109834"},"trace":"projects/venda-e-faturamento/traces/e19a5e0062b0656315c0681dd5837107","receiveTimestamp":"2026-07-25T19:47:49.542004550Z","spanId":"8041a6527140d58b","internalMetadata":{"queryAnnotations":{"residentBucketUuid":"83092109834_d","residentBucketEntityId":{"projectNumber":"83092109834"}},"bucketUuid":[{"tcubeShardNames":["global05-us-east1"],"uid":"83092109834_d"}],"billingSize":"878","logBucketWithSinkInfo":[{"uid":"83092109834_d","tcubeShardNames":["global05-us-east1"],"sinkInfo":[{"status":"OK","unmodifiedDefaultSinkInternalId":{"projectNumber":"83092109834"}}],"bucketOwner":{"projectNumber":"83092109834"}}]}},{"insertId":"6a6512e500063668fc0cedb0","httpRequest":{"requestMethod":"POST","requestUrl":"https://us-central1-venda-e-faturamento.cloudfunctions.net/routeProxy","requestSize":"1909","status":200,"responseSize":"430","userAgent":"mobile","remoteIp":"2804:d55:831a:cf00:760b:138f:bebd:3c46","referer":"http://localhost:8082/","serverIp":"2001:4860:4802:36::36","latency":"0.049428504s","protocol":"HTTP/1.1"},"resource":{"type":"cloud_run_revision","labels":{"location":"us-central1","configuration_name":"routeproxy","project_id":"venda-e-faturamento","service_name":"routeproxy","revision_name":"routeproxy-00001-juk"}},"timestamp":"2026-07-25T19:47:49.355867Z","severity":"INFO","labels":{"firebase-functions-hash":"b2e35e905c4549e0ff654ffed720f2ccc9692473","goog-managed-by":"cloudfunctions","instanceId":"001548f7290a0e18139077704c204eca9836c8c6d2f3b6a9862c9102056ada22d5996ff29a509cdbfb40636296a003e688485ea767c280f4edbc7d305b0cf40c97cafa542131c25c3ae11134d4ec10"},"logName":"projects/venda-e-faturamento/logs/run.googleapis.com%2Frequests","writerEmailAddress":"app-engine-appserver@prod.google.com","internalId":{"projectNumber":"83092109834"},"trace":"projects/venda-e-faturamento/traces/396076f6b62f3d4515c0681dd583777c","receiveTimestamp":"2026-07-25T19:47:49.542004550Z","spanId":"c239abd75830beea","internalMetadata":{"queryAnnotations":{"residentBucketUuid":"83092109834_d","residentBucketEntityId":{"projectNumber":"83092109834"}},"bucketUuid":[{"tcubeShardNames":["global05-us-east1"],"uid":"83092109834_d"}],"billingSize":"878","logBucketWithSinkInfo":[{"uid":"83092109834_d","tcubeShardNames":["global05-us-east1"],"sinkInfo":[{"status":"OK","unmodifiedDefaultSinkInternalId":{"projectNumber":"83092109834"}}],"bucketOwner":{"projectNumber":"83092109834"}}]}},{"insertId":"6a6512e50003359f40ada8eb","httpRequest":{"requestMethod":"OPTIONS","requestUrl":"https://us-central1-venda-e-faturamento.cloudfunctions.net/routeProxy","requestSize":"643","status":204,"responseSize":"236","userAgent":"mobile","remoteIp":"2804:d55:831a:cf00:760b:138f:bebd:3c46","referer":"http://localhost:8082/","serverIp":"2001:4860:4802:36::36","latency":"0.002593910s","protocol":"HTTP/1.1"},"resource":{"type":"cloud_run_revision","labels":{"revision_name":"routeproxy-00001-juk","location":"us-central1","configuration_name":"routeproxy","service_name":"routeproxy","project_id":"venda-e-faturamento"}},"timestamp":"2026-07-25T19:47:49.205963Z","severity":"INFO","labels":{"instanceId":"001548f7290a0e18139077704c204eca9836c8c6d2f3b6a9862c9102056ada22d5996ff29a509cdbfb40636296a003e688485ea767c280f4edbc7d305b0cf40c97cafa542131c25c3ae11134d4ec10","goog-managed-by":"cloudfunctions","firebase-functions-hash":"b2e35e905c4549e0ff654ffed720f2ccc9692473"},"logName":"projects/venda-e-faturamento/logs/run.googleapis.com%2Frequests","writerEmailAddress":"app-engine-appserver@prod.google.com","internalId":{"projectNumber":"83092109834"},"trace":"projects/venda-e-faturamento/traces/93fd5d6631746ce315c0681dd5837606","receiveTimestamp":"2026-07-25T19:47:49.542004550Z","spanId":"1ab60136dbc6eb30","internalMetadata":{"queryAnnotations":{"residentBucketUuid":"83092109834_d","residentBucketEntityId":{"projectNumber":"83092109834"}},"bucketUuid":[{"tcubeShardNames":["global05-us-east1"],"uid":"83092109834_d"}],"billingSize":"880","logBucketWithSinkInfo":[{"uid":"83092109834_d","tcubeShardNames":["global05-us-east1"],"sinkInfo":[{"status":"OK","unmodifiedDefaultSinkInternalId":{"projectNumber":"83092109834"}}],"bucketOwner":{"projectNumber":"83092109834"}}]}},{"insertId":"6a6512e5000319760df166f3","httpRequest":{"requestMethod":"OPTIONS","requestUrl":"https://us-central1-venda-e-faturamento.cloudfunctions.net/routeProxy","requestSize":"642","status":204,"responseSize":"236","userAgent":"mobile","remoteIp":"2804:d55:831a:cf00:760b:138f:bebd:3c46","referer":"http://localhost:8082/","serverIp":"2001:4860:4802:36::36","latency":"0.003361930s","protocol":"HTTP/1.1"},"resource":{"type":"cloud_run_revision","labels":{"revision_name":"routeproxy-00001-juk","location":"us-central1","configuration_name":"routeproxy","service_name":"routeproxy","project_id":"venda-e-faturamento"}},"timestamp":"2026-07-25T19:47:49.198309Z","severity":"INFO","labels":{"instanceId":"001548f7290a0e18139077704c204eca9836c8c6d2f3b6a9862c9102056ada22d5996ff29a509cdbfb40636296a003e688485ea767c280f4edbc7d305b0cf40c97cafa542131c25c3ae11134d4ec10","goog-managed-by":"cloudfunctions","firebase-functions-hash":"b2e35e905c4549e0ff654ffed720f2ccc9692473"},"logName":"projects/venda-e-faturamento/logs/run.googleapis.com%2Frequests","writerEmailAddress":"app-engine-appserver@prod.google.com","internalId":{"projectNumber":"83092109834"},"trace":"projects/venda-e-faturamento/traces/8d990bfe8d7be6ee15c0681dd5837c13","receiveTimestamp":"2026-07-25T19:47:49.209854523Z","spanId":"1874e5ffdb2a1fca","traceSampled":true,"internalMetadata":{"queryAnnotations":{"residentBucketUuid":"83092109834_d","residentBucketEntityId":{"projectNumber":"83092109834"}},"bucketUuid":[{"tcubeShardNames":["global05-us-east1"],"uid":"83092109834_d"}],"billingSize":"882","logBucketWithSinkInfo":[{"uid":"83092109834_d","tcubeShardNames":["global05-us-east1"],"sinkInfo":[{"status":"OK","unmodifiedDefaultSinkInternalId":{"projectNumber":"83092109834"}}],"bucketOwner":{"projectNumber":"83092109834"}}]}},{"textPayload":"routeProxy request failed { code: 'maps_request_failed', operation: 'route', status: 502 }\n","insertId":"6a6512c200032bc2289118be","resource":{"type":"cloud_run_revision","labels":{"revision_name":"routeproxy-00001-juk","configuration_name":"routeproxy","location":"us-central1","project_id":"venda-e-faturamento","service_name":"routeproxy"}},"timestamp":"2026-07-25T19:47:14.207810Z","labels":{"instanceId":"001548f7290a0e18139077704c204eca9836c8c6d2f3b6a9862c9102056ada22d5996ff29a509cdbfb40636296a003e688485ea767c280f4edbc7d305b0cf40c97cafa542131c25c3ae11134d4ec10","run.googleapis.com/base_image_versions":"us-docker.pkg.dev/serverless-runtimes/google-22-full/runtimes/nodejs20:nodejs20_20260615_20_20_2_RC00","goog-managed-by":"cloudfunctions","firebase-functions-hash":"b2e35e905c4549e0ff654ffed720f2ccc9692473","execution_id":"0s678zgnopha"},"logName":"projects/venda-e-faturamento/logs/run.googleapis.com%2Fstderr","writerEmailAddress":"app-engine-appserver@prod.google.com","internalId":{"projectNumber":"83092109834"},"receiveTimestamp":"2026-07-25T19:47:14.214064568Z","spanId":"2952119934928572489","internalMetadata":{"queryAnnotations":{"residentBucketUuid":"83092109834_d","residentBucketEntityId":{"projectNumber":"83092109834"}},"bucketUuid":[{"tcubeShardNames":["global05-us-east1"],"uid":"83092109834_d"}],"billingSize":"871","logBucketWithSinkInfo":[{"uid":"83092109834_d","tcubeShardNames":["global05-us-east1"],"sinkInfo":[{"status":"OK","unmodifiedDefaultSinkInternalId":{"projectNumber":"83092109834"}}],"bucketOwner":{"projectNumber":"83092109834"}}]}},{"insertId":"6a6512c2000330cc1515a5b6","httpRequest":{"requestMethod":"POST","requestUrl":"https://us-central1-venda-e-faturamento.cloudfunctions.net/routeProxy","requestSize":"2361","status":502,"responseSize":"397","userAgent":"mobile","remoteIp":"2804:d55:831a:cf00:760b:138f:bebd:3c46","referer":"http://localhost:8082/","serverIp":"2001:4860:4802:36::36","latency":"0.111889267s","protocol":"HTTP/1.1"},"resource":{"type":"cloud_run_revision","labels":{"revision_name":"routeproxy-00001-juk","configuration_name":"routeproxy","location":"us-central1","service_name":"routeproxy","project_id":"venda-e-faturamento"}},"timestamp":"2026-07-25T19:47:14.095683Z","severity":"ERROR","labels":{"instanceId":"001548f7290a0e18139077704c204eca9836c8c6d2f3b6a9862c9102056ada22d5996ff29a509cdbfb40636296a003e688485ea767c280f4edbc7d305b0cf40c97cafa542131c25c3ae11134d4ec10","firebase-functions-hash":"b2e35e905c4549e0ff654ffed720f2ccc9692473","goog-managed-by":"cloudfunctions"},"logName":"projects/venda-e-faturamento/logs/run.googleapis.com%2Frequests","writerEmailAddress":"app-engine-appserver@prod.google.com","internalId":{"projectNumber":"83092109834"},"trace":"projects/venda-e-faturamento/traces/527532d0b25556243af3175aa6b400e0","receiveTimestamp":"2026-07-25T19:47:14.339507869Z","spanId":"28f8097097c45049","internalMetadata":{"queryAnnotations":{"residentBucketUuid":"83092109834_d","residentBucketEntityId":{"projectNumber":"83092109834"}},"bucketUuid":[{"tcubeShardNames":["global05-us-east1"],"uid":"83092109834_d"}],"billingSize":"877","logBucketWithSinkInfo":[{"uid":"83092109834_d","tcubeShardNames":["global05-us-east1"],"sinkInfo":[{"status":"OK","unmodifiedDefaultSinkInternalId":{"projectNumber":"83092109834"}}],"bucketOwner":{"projectNumber":"83092109834"}}]}},{"insertId":"6a6512c1000e64c6a40ff981","httpRequest":{"requestMethod":"POST","requestUrl":"https://us-central1-venda-e-faturamento.cloudfunctions.net/routeProxy","requestSize":"1929","status":200,"responseSize":"440","userAgent":"mobile","remoteIp":"2804:d55:831a:cf00:760b:138f:bebd:3c46","referer":"http://localhost:8082/","serverIp":"2001:4860:4802:36::36","latency":"0.258992598s","protocol":"HTTP/1.1"},"resource":{"type":"cloud_run_revision","labels":{"configuration_name":"routeproxy","location":"us-central1","project_id":"venda-e-faturamento","service_name":"routeproxy","revision_name":"routeproxy-00001-juk"}},"timestamp":"2026-07-25T19:47:13.681600Z","severity":"INFO","labels":{"instanceId":"001548f7290a0e18139077704c204eca9836c8c6d2f3b6a9862c9102056ada22d5996ff29a509cdbfb40636296a003e688485ea767c280f4edbc7d305b0cf40c97cafa542131c25c3ae11134d4ec10","goog-managed-by":"cloudfunctions","firebase-functions-hash":"b2e35e905c4549e0ff654ffed720f2ccc9692473"},"logName":"projects/venda-e-faturamento/logs/run.googleapis.com%2Frequests","writerEmailAddress":"app-engine-appserver@prod.google.com","internalId":{"projectNumber":"83092109834"},"trace":"projects/venda-e-faturamento/traces/a3f780caa1169b2a3af3175aa6b40264","receiveTimestamp":"2026-07-25T19:47:14.005198362Z","spanId":"c151efa5c7111ecd","internalMetadata":{"queryAnnotations":{"residentBucketUuid":"83092109834_d","residentBucketEntityId":{"projectNumber":"83092109834"}},"bucketUuid":[{"tcubeShardNames":["global05-us-east1"],"uid":"83092109834_d"}],"billingSize":"877","logBucketWithSinkInfo":[{"uid":"83092109834_d","tcubeShardNames":["global05-us-east1"],"sinkInfo":[{"status":"OK","unmodifiedDefaultSinkInternalId":{"projectNumber":"83092109834"}}],"bucketOwner":{"projectNumber":"83092109834"}}]}},{"insertId":"6a6512c1000e1b56cb3d849a","httpRequest":{"requestMethod":"POST","requestUrl":"https://us-central1-venda-e-faturamento.cloudfunctions.net/routeProxy","requestSize":"1923","status":200,"responseSize":"432","userAgent":"mobile","remoteIp":"2804:d55:831a:cf00:760b:138f:bebd:3c46","referer":"http://localhost:8082/","serverIp":"2001:4860:4802:36::36","latency":"0.240592803s","protocol":"HTTP/1.1"},"resource":{"type":"cloud_run_revision","labels":{"revision_name":"routeproxy-00001-juk","configuration_name":"routeproxy","location":"us-central1","project_id":"venda-e-faturamento","service_name":"routeproxy"}},"timestamp":"2026-07-25T19:47:13.681247Z","severity":"INFO","labels":{"goog-managed-by":"cloudfunctions","firebase-functions-hash":"b2e35e905c4549e0ff654ffed720f2ccc9692473","instanceId":"001548f7290a0e18139077704c204eca9836c8c6d2f3b6a9862c9102056ada22d5996ff29a509cdbfb40636296a003e688485ea767c280f4edbc7d305b0cf40c97cafa542131c25c3ae11134d4ec10"},"logName":"projects/venda-e-faturamento/logs/run.googleapis.com%2Frequests","writerEmailAddress":"app-engine-appserver@prod.google.com","internalId":{"projectNumber":"83092109834"},"trace":"projects/venda-e-faturamento/traces/cd8e63cd754e1d533af3175aa6b402e5","receiveTimestamp":"2026-07-25T19:47:14.005198362Z","spanId":"a5c0aeabd6523d72","internalMetadata":{"queryAnnotations":{"residentBucketUuid":"83092109834_d","residentBucketEntityId":{"projectNumber":"83092109834"}},"bucketUuid":[{"tcubeShardNames":["global05-us-east1"],"uid":"83092109834_d"}],"billingSize":"877","logBucketWithSinkInfo":[{"uid":"83092109834_d","tcubeShardNames":["global05-us-east1"],"sinkInfo":[{"status":"OK","unmodifiedDefaultSinkInternalId":{"projectNumber":"83092109834"}}],"bucketOwner":{"projectNumber":"83092109834"}}]}},{"insertId":"6a6512c1000e432f906ed09c","httpRequest":{"requestMethod":"POST","requestUrl":"https://us-central1-venda-e-faturamento.cloudfunctions.net/routeProxy","requestSize":"1904","status":200,"responseSize":"434","userAgent":"mobile","remoteIp":"2804:d55:831a:cf00:760b:138f:bebd:3c46","referer":"http://localhost:8082/","serverIp":"2001:4860:4802:36::36","latency":"0.251694998s","protocol":"HTTP/1.1"},"resource":{"type":"cloud_run_revision","labels":{"location":"us-central1","configuration_name":"routeproxy","project_id":"venda-e-faturamento","service_name":"routeproxy","revision_name":"routeproxy-00001-juk"}},"timestamp":"2026-07-25T19:47:13.680769Z","severity":"INFO","labels":{"goog-managed-by":"cloudfunctions","firebase-functions-hash":"b2e35e905c4549e0ff654ffed720f2ccc9692473","instanceId":"001548f7290a0e18139077704c204eca9836c8c6d2f3b6a9862c9102056ada22d5996ff29a509cdbfb40636296a003e688485ea767c280f4edbc7d305b0cf40c97cafa542131c25c3ae11134d4ec10"},"logName":"projects/venda-e-faturamento/logs/run.googleapis.com%2Frequests","writerEmailAddress":"app-engine-appserver@prod.google.com","internalId":{"projectNumber":"83092109834"},"trace":"projects/venda-e-faturamento/traces/efae503f9fc129593af3175aa6b401e3","receiveTimestamp":"2026-07-25T19:47:14.005198362Z","spanId":"7d71ae3ad812cd89","internalMetadata":{"queryAnnotations":{"residentBucketUuid":"83092109834_d","residentBucketEntityId":{"projectNumber":"83092109834"}},"bucketUuid":[{"tcubeShardNames":["global05-us-east1"],"uid":"83092109834_d"}],"billingSize":"877","logBucketWithSinkInfo":[{"uid":"83092109834_d","tcubeShardNames":["global05-us-east1"],"sinkInfo":[{"status":"OK","unmodifiedDefaultSinkInternalId":{"projectNumber":"83092109834"}}],"bucketOwner":{"projectNumber":"83092109834"}}]}},{"insertId":"6a6512c1000c601c434825e2","httpRequest":{"requestMethod":"POST","requestUrl":"https://us-central1-venda-e-faturamento.cloudfunctions.net/routeProxy","requestSize":"1922","status":200,"responseSize":"431","userAgent":"mobile","remoteIp":"2804:d55:831a:cf00:760b:138f:bebd:3c46","referer":"http://localhost:8082/","serverIp":"2001:4860:4802:36::36","latency":"0.129673089s","protocol":"HTTP/1.1"},"resource":{"type":"cloud_run_revision","labels":{"configuration_name":"routeproxy","location":"us-central1","project_id":"venda-e-faturamento","service_name":"routeproxy","revision_name":"routeproxy-00001-juk"}},"timestamp":"2026-07-25T19:47:13.679497Z","severity":"INFO","labels":{"goog-managed-by":"cloudfunctions","firebase-functions-hash":"b2e35e905c4549e0ff654ffed720f2ccc9692473","instanceId":"001548f7290a0e18139077704c204eca9836c8c6d2f3b6a9862c9102056ada22d5996ff29a509cdbfb40636296a003e688485ea767c280f4edbc7d305b0cf40c97cafa542131c25c3ae11134d4ec10"},"logName":"projects/venda-e-faturamento/logs/run.googleapis.com%2Frequests","writerEmailAddress":"app-engine-appserver@prod.google.com","internalId":{"projectNumber":"83092109834"},"trace":"projects/venda-e-faturamento/traces/c63c7453442596173af3175aa6b400e1","receiveTimestamp":"2026-07-25T19:47:14.005198362Z","spanId":"105339939bf17b7b","internalMetadata":{"queryAnnotations":{"residentBucketUuid":"83092109834_d","residentBucketEntityId":{"projectNumber":"83092109834"}},"bucketUuid":[{"tcubeShardNames":["global05-us-east1"],"uid":"83092109834_d"}],"billingSize":"877","logBucketWithSinkInfo":[{"uid":"83092109834_d","tcubeShardNames":["global05-us-east1"],"sinkInfo":[{"status":"OK","unmodifiedDefaultSinkInternalId":{"projectNumber":"83092109834"}}],"bucketOwner":{"projectNumber":"83092109834"}}]}},{"insertId":"6a6512c1000e542c39abbd75","httpRequest":{"requestMethod":"POST","requestUrl":"https://us-central1-venda-e-faturamento.cloudfunctions.net/routeProxy","requestSize":"1925","status":200,"responseSize":"462","userAgent":"mobile","remoteIp":"2804:d55:831a:cf00:760b:138f:bebd:3c46","referer":"http://localhost:8082/","serverIp":"2001:4860:4802:36::36","latency":"0.257655951s","protocol":"HTTP/1.1"},"resource":{"type":"cloud_run_revision","labels":{"service_name":"routeproxy","project_id":"venda-e-faturamento","configuration_name":"routeproxy","location":"us-central1","revision_name":"routeproxy-00001-juk"}},"timestamp":"2026-07-25T19:47:13.679303Z","severity":"INFO","labels":{"firebase-functions-hash":"b2e35e905c4549e0ff654ffed720f2ccc9692473","goog-managed-by":"cloudfunctions","instanceId":"001548f7290a0e18139077704c204eca9836c8c6d2f3b6a9862c9102056ada22d5996ff29a509cdbfb40636296a003e688485ea767c280f4edbc7d305b0cf40c97cafa542131c25c3ae11134d4ec10"},"logName":"projects/venda-e-faturamento/logs/run.googleapis.com%2Frequests","writerEmailAddress":"app-engine-appserver@prod.google.com","internalId":{"projectNumber":"83092109834"},"trace":"projects/venda-e-faturamento/traces/5b05b27f986452f33af3175aa6b40162","receiveTimestamp":"2026-07-25T19:47:14.005198362Z","spanId":"1d579682d10d0d30","internalMetadata":{"queryAnnotations":{"residentBucketUuid":"83092109834_d","residentBucketEntityId":{"projectNumber":"83092109834"}},"bucketUuid":[{"tcubeShardNames":["global05-us-east1"],"uid":"83092109834_d"}],"billingSize":"877","logBucketWithSinkInfo":[{"uid":"83092109834_d","tcubeShardNames":["global05-us-east1"],"sinkInfo":[{"status":"OK","unmodifiedDefaultSinkInternalId":{"projectNumber":"83092109834"}}],"bucketOwner":{"projectNumber":"83092109834"}}]}},{"insertId":"6a6512c1000e02d95e0fff14","httpRequest":{"requestMethod":"POST","requestUrl":"https://us-central1-venda-e-faturamento.cloudfunctions.net/routeProxy","requestSize":"1944","status":200,"responseSize":"444","userAgent":"mobile","remoteIp":"2804:d55:831a:cf00:760b:138f:bebd:3c46","referer":"http://localhost:8082/","serverIp":"2001:4860:4802:36::36","latency":"0.237306750s","protocol":"HTTP/1.1"},"resource":{"type":"cloud_run_revision","labels":{"service_name":"routeproxy","project_id":"venda-e-faturamento","configuration_name":"routeproxy","location":"us-central1","revision_name":"routeproxy-00001-juk"}},"timestamp":"2026-07-25T19:47:13.679269Z","severity":"INFO","labels":{"goog-managed-by":"cloudfunctions","firebase-functions-hash":"b2e35e905c4549e0ff654ffed720f2ccc9692473","instanceId":"001548f7290a0e18139077704c204eca9836c8c6d2f3b6a9862c9102056ada22d5996ff29a509cdbfb40636296a003e688485ea767c280f4edbc7d305b0cf40c97cafa542131c25c3ae11134d4ec10"},"logName":"projects/venda-e-faturamento/logs/run.googleapis.com%2Frequests","writerEmailAddress":"app-engine-appserver@prod.google.com","internalId":{"projectNumber":"83092109834"},"trace":"projects/venda-e-faturamento/traces/e04971564c68349b3af3175aa6b40060","receiveTimestamp":"2026-07-25T19:47:14.005198362Z","spanId":"1a2225a98f3a8944","internalMetadata":{"queryAnnotations":{"residentBucketUuid":"83092109834_d","residentBucketEntityId":{"projectNumber":"83092109834"}},"bucketUuid":[{"tcubeShardNames":["global05-us-east1"],"uid":"83092109834_d"}],"billingSize":"877","logBucketWithSinkInfo":[{"uid":"83092109834_d","tcubeShardNames":["global05-us-east1"],"sinkInfo":[{"status":"OK","unmodifiedDefaultSinkInternalId":{"projectNumber":"83092109834"}}],"bucketOwner":{"projectNumber":"83092109834"}}]}},{"insertId":"6a6512c1000c7ff0eed25ae2","httpRequest":{"requestMethod":"POST","requestUrl":"https://us-central1-venda-e-faturamento.cloudfunctions.net/routeProxy","requestSize":"1935","status":200,"responseSize":"439","userAgent":"mobile","remoteIp":"2804:d55:831a:cf00:760b:138f:bebd:3c46","referer":"http://localhost:8082/","serverIp":"2001:4860:4802:36::36","latency":"0.139351173s","protocol":"HTTP/1.1"},"resource":{"type":"cloud_run_revision","labels":{"revision_name":"routeproxy-00001-juk","project_id":"venda-e-faturamento","service_name":"routeproxy","location":"us-central1","configuration_name":"routeproxy"}},"timestamp":"2026-07-25T19:47:13.678128Z","severity":"INFO","labels":{"instanceId":"001548f7290a0e18139077704c204eca9836c8c6d2f3b6a9862c9102056ada22d5996ff29a509cdbfb40636296a003e688485ea767c280f4edbc7d305b0cf40c97cafa542131c25c3ae11134d4ec10","firebase-functions-hash":"b2e35e905c4549e0ff654ffed720f2ccc9692473","goog-managed-by":"cloudfunctions"},"logName":"projects/venda-e-faturamento/logs/run.googleapis.com%2Frequests","writerEmailAddress":"app-engine-appserver@prod.google.com","internalId":{"projectNumber":"83092109834"},"trace":"projects/venda-e-faturamento/traces/ca4a71b815038e793af3175aa6b40fdf","receiveTimestamp":"2026-07-25T19:47:14.005198362Z","spanId":"3dac524e609919f1","internalMetadata":{"queryAnnotations":{"residentBucketUuid":"83092109834_d","residentBucketEntityId":{"projectNumber":"83092109834"}},"bucketUuid":[{"tcubeShardNames":["global05-us-east1"],"uid":"83092109834_d"}],"billingSize":"877","logBucketWithSinkInfo":[{"uid":"83092109834_d","tcubeShardNames":["global05-us-east1"],"sinkInfo":[{"status":"OK","unmodifiedDefaultSinkInternalId":{"projectNumber":"83092109834"}}],"bucketOwner":{"projectNumber":"83092109834"}}]}},{"insertId":"6a6512c10007de0f7e1989c9","httpRequest":{"requestMethod":"POST","requestUrl":"https://us-central1-venda-e-faturamento.cloudfunctions.net/routeProxy","requestSize":"1909","status":200,"responseSize":"430","userAgent":"mobile","remoteIp":"2804:d55:831a:cf00:760b:138f:bebd:3c46","referer":"http://localhost:8082/","serverIp":"2001:4860:4802:36::36","latency":"0.360105105s","protocol":"HTTP/1.1"},"resource":{"type":"cloud_run_revision","labels":{"revision_name":"routeproxy-00001-juk","project_id":"venda-e-faturamento","service_name":"routeproxy","location":"us-central1","configuration_name":"routeproxy"}},"timestamp":"2026-07-25T19:47:13.152454Z","severity":"INFO","labels":{"instanceId":"001548f7290a0e18139077704c204eca9836c8c6d2f3b6a9862c9102056ada22d5996ff29a509cdbfb40636296a003e688485ea767c280f4edbc7d305b0cf40c97cafa542131c25c3ae11134d4ec10","firebase-functions-hash":"b2e35e905c4549e0ff654ffed720f2ccc9692473","goog-managed-by":"cloudfunctions"},"logName":"projects/venda-e-faturamento/logs/run.googleapis.com%2Frequests","writerEmailAddress":"app-engine-appserver@prod.google.com","internalId":{"projectNumber":"83092109834"},"trace":"projects/venda-e-faturamento/traces/b76c8a62c46d14393af3175aa6b40409","receiveTimestamp":"2026-07-25T19:47:13.672144903Z","spanId":"7fa0f078a92ee520","internalMetadata":{"queryAnnotations":{"residentBucketUuid":"83092109834_d","residentBucketEntityId":{"projectNumber":"83092109834"}},"bucketUuid":[{"tcubeShardNames":["global05-us-east1"],"uid":"83092109834_d"}],"billingSize":"878","logBucketWithSinkInfo":[{"uid":"83092109834_d","tcubeShardNames":["global05-us-east1"],"sinkInfo":[{"status":"OK","unmodifiedDefaultSinkInternalId":{"projectNumber":"83092109834"}}],"bucketOwner":{"projectNumber":"83092109834"}}]}},{"insertId":"6a6512c10007f92ccfdf0629","httpRequest":{"requestMethod":"POST","requestUrl":"https://us-central1-venda-e-faturamento.cloudfunctions.net/routeProxy","requestSize":"1917","status":200,"responseSize":"436","userAgent":"mobile","remoteIp":"2804:d55:831a:cf00:760b:138f:bebd:3c46","referer":"http://localhost:8082/","serverIp":"2001:4860:4802:36::36","latency":"0.368466265s","protocol":"HTTP/1.1"},"resource":{"type":"cloud_run_revision","labels":{"revision_name":"routeproxy-00001-juk","configuration_name":"routeproxy","location":"us-central1","service_name":"routeproxy","project_id":"venda-e-faturamento"}},"timestamp":"2026-07-25T19:47:13.151895Z","severity":"INFO","labels":{"instanceId":"001548f7290a0e18139077704c204eca9836c8c6d2f3b6a9862c9102056ada22d5996ff29a509cdbfb40636296a003e688485ea767c280f4edbc7d305b0cf40c97cafa542131c25c3ae11134d4ec10","goog-managed-by":"cloudfunctions","firebase-functions-hash":"b2e35e905c4549e0ff654ffed720f2ccc9692473"},"logName":"projects/venda-e-faturamento/logs/run.googleapis.com%2Frequests","writerEmailAddress":"app-engine-appserver@prod.google.com","internalId":{"projectNumber":"83092109834"},"trace":"projects/venda-e-faturamento/traces/170b33a63c72ca0a3af3175aa6b40388","receiveTimestamp":"2026-07-25T19:47:13.672144903Z","spanId":"42872b77f58f17c5","internalMetadata":{"queryAnnotations":{"residentBucketUuid":"83092109834_d","residentBucketEntityId":{"projectNumber":"83092109834"}},"bucketUuid":[{"tcubeShardNames":["global05-us-east1"],"uid":"83092109834_d"}],"billingSize":"878","logBucketWithSinkInfo":[{"uid":"83092109834_d","tcubeShardNames":["global05-us-east1"],"sinkInfo":[{"status":"OK","unmodifiedDefaultSinkInternalId":{"projectNumber":"83092109834"}}],"bucketOwner":{"projectNumber":"83092109834"}}]}},{"insertId":"6a6512c10000006f977f6b15","httpRequest":{"requestMethod":"OPTIONS","requestUrl":"https://us-central1-venda-e-faturamento.cloudfunctions.net/routeProxy","requestSize":"642","status":204,"responseSize":"236","userAgent":"mobile","remoteIp":"2804:d55:831a:cf00:760b:138f:bebd:3c46","referer":"http://localhost:8082/","serverIp":"2001:4860:4802:36::36","latency":"0.005793019s","protocol":"HTTP/1.1"},"resource":{"type":"cloud_run_revision","labels":{"revision_name":"routeproxy-00001-juk","configuration_name":"routeproxy","location":"us-central1","service_name":"routeproxy","project_id":"venda-e-faturamento"}},"timestamp":"2026-07-25T19:47:12.987476Z","severity":"INFO","labels":{"firebase-functions-hash":"b2e35e905c4549e0ff654ffed720f2ccc9692473","goog-managed-by":"cloudfunctions","instanceId":"001548f7290a0e18139077704c204eca9836c8c6d2f3b6a9862c9102056ada22d5996ff29a509cdbfb40636296a003e688485ea767c280f4edbc7d305b0cf40c97cafa542131c25c3ae11134d4ec10"},"logName":"projects/venda-e-faturamento/logs/run.googleapis.com%2Frequests","writerEmailAddress":"app-engine-appserver@prod.google.com","internalId":{"projectNumber":"83092109834"},"trace":"projects/venda-e-faturamento/traces/8d22d3c8e5f62a5a3af3175aa6b403c9","receiveTimestamp":"2026-07-25T19:47:13.007550510Z","spanId":"fd856eb5482fb8a9","internalMetadata":{"queryAnnotations":{"residentBucketUuid":"83092109834_d","residentBucketEntityId":{"projectNumber":"83092109834"}},"bucketUuid":[{"tcubeShardNames":["global05-us-east1"],"uid":"83092109834_d"}],"billingSize":"880","logBucketWithSinkInfo":[{"uid":"83092109834_d","tcubeShardNames":["global05-us-east1"],"sinkInfo":[{"status":"OK","unmodifiedDefaultSinkInternalId":{"projectNumber":"83092109834"}}],"bucketOwner":{"projectNumber":"83092109834"}}]}},{"insertId":"6a6512c100000aca7866a7c2","httpRequest":{"requestMethod":"OPTIONS","requestUrl":"https://us-central1-venda-e-faturamento.cloudfunctions.net/routeProxy","requestSize":"642","status":204,"responseSize":"236","userAgent":"mobile","remoteIp":"2804:d55:831a:cf00:760b:138f:bebd:3c46","referer":"http://localhost:8082/","serverIp":"2001:4860:4802:36::36","latency":"0.008030212s","protocol":"HTTP/1.1"},"resource":{"type":"cloud_run_revision","labels":{"service_name":"routeproxy","project_id":"venda-e-faturamento","configuration_name":"routeproxy","location":"us-central1","revision_name":"routeproxy-00001-juk"}},"timestamp":"2026-07-25T19:47:12.986339Z","severity":"INFO","labels":{"firebase-functions-hash":"b2e35e905c4549e0ff654ffed720f2ccc9692473","goog-managed-by":"cloudfunctions","instanceId":"001548f7290a0e18139077704c204eca9836c8c6d2f3b6a9862c9102056ada22d5996ff29a509cdbfb40636296a003e688485ea767c280f4edbc7d305b0cf40c97cafa542131c25c3ae11134d4ec10"},"logName":"projects/venda-e-faturamento/logs/run.googleapis.com%2Frequests","writerEmailAddress":"app-engine-appserver@prod.google.com","internalId":{"projectNumber":"83092109834"},"trace":"projects/venda-e-faturamento/traces/3ac9810c1023857c3af3175aa6b40348","receiveTimestamp":"2026-07-25T19:47:13.338474432Z","spanId":"569f5f0b378f744b","traceSampled":true,"internalMetadata":{"queryAnnotations":{"residentBucketUuid":"83092109834_d","residentBucketEntityId":{"projectNumber":"83092109834"}},"bucketUuid":[{"tcubeShardNames":["global05-us-east1"],"uid":"83092109834_d"}],"billingSize":"884","logBucketWithSinkInfo":[{"uid":"83092109834_d","tcubeShardNames":["global05-us-east1"],"sinkInfo":[{"status":"OK","unmodifiedDefaultSinkInternalId":{"projectNumber":"83092109834"}}],"bucketOwner":{"projectNumber":"83092109834"}}]}},{"textPayload":"routeProxy request failed { code: 'unauthorized', operation: 'unknown', status: 401 }\n","insertId":"6a6511570009c1481f38ed1f","resource":{"type":"cloud_run_revision","labels":{"service_name":"routeproxy","project_id":"venda-e-faturamento","configuration_name":"routeproxy","location":"us-central1","revision_name":"routeproxy-00001-juk"}},"timestamp":"2026-07-25T19:41:11.639304Z","labels":{"execution_id":"0ryfkjqvzs2f","goog-managed-by":"cloudfunctions","firebase-functions-hash":"b2e35e905c4549e0ff654ffed720f2ccc9692473","run.googleapis.com/base_image_versions":"us-docker.pkg.dev/serverless-runtimes/google-22-full/runtimes/nodejs20:nodejs20_20260615_20_20_2_RC00","instanceId":"001548f7290a0e18139077704c204eca9836c8c6d2f3b6a9862c9102056ada22d5996ff29a509cdbfb40636296a003e688485ea767c280f4edbc7d305b0cf40c97cafa542131c25c3ae11134d4ec10"},"logName":"projects/venda-e-faturamento/logs/run.googleapis.com%2Fstderr","writerEmailAddress":"app-engine-appserver@prod.google.com","internalId":{"projectNumber":"83092109834"},"receiveTimestamp":"2026-07-25T19:41:11.646294210Z","spanId":"3293218704399818921","internalMetadata":{"queryAnnotations":{"residentBucketUuid":"83092109834_d","residentBucketEntityId":{"projectNumber":"83092109834"}},"bucketUuid":[{"tcubeShardNames":["global05-us-east1"],"uid":"83092109834_d"}],"billingSize":"868","logBucketWithSinkInfo":[{"uid":"83092109834_d","tcubeShardNames":["global05-us-east1"],"sinkInfo":[{"status":"OK","unmodifiedDefaultSinkInternalId":{"projectNumber":"83092109834"}}],"bucketOwner":{"projectNumber":"83092109834"}}]}},{"insertId":"6a6511570009c6b0d006051d","httpRequest":{"requestMethod":"POST","requestUrl":"https://us-central1-venda-e-faturamento.cloudfunctions.net/routeProxy","requestSize":"432","status":401,"responseSize":"369","remoteIp":"2804:d55:831a:cf00:760b:138f:bebd:3c46","serverIp":"2001:4860:4802:36::36","latency":"0.031164003s","protocol":"HTTP/1.1"},"resource":{"type":"cloud_run_revision","labels":{"revision_name":"routeproxy-00001-juk","service_name":"routeproxy","project_id":"venda-e-faturamento","configuration_name":"routeproxy","location":"us-central1"}},"timestamp":"2026-07-25T19:41:11.607978Z","severity":"WARNING","labels":{"instanceId":"001548f7290a0e18139077704c204eca9836c8c6d2f3b6a9862c9102056ada22d5996ff29a509cdbfb40636296a003e688485ea767c280f4edbc7d305b0cf40c97cafa542131c25c3ae11134d4ec10","firebase-functions-hash":"b2e35e905c4549e0ff654ffed720f2ccc9692473","goog-managed-by":"cloudfunctions"},"logName":"projects/venda-e-faturamento/logs/run.googleapis.com%2Frequests","writerEmailAddress":"app-engine-appserver@prod.google.com","internalId":{"projectNumber":"83092109834"},"trace":"projects/venda-e-faturamento/traces/03ac77c8a886d6d9c1a819e88de4135c","receiveTimestamp":"2026-07-25T19:41:11.879571614Z","spanId":"2db3dcf6a36c60a9","internalMetadata":{"queryAnnotations":{"residentBucketUuid":"83092109834_d","residentBucketEntityId":{"projectNumber":"83092109834"}},"bucketUuid":[{"tcubeShardNames":["global05-us-east1"],"uid":"83092109834_d"}],"billingSize":"846","logBucketWithSinkInfo":[{"uid":"83092109834_d","tcubeShardNames":["global05-us-east1"],"sinkInfo":[{"status":"OK","unmodifiedDefaultSinkInternalId":{"projectNumber":"83092109834"}}],"bucketOwner":{"projectNumber":"83092109834"}}]}},{"insertId":"6a6511570006aeed18c2b3d3","httpRequest":{"requestMethod":"GET","requestUrl":"https://us-central1-venda-e-faturamento.cloudfunctions.net/routeProxy","requestSize":"297","status":405,"responseSize":"370","remoteIp":"2804:d55:831a:cf00:760b:138f:bebd:3c46","serverIp":"2001:4860:4802:36::36","latency":"0.003735673s","protocol":"HTTP/1.1"},"resource":{"type":"cloud_run_revision","labels":{"project_id":"venda-e-faturamento","service_name":"routeproxy","configuration_name":"routeproxy","location":"us-central1","revision_name":"routeproxy-00001-juk"}},"timestamp":"2026-07-25T19:41:11.432266Z","severity":"WARNING","labels":{"firebase-functions-hash":"b2e35e905c4549e0ff654ffed720f2ccc9692473","goog-managed-by":"cloudfunctions","instanceId":"001548f7290a0e18139077704c204eca9836c8c6d2f3b6a9862c9102056ada22d5996ff29a509cdbfb40636296a003e688485ea767c280f4edbc7d305b0cf40c97cafa542131c25c3ae11134d4ec10"},"logName":"projects/venda-e-faturamento/logs/run.googleapis.com%2Frequests","writerEmailAddress":"app-engine-appserver@prod.google.com","internalId":{"projectNumber":"83092109834"},"trace":"projects/venda-e-faturamento/traces/2af47aeaf82f6d77c1a819e88de419cc","receiveTimestamp":"2026-07-25T19:41:11.544784823Z","spanId":"4ba9b7d9e9446082","internalMetadata":{"queryAnnotations":{"residentBucketUuid":"83092109834_d","residentBucketEntityId":{"projectNumber":"83092109834"}},"bucketUuid":[{"tcubeShardNames":["global05-us-east1"],"uid":"83092109834_d"}],"billingSize":"845","logBucketWithSinkInfo":[{"uid":"83092109834_d","tcubeShardNames":["global05-us-east1"],"sinkInfo":[{"status":"OK","unmodifiedDefaultSinkInternalId":{"projectNumber":"83092109834"}}],"bucketOwner":{"projectNumber":"83092109834"}}]}},{"insertId":"6a6511570003020ea845fec6","httpRequest":{"requestMethod":"OPTIONS","requestUrl":"https://us-central1-venda-e-faturamento.cloudfunctions.net/routeProxy","requestSize":"318","status":403,"responseSize":"322","remoteIp":"2804:d55:831a:cf00:760b:138f:bebd:3c46","serverIp":"2001:4860:4802:36::36","latency":"0.004350269s","protocol":"HTTP/1.1"},"resource":{"type":"cloud_run_revision","labels":{"configuration_name":"routeproxy","location":"us-central1","service_name":"routeproxy","project_id":"venda-e-faturamento","revision_name":"routeproxy-00001-juk"}},"timestamp":"2026-07-25T19:41:11.190103Z","severity":"WARNING","labels":{"instanceId":"001548f7290a0e18139077704c204eca9836c8c6d2f3b6a9862c9102056ada22d5996ff29a509cdbfb40636296a003e688485ea767c280f4edbc7d305b0cf40c97cafa542131c25c3ae11134d4ec10","firebase-functions-hash":"b2e35e905c4549e0ff654ffed720f2ccc9692473","goog-managed-by":"cloudfunctions"},"logName":"projects/venda-e-faturamento/logs/run.googleapis.com%2Frequests","writerEmailAddress":"app-engine-appserver@prod.google.com","internalId":{"projectNumber":"83092109834"},"trace":"projects/venda-e-faturamento/traces/fbb76c26524794b921e767d35e6ead87","receiveTimestamp":"2026-07-25T19:41:11.212132621Z","spanId":"fb9834670903efba","internalMetadata":{"queryAnnotations":{"residentBucketUuid":"83092109834_d","residentBucketEntityId":{"projectNumber":"83092109834"}},"bucketUuid":[{"tcubeShardNames":["global05-us-east1"],"uid":"83092109834_d"}],"billingSize":"847","logBucketWithSinkInfo":[{"uid":"83092109834_d","tcubeShardNames":["global05-us-east1"],"sinkInfo":[{"status":"OK","unmodifiedDefaultSinkInternalId":{"projectNumber":"83092109834"}}],"bucketOwner":{"projectNumber":"83092109834"}}]}},{"insertId":"6a6511570000940465ceb541","httpRequest":{"requestMethod":"OPTIONS","requestUrl":"https://us-central1-venda-e-faturamento.cloudfunctions.net/routeProxy","requestSize":"319","status":204,"responseSize":"236","remoteIp":"2804:d55:831a:cf00:760b:138f:bebd:3c46","serverIp":"2001:4860:4802:36::36","latency":"0.003951498s","protocol":"HTTP/1.1"},"resource":{"type":"cloud_run_revision","labels":{"revision_name":"routeproxy-00001-juk","service_name":"routeproxy","project_id":"venda-e-faturamento","configuration_name":"routeproxy","location":"us-central1"}},"timestamp":"2026-07-25T19:41:11.032684Z","severity":"INFO","labels":{"instanceId":"001548f7290a0e18139077704c204eca9836c8c6d2f3b6a9862c9102056ada22d5996ff29a509cdbfb40636296a003e688485ea767c280f4edbc7d305b0cf40c97cafa542131c25c3ae11134d4ec10","firebase-functions-hash":"b2e35e905c4549e0ff654ffed720f2ccc9692473","goog-managed-by":"cloudfunctions"},"logName":"projects/venda-e-faturamento/logs/run.googleapis.com%2Frequests","writerEmailAddress":"app-engine-appserver@prod.google.com","internalId":{"projectNumber":"83092109834"},"trace":"projects/venda-e-faturamento/traces/0997ef262d53480e21e767d35e6eae05","receiveTimestamp":"2026-07-25T19:41:11.212132621Z","spanId":"37a4247523ae6e77","internalMetadata":{"queryAnnotations":{"residentBucketUuid":"83092109834_d","residentBucketEntityId":{"projectNumber":"83092109834"}},"bucketUuid":[{"tcubeShardNames":["global05-us-east1"],"uid":"83092109834_d"}],"billingSize":"847","logBucketWithSinkInfo":[{"uid":"83092109834_d","tcubeShardNames":["global05-us-east1"],"sinkInfo":[{"status":"OK","unmodifiedDefaultSinkInternalId":{"projectNumber":"83092109834"}}],"bucketOwner":{"projectNumber":"83092109834"}}]}},{"insertId":"6a651156000d51108dd9ac60","httpRequest":{"requestMethod":"OPTIONS","requestUrl":"https://us-central1-venda-e-faturamento.cloudfunctions.net/routeProxy","requestSize":"319","status":204,"responseSize":"236","remoteIp":"2804:d55:831a:cf00:760b:138f:bebd:3c46","serverIp":"2001:4860:4802:36::36","latency":"0.033587602s","protocol":"HTTP/1.1"},"resource":{"type":"cloud_run_revision","labels":{"configuration_name":"routeproxy","location":"us-central1","project_id":"venda-e-faturamento","service_name":"routeproxy","revision_name":"routeproxy-00001-juk"}},"timestamp":"2026-07-25T19:41:10.832401Z","severity":"INFO","labels":{"firebase-functions-hash":"b2e35e905c4549e0ff654ffed720f2ccc9692473","goog-managed-by":"cloudfunctions","instanceId":"001548f7290a0e18139077704c204eca9836c8c6d2f3b6a9862c9102056ada22d5996ff29a509cdbfb40636296a003e688485ea767c280f4edbc7d305b0cf40c97cafa542131c25c3ae11134d4ec10"},"logName":"projects/venda-e-faturamento/logs/run.googleapis.com%2Frequests","writerEmailAddress":"app-engine-appserver@prod.google.com","internalId":{"projectNumber":"83092109834"},"trace":"projects/venda-e-faturamento/traces/45bb148c8b660d1c21e767d35e6ea6ec","receiveTimestamp":"2026-07-25T19:41:10.878654182Z","spanId":"1f27b73a8baf6119","traceSampled":true,"internalMetadata":{"queryAnnotations":{"residentBucketUuid":"83092109834_d","residentBucketEntityId":{"projectNumber":"83092109834"}},"bucketUuid":[{"tcubeShardNames":["global05-us-east1"],"uid":"83092109834_d"}],"billingSize":"852","logBucketWithSinkInfo":[{"uid":"83092109834_d","tcubeShardNames":["global05-us-east1"],"sinkInfo":[{"status":"OK","unmodifiedDefaultSinkInternalId":{"projectNumber":"83092109834"}}],"bucketOwner":{"projectNumber":"83092109834"}}]}},{"protoPayload":{"@type":"type.googleapis.com/google.cloud.audit.AuditLog","status":{},"authenticationInfo":{"principalEmail":"luanr.rigatti@gmail.com","principalSubject":"user:luanr.rigatti@gmail.com","oauthInfo":{"oauthClientId":"563584335869-fgrhgmd47bqnekij5i8b5pr03ho849e6.apps.googleusercontent.com"}},"requestMetadata":{"requestAttributes":{},"destinationAttributes":{}},"serviceName":"cloudfunctions.googleapis.com","methodName":"google.cloud.functions.v2.FunctionService.CreateFunction","resourceName":"projects/venda-e-faturamento/locations/us-central1/functions/routeProxy","response":{"state":"ACTIVE","labels":{"firebase-functions-hash":"b2e35e905c4549e0ff654ffed720f2ccc9692473","deployment-tool":"cli-firebase"},"createTime":"2026-07-25T19:37:45.664331491Z","name":"projects/venda-e-faturamento/locations/us-central1/functions/routeProxy","buildConfig":{"automaticUpdatePolicy":{},"source":{},"dockerRepository":"projects/venda-e-faturamento/locations/us-central1/repositories/gcf-artifacts","entryPoint":"routeProxy","runtime":"nodejs20","serviceAccount":"projects/venda-e-faturamento/serviceAccounts/83092109834-compute@developer.gserviceaccount.com","dockerRegistry":"ARTIFACT_REGISTRY"},"url":"https://us-central1-venda-e-faturamento.cloudfunctions.net/routeProxy","updateTime":"2026-07-25T19:37:45.664331491Z","serviceConfig":{"secretEnvironmentVariables":[{"version":"2","key":"GOOGLE_MAPS_SERVER_API_KEY","secret":"GOOGLE_MAPS_SERVER_API_KEY","projectId":"venda-e-faturamento"}],"allTrafficOnLatestRevision":true,"serviceAccountEmail":"83092109834-compute@developer.gserviceaccount.com","maxInstanceRequestConcurrency":80,"uri":"https://routeproxy-x5dckzzjra-uc.a.run.app","revision":"routeproxy-00001-juk","availableCpu":"1","timeoutSeconds":30,"availableMemory":"256Mi","ingressSettings":"ALLOW_ALL"},"satisfiesPzi":true,"@type":"type.googleapis.com/google.cloud.functions.v2.Function","environment":"GEN_2"},"resourceLocation":{"currentLocations":["us-central1"]}},"insertId":"al2mdyd3rz7","resource":{"type":"cloud_function","labels":{"region":"us-central1","project_id":"venda-e-faturamento","function_name":"routeProxy"}},"timestamp":"2026-07-25T19:38:29.959246423Z","severity":"NOTICE","logName":"projects/venda-e-faturamento/logs/cloudaudit.googleapis.com%2Factivity","operation":{"id":"projects/venda-e-faturamento/locations/us-central1/operations/operation-1785008265106-657749f901418-9fce189a-25e8bee4","producer":"cloudfunctions.googleapis.com","last":true},"writerEmailAddress":"cloud-control2-functions-frontend@prod.google.com","internalId":{"projectNumber":"83092109834"},"receiveTimestamp":"2026-07-25T19:38:30.561206471Z","internalMetadata":{"queryAnnotations":{"residentBucketUuid":"83092109834_a","residentBucketEntityId":{"projectNumber":"83092109834"}},"bucketUuid":[{"tcubeShardNames":["global05-us-east1"],"uid":"83092109834_a"}],"billingSize":"2186","logBucketWithSinkInfo":[{"uid":"83092109834_a","tcubeShardNames":["global05-us-east1"],"sinkInfo":[{"status":"OK","unmodifiedRequiredSinkInternalId":{"projectNumber":"83092109834"}}],"bucketOwner":{"projectNumber":"83092109834"}}],"matchesRequiredSink":true}},{"textPayload":"Default STARTUP TCP probe succeeded after 1 attempt for container \"worker\" on port 8080.","insertId":"6a6510b40003c8ab516f46d3","resource":{"type":"cloud_run_revision","labels":{"service_name":"routeproxy","project_id":"venda-e-faturamento","location":"us-central1","configuration_name":"routeproxy","revision_name":"routeproxy-00001-juk"}},"timestamp":"2026-07-25T19:38:28.247979Z","severity":"INFO","labels":{"instanceId":"001548f7290a0e18139077704c204eca9836c8c6d2f3b6a9862c9102056ada22d5996ff29a509cdbfb40636296a003e688485ea767c280f4edbc7d305b0cf40c97cafa542131c25c3ae11134d4ec10","run.googleapis.com/base_image_versions":"us-docker.pkg.dev/serverless-runtimes/google-22-full/runtimes/nodejs20:nodejs20_20260615_20_20_2_RC00","firebase-functions-hash":"b2e35e905c4549e0ff654ffed720f2ccc9692473","goog-managed-by":"cloudfunctions"},"logName":"projects/venda-e-faturamento/logs/run.googleapis.com%2Fvarlog%2Fsystem","writerEmailAddress":"app-engine-appserver@prod.google.com","internalId":{"projectNumber":"83092109834"},"receiveTimestamp":"2026-07-25T19:38:28.463867127Z","internalMetadata":{"queryAnnotations":{"residentBucketUuid":"83092109834_d","residentBucketEntityId":{"projectNumber":"83092109834"}},"bucketUuid":[{"tcubeShardNames":["global05-us-east1"],"uid":"83092109834_d"}],"billingSize":"829","logBucketWithSinkInfo":[{"uid":"83092109834_d","tcubeShardNames":["global05-us-east1"],"sinkInfo":[{"status":"OK","unmodifiedDefaultSinkInternalId":{"projectNumber":"83092109834"}}],"bucketOwner":{"projectNumber":"83092109834"}}]}}],"nextPageToken":"eqwHCqcHAXQTiT1WOeyuobTItfbue6wEuRKFsUVSH1tq8_ZsXtss1r94UbWR0ue5T6gbOBG9VuQIjNlO7bBVwvhhujdAFKDxQX-UcCS7tHHU6Nsgvc9TPjLgQmQhVXqSc6pCDkt5F5qR97CFzya4MRCs_lD3umoXwvJvoXRD4KabU3oKO-Ry_qfSewrF9nIyqIVpgSKVjwjqAL2DGDfWOrSYl3OWfUe2-y9SICX7EQbCA24MxQkzn1-Y-F3qugYrWtTHXLij0lCCf7RkBlP-2QI7Pra8qE6QD94ZzXDa9I2aeIAxEMnS51derpnvUygpFXOWWASOZEgTMw1DdsQy1wPORdKPAIjGLbrP30BXwx6BphCm6VhjR_EftI0HgsyAq7fzj255aWwQz7g0Jc4BqbFnncB4kMBpOXIX6fq3RJ6PrBOmIb_YQncBKFQkgII7CSHg4ehF51FFZXUIW0bPULFIA3yNphKn0i65ayxFNORqL1o1AnZn3MaLFFEq8cYo8NcvT0agvC9X-EMcbHDAeIfHBqc1vZpOnDiTDSk4zOSMtjleWAd-BrhxElPUa2zhz1F-NLWE_B78ZEidemWgh0Dc1TYdKdv8YsuhvQc4Q0SXNsKoVWvixpT35pitvjovzJ54YzQnHcHredAuDjdHSrTXYMj3hKUQ63_3LQHWFhbylihD9M96UwpKN4WuAZuooelsMlm__M-t7rzQ5tKibBTkmQxc9QrQXs4C5n2XcBY-ebWTG2BmkopSSbwJxVvg8y0mCgZVDuoyj2w5D47BDFYNrvsxG3wG36N84vXJkqXBxeNn5F3gOemM6Lq5Or2MMtgxzNOFw9gSVDUigo2gVY3QWK5fnZqcWDo9tr3-AjPHxOMBbuRUBU4OHkQ2oGeM5g_p4G6qB1OQ2bIiJnw18Eio6rzgPWQRRbLO2UQBaTRvsMmuLi-mOaNeplh9y11E9P6SpI_ySk1vU1eISZ4KF2-LjEBUk-QP4v91DmAt2-WXAGdfpc6GRgKoKX1rPcYUJxHYeAHuNeii8eSuwIw2NUnQKf3pIz8FI-ZwqKVHczLVm0gkF_bl1C5_Iv5IF_8HW2eoczuQs9_xy5Fp8W9KrMbrRM0ieEeJG87fA7Ndie6cNPeVY1G-F2GaYt-V2MA9MC-kM2mYNWMorb1cgGEUl5AT3Yk_ykokK_3d21u7IdN-dVLXZQNJMt-Km6CZauTY2pdw_Hh26GdQVvE8notP5H-iU6k-TiZnYvMxDDMQAQ","firstProgressLatency":"0.137498890s"}
[info] 2026-07-25T19:38:28.247979Z I routeproxy: Default STARTUP TCP probe succeeded after 1 attempt for container "worker" on port 8080.
[info] 2026-07-25T19:38:29.959246423Z N routeProxy: {"@type":"type.googleapis.com/google.cloud.audit.AuditLog","status":{},"authenticationInfo":{"principalEmail":"luanr.rigatti@gmail.com","principalSubject":"user:luanr.rigatti@gmail.com","oauthInfo":{"oauthClientId":"563584335869-fgrhgmd47bqnekij5i8b5pr03ho849e6.apps.googleusercontent.com"}},"requestMetadata":{"requestAttributes":{},"destinationAttributes":{}},"serviceName":"cloudfunctions.googleapis.com","methodName":"google.cloud.functions.v2.FunctionService.CreateFunction","resourceName":"projects/venda-e-faturamento/locations/us-central1/functions/routeProxy","response":{"state":"ACTIVE","labels":{"firebase-functions-hash":"b2e35e905c4549e0ff654ffed720f2ccc9692473","deployment-tool":"cli-firebase"},"createTime":"2026-07-25T19:37:45.664331491Z","name":"projects/venda-e-faturamento/locations/us-central1/functions/routeProxy","buildConfig":{"automaticUpdatePolicy":{},"source":{},"dockerRepository":"projects/venda-e-faturamento/locations/us-central1/repositories/gcf-artifacts","entryPoint":"routeProxy","runtime":"nodejs20","serviceAccount":"projects/venda-e-faturamento/serviceAccounts/83092109834-compute@developer.gserviceaccount.com","dockerRegistry":"ARTIFACT_REGISTRY"},"url":"https://us-central1-venda-e-faturamento.cloudfunctions.net/routeProxy","updateTime":"2026-07-25T19:37:45.664331491Z","serviceConfig":{"secretEnvironmentVariables":[{"version":"2","key":"GOOGLE_MAPS_SERVER_API_KEY","secret":"GOOGLE_MAPS_SERVER_API_KEY","projectId":"venda-e-faturamento"}],"allTrafficOnLatestRevision":true,"serviceAccountEmail":"83092109834-compute@developer.gserviceaccount.com","maxInstanceRequestConcurrency":80,"uri":"https://routeproxy-x5dckzzjra-uc.a.run.app","revision":"routeproxy-00001-juk","availableCpu":"1","timeoutSeconds":30,"availableMemory":"256Mi","ingressSettings":"ALLOW_ALL"},"satisfiesPzi":true,"@type":"type.googleapis.com/google.cloud.functions.v2.Function","environment":"GEN_2"},"resourceLocation":{"currentLocations":["us-central1"]}}
[info] 2026-07-25T19:41:10.832401Z I routeproxy: 
[info] 2026-07-25T19:41:11.032684Z I routeproxy: 
[info] 2026-07-25T19:41:11.190103Z W routeproxy: 
[info] 2026-07-25T19:41:11.432266Z W routeproxy: 
[info] 2026-07-25T19:41:11.607978Z W routeproxy: 
[info] 2026-07-25T19:41:11.639304Z ? routeproxy: routeProxy request failed { code: 'unauthorized', operation: 'unknown', status: 401 }

[info] 2026-07-25T19:47:12.986339Z I routeproxy: 
[info] 2026-07-25T19:47:12.987476Z I routeproxy: 
[info] 2026-07-25T19:47:13.151895Z I routeproxy: 
[info] 2026-07-25T19:47:13.152454Z I routeproxy: 
[info] 2026-07-25T19:47:13.678128Z I routeproxy: 
[info] 2026-07-25T19:47:13.679269Z I routeproxy: 
[info] 2026-07-25T19:47:13.679303Z I routeproxy: 
[info] 2026-07-25T19:47:13.679497Z I routeproxy: 
[info] 2026-07-25T19:47:13.680769Z I routeproxy: 
[info] 2026-07-25T19:47:13.681247Z I routeproxy: 
[info] 2026-07-25T19:47:13.681600Z I routeproxy: 
[info] 2026-07-25T19:47:14.095683Z E routeproxy: 
[info] 2026-07-25T19:47:14.207810Z ? routeproxy: routeProxy request failed { code: 'maps_request_failed', operation: 'route', status: 502 }

[info] 2026-07-25T19:47:49.198309Z I routeproxy: 
[info] 2026-07-25T19:47:49.205963Z I routeproxy: 
[info] 2026-07-25T19:47:49.355867Z I routeproxy: 
[info] 2026-07-25T19:47:49.372079Z I routeproxy: 
[info] 2026-07-25T19:47:49.572130Z I routeproxy: 
[info] 2026-07-25T19:47:49.573351Z I routeproxy: 
[info] 2026-07-25T19:47:49.573557Z I routeproxy: 
[info] 2026-07-25T19:47:49.573798Z I routeproxy: 
[info] 2026-07-25T19:47:49.575210Z I routeproxy: 
[info] 2026-07-25T19:47:49.575588Z I routeproxy: 
[info] 2026-07-25T19:47:49.576558Z I routeproxy: 
[info] 2026-07-25T19:47:49.576672Z I routeproxy: 
[info] 2026-07-25T19:47:49.894873Z E routeproxy: 
[info] 2026-07-25T19:47:49.997792Z ? routeproxy: routeProxy request failed { code: 'maps_request_failed', operation: 'route', status: 502 }

[debug] [2026-07-25T20:09:34.562Z] ----------------------------------------------------------------------
[debug] [2026-07-25T20:09:34.563Z] Command:       C:\Program Files\nodejs\node.exe C:\Users\Luan Rigatti\AppData\Roaming\npm\node_modules\firebase-tools\lib\bin\firebase.js functions:secrets:set GOOGLE_MAPS_SERVER_API_KEY --project venda-e-faturamento
[debug] [2026-07-25T20:09:34.563Z] CLI Version:   15.22.4
[debug] [2026-07-25T20:09:34.563Z] Platform:      win32
[debug] [2026-07-25T20:09:34.563Z] Node Version:  v26.4.0
[debug] [2026-07-25T20:09:34.563Z] Detected Agent: codex_cli
[debug] [2026-07-25T20:09:34.564Z] Time:          Sat Jul 25 2026 17:09:34 GMT-0300 (Horário Padrão de Brasília)
[debug] [2026-07-25T20:09:34.564Z] ----------------------------------------------------------------------
[debug] 
[debug] [2026-07-25T20:09:34.665Z] > command requires scopes: ["email","openid","https://www.googleapis.com/auth/cloudplatformprojects.readonly","https://www.googleapis.com/auth/firebase","https://www.googleapis.com/auth/cloud-platform"]
[debug] [2026-07-25T20:09:34.665Z] > authorizing via signed-in user (luanr.rigatti@gmail.com)
[debug] [2026-07-25T20:09:34.666Z] > command requires scopes: ["email","openid","https://www.googleapis.com/auth/cloudplatformprojects.readonly","https://www.googleapis.com/auth/firebase","https://www.googleapis.com/auth/cloud-platform"]
[debug] [2026-07-25T20:09:34.666Z] > authorizing via signed-in user (luanr.rigatti@gmail.com)
[debug] [2026-07-25T20:09:34.666Z] [iam] checking project venda-e-faturamento for permissions ["firebase.projects.get","secretmanager.secrets.create","secretmanager.secrets.get","secretmanager.secrets.update","secretmanager.versions.add"]
[debug] [2026-07-25T20:09:34.667Z] Checked if tokens are valid: false, expires at: 1785010310291
[debug] [2026-07-25T20:09:34.667Z] Checked if tokens are valid: false, expires at: 1785010310291
[debug] [2026-07-25T20:09:34.667Z] > refreshing access token with scopes: []
[debug] [2026-07-25T20:09:34.668Z] >>> [apiv2][query] POST https://www.googleapis.com/oauth2/v3/token [none]
[debug] [2026-07-25T20:09:34.669Z] >>> [apiv2][body] POST https://www.googleapis.com/oauth2/v3/token [omitted]
[debug] [2026-07-25T20:09:34.873Z] <<< [apiv2][status] POST https://www.googleapis.com/oauth2/v3/token 200
[debug] [2026-07-25T20:09:34.874Z] <<< [apiv2][body] POST https://www.googleapis.com/oauth2/v3/token [omitted]
[debug] [2026-07-25T20:09:34.885Z] >>> [apiv2][query] POST https://cloudresourcemanager.googleapis.com/v1/projects/venda-e-faturamento:testIamPermissions [none]
[debug] [2026-07-25T20:09:34.885Z] >>> [apiv2][(partial)header] POST https://cloudresourcemanager.googleapis.com/v1/projects/venda-e-faturamento:testIamPermissions  x-goog-user-project=venda-e-faturamento
[debug] [2026-07-25T20:09:34.885Z] >>> [apiv2][body] POST https://cloudresourcemanager.googleapis.com/v1/projects/venda-e-faturamento:testIamPermissions {"permissions":["firebase.projects.get","secretmanager.secrets.create","secretmanager.secrets.get","secretmanager.secrets.update","secretmanager.versions.add"]}
[debug] [2026-07-25T20:09:35.775Z] <<< [apiv2][status] POST https://cloudresourcemanager.googleapis.com/v1/projects/venda-e-faturamento:testIamPermissions 200
[debug] [2026-07-25T20:09:35.775Z] <<< [apiv2][body] POST https://cloudresourcemanager.googleapis.com/v1/projects/venda-e-faturamento:testIamPermissions {"permissions":["firebase.projects.get","secretmanager.secrets.create","secretmanager.secrets.get","secretmanager.secrets.update","secretmanager.versions.add"]}
[debug] [2026-07-25T20:09:35.776Z] Checked if tokens are valid: true, expires at: 1785013773874
[debug] [2026-07-25T20:09:35.776Z] Checked if tokens are valid: true, expires at: 1785013773874
[debug] [2026-07-25T20:09:35.776Z] >>> [apiv2][query] GET https://cloudresourcemanager.googleapis.com/v1/projects/venda-e-faturamento [none]
[debug] [2026-07-25T20:09:35.976Z] <<< [apiv2][status] GET https://cloudresourcemanager.googleapis.com/v1/projects/venda-e-faturamento 200
[debug] [2026-07-25T20:09:35.976Z] <<< [apiv2][body] GET https://cloudresourcemanager.googleapis.com/v1/projects/venda-e-faturamento {"projectNumber":"83092109834","projectId":"venda-e-faturamento","lifecycleState":"ACTIVE","name":"Venda e Faturamento","labels":{"firebase":"enabled","firebase-core":"disabled"},"createTime":"2026-05-22T11:33:38.894Z"}
[debug] [2026-07-25T20:09:35.976Z] Checked if tokens are valid: true, expires at: 1785013773874
[debug] [2026-07-25T20:09:35.976Z] Checked if tokens are valid: true, expires at: 1785013773874
[debug] [2026-07-25T20:09:35.976Z] >>> [apiv2][query] GET https://secretmanager.googleapis.com/v1/projects/venda-e-faturamento/secrets/GOOGLE_MAPS_SERVER_API_KEY [none]
[debug] [2026-07-25T20:09:36.654Z] <<< [apiv2][status] GET https://secretmanager.googleapis.com/v1/projects/venda-e-faturamento/secrets/GOOGLE_MAPS_SERVER_API_KEY 200
[debug] [2026-07-25T20:09:36.654Z] <<< [apiv2][body] GET https://secretmanager.googleapis.com/v1/projects/venda-e-faturamento/secrets/GOOGLE_MAPS_SERVER_API_KEY {"name":"projects/83092109834/secrets/GOOGLE_MAPS_SERVER_API_KEY","replication":{"automatic":{}},"createTime":"2026-07-25T19:24:44.748636Z","labels":{"firebase-managed":"functions"},"etag":"\"165774711e26c0\""}
[debug] [2026-07-25T20:09:36.655Z] Checked if tokens are valid: true, expires at: 1785013773874
[debug] [2026-07-25T20:09:36.655Z] Checked if tokens are valid: true, expires at: 1785013773874
[debug] [2026-07-25T20:09:36.655Z] >>> [apiv2][query] POST https://secretmanager.googleapis.com/v1/projects/venda-e-faturamento/secrets/GOOGLE_MAPS_SERVER_API_KEY:addVersion [none]
[debug] [2026-07-25T20:09:36.655Z] >>> [apiv2][body] POST https://secretmanager.googleapis.com/v1/projects/venda-e-faturamento/secrets/GOOGLE_MAPS_SERVER_API_KEY:addVersion {"payload":{"data":"QUl6YVN5QmVFTEl6TjZNbG5RcTR2aFBuTXFPZmRSQndoX2pTMmhFDQo="}}
[debug] [2026-07-25T20:09:39.241Z] <<< [apiv2][status] POST https://secretmanager.googleapis.com/v1/projects/venda-e-faturamento/secrets/GOOGLE_MAPS_SERVER_API_KEY:addVersion 200
[debug] [2026-07-25T20:09:39.241Z] <<< [apiv2][body] POST https://secretmanager.googleapis.com/v1/projects/venda-e-faturamento/secrets/GOOGLE_MAPS_SERVER_API_KEY:addVersion {"name":"projects/83092109834/secrets/GOOGLE_MAPS_SERVER_API_KEY/versions/3","createTime":"2026-07-25T20:09:38.372784Z","state":"ENABLED","replicationStatus":{"automatic":{}},"etag":"\"165775119a34b0\""}
[info] +  Created a new secret version projects/83092109834/secrets/GOOGLE_MAPS_SERVER_API_KEY/versions/3 
[debug] [2026-07-25T20:09:39.243Z] Checked if tokens are valid: true, expires at: 1785013773874
[debug] [2026-07-25T20:09:39.243Z] Checked if tokens are valid: true, expires at: 1785013773874
[debug] [2026-07-25T20:09:39.243Z] >>> [apiv2][query] GET https://cloudfunctions.googleapis.com/v1/projects/venda-e-faturamento/locations/-/functions [none]
[debug] [2026-07-25T20:09:40.341Z] <<< [apiv2][status] GET https://cloudfunctions.googleapis.com/v1/projects/venda-e-faturamento/locations/-/functions 200
[debug] [2026-07-25T20:09:40.341Z] <<< [apiv2][body] GET https://cloudfunctions.googleapis.com/v1/projects/venda-e-faturamento/locations/-/functions {}
[debug] [2026-07-25T20:09:40.341Z] Checked if tokens are valid: true, expires at: 1785013773874
[debug] [2026-07-25T20:09:40.341Z] Checked if tokens are valid: true, expires at: 1785013773874
[debug] [2026-07-25T20:09:40.341Z] >>> [apiv2][query] GET https://cloudfunctions.googleapis.com/v2/projects/venda-e-faturamento/locations/-/functions filter=environment%3D%22GEN_2%22
[debug] [2026-07-25T20:09:41.826Z] <<< [apiv2][status] GET https://cloudfunctions.googleapis.com/v2/projects/venda-e-faturamento/locations/-/functions 200
[debug] [2026-07-25T20:09:41.826Z] <<< [apiv2][body] GET https://cloudfunctions.googleapis.com/v2/projects/venda-e-faturamento/locations/-/functions {"functions":[{"name":"projects/venda-e-faturamento/locations/us-central1/functions/routeProxy","buildConfig":{"build":"projects/83092109834/locations/us-central1/builds/cccbd036-fe18-44dd-a9d6-98ae3aa7efac","runtime":"nodejs20","entryPoint":"routeProxy","source":{"storageSource":{"bucket":"gcf-v2-sources-83092109834-us-central1","object":"routeProxy/function-source.zip","generation":"1785008265376138"}},"environmentVariables":{"GOOGLE_NODE_RUN_SCRIPTS":""},"dockerRepository":"projects/venda-e-faturamento/locations/us-central1/repositories/gcf-artifacts","sourceProvenance":{"resolvedStorageSource":{"bucket":"gcf-v2-sources-83092109834-us-central1","object":"routeProxy/function-source.zip","generation":"1785008265376138"}},"dockerRegistry":"ARTIFACT_REGISTRY","serviceAccount":"projects/venda-e-faturamento/serviceAccounts/83092109834-compute@developer.gserviceaccount.com","automaticUpdatePolicy":{}},"serviceConfig":{"service":"projects/venda-e-faturamento/locations/us-central1/services/routeproxy","timeoutSeconds":30,"environmentVariables":{"FIREBASE_CONFIG":"{\"projectId\":\"venda-e-faturamento\",\"databaseURL\":\"https://venda-e-faturamento-default-rtdb.firebaseio.com\",\"storageBucket\":\"venda-e-faturamento.firebasestorage.app\"}","GCLOUD_PROJECT":"venda-e-faturamento","EVENTARC_CLOUD_EVENT_SOURCE":"projects/venda-e-faturamento/locations/us-central1/services/routeProxy","FUNCTION_TARGET":"routeProxy","LOG_EXECUTION_ID":"true"},"ingressSettings":"ALLOW_ALL","uri":"https://routeproxy-x5dckzzjra-uc.a.run.app","serviceAccountEmail":"83092109834-compute@developer.gserviceaccount.com","availableMemory":"256Mi","allTrafficOnLatestRevision":true,"secretEnvironmentVariables":[{"key":"GOOGLE_MAPS_SERVER_API_KEY","projectId":"venda-e-faturamento","secret":"GOOGLE_MAPS_SERVER_API_KEY","version":"2"}],"revision":"routeproxy-00001-juk","maxInstanceRequestConcurrency":80,"availableCpu":"1"},"state":"ACTIVE","updateTime":"2026-07-25T19:38:29.933231758Z","labels":{"firebase-functions-hash":"b2e35e905c4549e0ff654ffed720f2ccc9692473","deployment-tool":"cli-firebase"},"environment":"GEN_2","url":"https://us-central1-venda-e-faturamento.cloudfunctions.net/routeProxy","createTime":"2026-07-25T19:37:45.664331491Z","satisfiesPzi":true},{"name":"projects/venda-e-faturamento/locations/us-central1/functions/testarPush","buildConfig":{"build":"projects/83092109834/locations/us-central1/builds/38bc95cd-0f1a-4856-bb29-25eb09ae3533","runtime":"nodejs20","entryPoint":"testarPush","source":{"storageSource":{"bucket":"gcf-v2-sources-83092109834-us-central1","object":"testarPush/function-source.zip","generation":"1783902392061720"}},"environmentVariables":{"GOOGLE_NODE_RUN_SCRIPTS":""},"dockerRepository":"projects/venda-e-faturamento/locations/us-central1/repositories/gcf-artifacts","sourceProvenance":{"resolvedStorageSource":{"bucket":"gcf-v2-sources-83092109834-us-central1","object":"testarPush/function-source.zip","generation":"1783902392061720"}},"dockerRegistry":"ARTIFACT_REGISTRY","serviceAccount":"projects/venda-e-faturamento/serviceAccounts/83092109834-compute@developer.gserviceaccount.com","automaticUpdatePolicy":{}},"serviceConfig":{"service":"projects/venda-e-faturamento/locations/us-central1/services/testarpush","timeoutSeconds":60,"environmentVariables":{"FIREBASE_CONFIG":"{\"projectId\":\"venda-e-faturamento\",\"databaseURL\":\"https://venda-e-faturamento-default-rtdb.firebaseio.com\",\"storageBucket\":\"venda-e-faturamento.firebasestorage.app\"}","GCLOUD_PROJECT":"venda-e-faturamento","EVENTARC_CLOUD_EVENT_SOURCE":"projects/venda-e-faturamento/locations/us-central1/services/testarPush","FUNCTION_TARGET":"testarPush","LOG_EXECUTION_ID":"true","FUNCTION_SIGNATURE_TYPE":"http"},"maxInstanceCount":20,"ingressSettings":"ALLOW_ALL","uri":"https://testarpush-x5dckzzjra-uc.a.run.app","serviceAccountEmail":"83092109834-compute@developer.gserviceaccount.com","availableMemory":"256Mi","allTrafficOnLatestRevision":true,"revision":"testarpush-00002-haw","maxInstanceRequestConcurrency":80,"availableCpu":"1"},"state":"ACTIVE","updateTime":"2026-07-13T00:26:38.914040705Z","labels":{"deployment-tool":"cli-firebase","firebase-functions-hash":"fbd9bb43f35cd408b425fd73c3e5040aaf388b58"},"environment":"GEN_2","url":"https://us-central1-venda-e-faturamento.cloudfunctions.net/testarPush","createTime":"2026-07-12T23:51:27.669498104Z","satisfiesPzi":true},{"name":"projects/venda-e-faturamento/locations/us-central1/functions/lembreteCobranca","buildConfig":{"build":"projects/83092109834/locations/us-central1/builds/38bc95cd-0f1a-4856-bb29-25eb09ae3533","runtime":"nodejs20","entryPoint":"lembreteCobranca","source":{"storageSource":{"bucket":"gcf-v2-sources-83092109834-us-central1","object":"lembreteCobranca/function-source.zip","generation":"1783902336318140"}},"environmentVariables":{"GOOGLE_NODE_RUN_SCRIPTS":""},"dockerRepository":"projects/venda-e-faturamento/locations/us-central1/repositories/gcf-artifacts","sourceProvenance":{"resolvedStorageSource":{"bucket":"gcf-v2-sources-83092109834-us-central1","object":"lembreteCobranca/function-source.zip","generation":"1783902336318140"}},"dockerRegistry":"ARTIFACT_REGISTRY","serviceAccount":"projects/venda-e-faturamento/serviceAccounts/83092109834-compute@developer.gserviceaccount.com","automaticUpdatePolicy":{}},"serviceConfig":{"service":"projects/venda-e-faturamento/locations/us-central1/services/lembretecobranca","timeoutSeconds":60,"environmentVariables":{"FIREBASE_CONFIG":"{\"projectId\":\"venda-e-faturamento\",\"databaseURL\":\"https://venda-e-faturamento-default-rtdb.firebaseio.com\",\"storageBucket\":\"venda-e-faturamento.firebasestorage.app\"}","GCLOUD_PROJECT":"venda-e-faturamento","EVENTARC_CLOUD_EVENT_SOURCE":"projects/venda-e-faturamento/locations/us-central1/services/lembreteCobranca","FUNCTION_TARGET":"lembreteCobranca","LOG_EXECUTION_ID":"true"},"ingressSettings":"ALLOW_ALL","uri":"https://lembretecobranca-x5dckzzjra-uc.a.run.app","serviceAccountEmail":"83092109834-compute@developer.gserviceaccount.com","availableMemory":"256Mi","allTrafficOnLatestRevision":true,"revision":"lembretecobranca-00001-led","maxInstanceRequestConcurrency":80,"availableCpu":"1"},"state":"ACTIVE","updateTime":"2026-07-13T00:26:28.667386030Z","labels":{"deployment-scheduled":"true","firebase-functions-hash":"fbd9bb43f35cd408b425fd73c3e5040aaf388b58","deployment-tool":"cli-firebase"},"environment":"GEN_2","url":"https://us-central1-venda-e-faturamento.cloudfunctions.net/lembreteCobranca","createTime":"2026-07-13T00:25:36.586397097Z","satisfiesPzi":true},{"name":"projects/venda-e-faturamento/locations/us-central1/functions/notificarNovaEntrega","buildConfig":{"build":"projects/83092109834/locations/us-central1/builds/38bc95cd-0f1a-4856-bb29-25eb09ae3533","runtime":"nodejs20","entryPoint":"notificarNovaEntrega","source":{"storageSource":{"bucket":"gcf-v2-sources-83092109834-us-central1","object":"notificarNovaEntrega/function-source.zip","generation":"1783902392159965"}},"environmentVariables":{"GOOGLE_NODE_RUN_SCRIPTS":""},"dockerRepository":"projects/venda-e-faturamento/locations/us-central1/repositories/gcf-artifacts","sourceProvenance":{"resolvedStorageSource":{"bucket":"gcf-v2-sources-83092109834-us-central1","object":"notificarNovaEntrega/function-source.zip","generation":"1783902392159965"}},"dockerRegistry":"ARTIFACT_REGISTRY","serviceAccount":"projects/venda-e-faturamento/serviceAccounts/83092109834-compute@developer.gserviceaccount.com","automaticUpdatePolicy":{}},"serviceConfig":{"service":"projects/venda-e-faturamento/locations/us-central1/services/notificarnovaentrega","timeoutSeconds":60,"environmentVariables":{"FIREBASE_CONFIG":"{\"projectId\":\"venda-e-faturamento\",\"databaseURL\":\"https://venda-e-faturamento-default-rtdb.firebaseio.com\",\"storageBucket\":\"venda-e-faturamento.firebasestorage.app\"}","GCLOUD_PROJECT":"venda-e-faturamento","EVENTARC_CLOUD_EVENT_SOURCE":"projects/venda-e-faturamento/locations/us-central1/services/notificarNovaEntrega","FUNCTION_SIGNATURE_TYPE":"cloudevent","FUNCTION_TARGET":"notificarNovaEntrega","LOG_EXECUTION_ID":"true"},"maxInstanceCount":20,"ingressSettings":"ALLOW_ALL","uri":"https://notificarnovaentrega-x5dckzzjra-uc.a.run.app","serviceAccountEmail":"83092109834-compute@developer.gserviceaccount.com","availableMemory":"256Mi","allTrafficOnLatestRevision":true,"revision":"notificarnovaentrega-00002-lag","maxInstanceRequestConcurrency":80,"availableCpu":"1"},"eventTrigger":{"trigger":"projects/venda-e-faturamento/locations/us-central1/triggers/notificarnovaentrega-921497","triggerRegion":"us-central1","eventType":"google.firebase.database.ref.v1.created","eventFilters":[{"attribute":"ref","value":"usuarios/{usuarioId}/entregas/{entregaId}","operator":"match-path-pattern"},{"attribute":"instance","value":"*","operator":"match-path-pattern"}],"pubsubTopic":"projects/venda-e-faturamento/topics/eventarc-us-central1-notificarnovaentrega-921497-105","serviceAccountEmail":"83092109834-compute@developer.gserviceaccount.com","retryPolicy":"RETRY_POLICY_DO_NOT_RETRY"},"state":"ACTIVE","updateTime":"2026-07-13T00:26:39.530518999Z","labels":{"deployment-tool":"cli-firebase","firebase-functions-hash":"fbd9bb43f35cd408b425fd73c3e5040aaf388b58"},"environment":"GEN_2","url":"https://us-central1-venda-e-faturamento.cloudfunctions.net/notificarNovaEntrega","createTime":"2026-07-12T23:53:16.558517563Z","satisfiesPzi":true},{"name":"projects/venda-e-faturamento/locations/us-central1/functions/testarLembreteCobranca","buildConfig":{"build":"projects/83092109834/locations/us-central1/builds/38bc95cd-0f1a-4856-bb29-25eb09ae3533","runtime":"nodejs20","entryPoint":"testarLembreteCobranca","source":{"storageSource":{"bucket":"gcf-v2-sources-83092109834-us-central1","object":"testarLembreteCobranca/function-source.zip","generation":"1783902391643165"}},"environmentVariables":{"GOOGLE_NODE_RUN_SCRIPTS":""},"dockerRepository":"projects/venda-e-faturamento/locations/us-central1/repositories/gcf-artifacts","sourceProvenance":{"resolvedStorageSource":{"bucket":"gcf-v2-sources-83092109834-us-central1","object":"testarLembreteCobranca/function-source.zip","generation":"1783902391643165"}},"dockerRegistry":"ARTIFACT_REGISTRY","serviceAccount":"projects/venda-e-faturamento/serviceAccounts/83092109834-compute@developer.gserviceaccount.com","automaticUpdatePolicy":{}},"serviceConfig":{"service":"projects/venda-e-faturamento/locations/us-central1/services/testarlembretecobranca","timeoutSeconds":60,"environmentVariables":{"FIREBASE_CONFIG":"{\"projectId\":\"venda-e-faturamento\",\"databaseURL\":\"https://venda-e-faturamento-default-rtdb.firebaseio.com\",\"storageBucket\":\"venda-e-faturamento.firebasestorage.app\"}","GCLOUD_PROJECT":"venda-e-faturamento","EVENTARC_CLOUD_EVENT_SOURCE":"projects/venda-e-faturamento/locations/us-central1/services/testarLembreteCobranca","FUNCTION_TARGET":"testarLembreteCobranca","LOG_EXECUTION_ID":"true","FUNCTION_SIGNATURE_TYPE":"http"},"ingressSettings":"ALLOW_ALL","uri":"https://testarlembretecobranca-x5dckzzjra-uc.a.run.app","serviceAccountEmail":"83092109834-compute@developer.gserviceaccount.com","availableMemory":"256Mi","allTrafficOnLatestRevision":true,"revision":"testarlembretecobranca-00001-zam","maxInstanceRequestConcurrency":80,"availableCpu":"1"},"state":"ACTIVE","updateTime":"2026-07-13T00:26:38.883531958Z","labels":{"deployment-tool":"cli-firebase","firebase-functions-hash":"fbd9bb43f35cd408b425fd73c3e5040aaf388b58"},"environment":"GEN_2","url":"https://us-central1-venda-e-faturamento.cloudfunctions.net/testarLembreteCobranca","createTime":"2026-07-13T00:26:31.870502494Z","satisfiesPzi":true}]}
[info] i  1 functions are using stale version of secret GOOGLE_MAPS_SERVER_API_KEY:
	routeProxy(us-central1) 
[info] i  Please deploy your functions for the change to take effect by running:
	firebase deploy --only functions 
[debug] [2026-07-25T20:09:57.936Z] ----------------------------------------------------------------------
[debug] [2026-07-25T20:09:57.938Z] Command:       C:\Program Files\nodejs\node.exe C:\Users\Luan Rigatti\AppData\Roaming\npm\node_modules\firebase-tools\lib\bin\firebase.js functions:secrets:describe GOOGLE_MAPS_SERVER_API_KEY --project venda-e-faturamento
[debug] [2026-07-25T20:09:57.938Z] CLI Version:   15.22.4
[debug] [2026-07-25T20:09:57.938Z] Platform:      win32
[debug] [2026-07-25T20:09:57.938Z] Node Version:  v26.4.0
[debug] [2026-07-25T20:09:57.938Z] Detected Agent: codex_cli
[debug] [2026-07-25T20:09:57.938Z] Time:          Sat Jul 25 2026 17:09:57 GMT-0300 (Horário Padrão de Brasília)
[debug] [2026-07-25T20:09:57.938Z] ----------------------------------------------------------------------
[debug] 
[debug] [2026-07-25T20:09:58.043Z] > command requires scopes: ["email","openid","https://www.googleapis.com/auth/cloudplatformprojects.readonly","https://www.googleapis.com/auth/firebase","https://www.googleapis.com/auth/cloud-platform"]
[debug] [2026-07-25T20:09:58.044Z] > authorizing via signed-in user (luanr.rigatti@gmail.com)
[debug] [2026-07-25T20:09:58.045Z] > command requires scopes: ["email","openid","https://www.googleapis.com/auth/cloudplatformprojects.readonly","https://www.googleapis.com/auth/firebase","https://www.googleapis.com/auth/cloud-platform"]
[debug] [2026-07-25T20:09:58.045Z] > authorizing via signed-in user (luanr.rigatti@gmail.com)
[debug] [2026-07-25T20:09:58.045Z] [iam] checking project venda-e-faturamento for permissions ["firebase.projects.get","secretmanager.secrets.get"]
[debug] [2026-07-25T20:09:58.046Z] Checked if tokens are valid: true, expires at: 1785013773874
[debug] [2026-07-25T20:09:58.046Z] Checked if tokens are valid: true, expires at: 1785013773874
[debug] [2026-07-25T20:09:58.047Z] >>> [apiv2][query] POST https://cloudresourcemanager.googleapis.com/v1/projects/venda-e-faturamento:testIamPermissions [none]
[debug] [2026-07-25T20:09:58.047Z] >>> [apiv2][(partial)header] POST https://cloudresourcemanager.googleapis.com/v1/projects/venda-e-faturamento:testIamPermissions  x-goog-user-project=venda-e-faturamento
[debug] [2026-07-25T20:09:58.047Z] >>> [apiv2][body] POST https://cloudresourcemanager.googleapis.com/v1/projects/venda-e-faturamento:testIamPermissions {"permissions":["firebase.projects.get","secretmanager.secrets.get"]}
[debug] [2026-07-25T20:09:58.888Z] <<< [apiv2][status] POST https://cloudresourcemanager.googleapis.com/v1/projects/venda-e-faturamento:testIamPermissions 200
[debug] [2026-07-25T20:09:58.888Z] <<< [apiv2][body] POST https://cloudresourcemanager.googleapis.com/v1/projects/venda-e-faturamento:testIamPermissions {"permissions":["firebase.projects.get","secretmanager.secrets.get"]}
[debug] [2026-07-25T20:09:58.888Z] Checked if tokens are valid: true, expires at: 1785013773874
[debug] [2026-07-25T20:09:58.888Z] Checked if tokens are valid: true, expires at: 1785013773874
[debug] [2026-07-25T20:09:58.888Z] >>> [apiv2][query] GET https://secretmanager.googleapis.com/v1/projects/venda-e-faturamento/secrets/GOOGLE_MAPS_SERVER_API_KEY/versions [none]
[debug] [2026-07-25T20:09:59.602Z] <<< [apiv2][status] GET https://secretmanager.googleapis.com/v1/projects/venda-e-faturamento/secrets/GOOGLE_MAPS_SERVER_API_KEY/versions 200
[debug] [2026-07-25T20:09:59.602Z] <<< [apiv2][body] GET https://secretmanager.googleapis.com/v1/projects/venda-e-faturamento/secrets/GOOGLE_MAPS_SERVER_API_KEY/versions {"versions":[{"name":"projects/83092109834/secrets/GOOGLE_MAPS_SERVER_API_KEY/versions/3","createTime":"2026-07-25T20:09:38.372784Z","state":"ENABLED","replicationStatus":{"automatic":{}},"etag":"\"165775119a34b0\""},{"name":"projects/83092109834/secrets/GOOGLE_MAPS_SERVER_API_KEY/versions/2","createTime":"2026-07-25T19:36:08.757548Z","state":"ENABLED","replicationStatus":{"automatic":{}},"etag":"\"16577499d1e92c\""},{"name":"projects/83092109834/secrets/GOOGLE_MAPS_SERVER_API_KEY/versions/1","createTime":"2026-07-25T19:31:52.200146Z","state":"ENABLED","replicationStatus":{"automatic":{}},"etag":"\"1657748a8727d2\""}],"totalSize":3}
[info] ┌─────────┬─────────┐
│ Version │ State   │
├─────────┼─────────┤
│ 3       │ ENABLED │
├─────────┼─────────┤
│ 2       │ ENABLED │
├─────────┼─────────┤
│ 1       │ ENABLED │
└─────────┴─────────┘
[debug] [2026-07-25T20:10:11.349Z] ----------------------------------------------------------------------
[debug] [2026-07-25T20:10:11.350Z] Command:       C:\Program Files\nodejs\node.exe C:\Users\Luan Rigatti\AppData\Roaming\npm\node_modules\firebase-tools\lib\bin\firebase.js deploy --only functions:routeProxy --project venda-e-faturamento
[debug] [2026-07-25T20:10:11.351Z] CLI Version:   15.22.4
[debug] [2026-07-25T20:10:11.351Z] Platform:      win32
[debug] [2026-07-25T20:10:11.351Z] Node Version:  v26.4.0
[debug] [2026-07-25T20:10:11.351Z] Detected Agent: codex_cli
[debug] [2026-07-25T20:10:11.351Z] Time:          Sat Jul 25 2026 17:10:11 GMT-0300 (Horário Padrão de Brasília)
[debug] [2026-07-25T20:10:11.351Z] ----------------------------------------------------------------------
[debug] 
[debug] [2026-07-25T20:10:12.421Z] > command requires scopes: ["email","openid","https://www.googleapis.com/auth/cloudplatformprojects.readonly","https://www.googleapis.com/auth/firebase","https://www.googleapis.com/auth/cloud-platform"]
[debug] [2026-07-25T20:10:12.422Z] > authorizing via signed-in user (luanr.rigatti@gmail.com)
[debug] [2026-07-25T20:10:12.422Z] [iam] checking project venda-e-faturamento for permissions ["cloudfunctions.functions.create","cloudfunctions.functions.delete","cloudfunctions.functions.get","cloudfunctions.functions.list","cloudfunctions.functions.update","cloudfunctions.operations.get","firebase.projects.get"]
[debug] [2026-07-25T20:10:12.423Z] Checked if tokens are valid: true, expires at: 1785013773874
[debug] [2026-07-25T20:10:12.423Z] Checked if tokens are valid: true, expires at: 1785013773874
[debug] [2026-07-25T20:10:12.424Z] >>> [apiv2][query] POST https://cloudresourcemanager.googleapis.com/v1/projects/venda-e-faturamento:testIamPermissions [none]
[debug] [2026-07-25T20:10:12.424Z] >>> [apiv2][(partial)header] POST https://cloudresourcemanager.googleapis.com/v1/projects/venda-e-faturamento:testIamPermissions  x-goog-user-project=venda-e-faturamento
[debug] [2026-07-25T20:10:12.424Z] >>> [apiv2][body] POST https://cloudresourcemanager.googleapis.com/v1/projects/venda-e-faturamento:testIamPermissions {"permissions":["cloudfunctions.functions.create","cloudfunctions.functions.delete","cloudfunctions.functions.get","cloudfunctions.functions.list","cloudfunctions.functions.update","cloudfunctions.operations.get","firebase.projects.get"]}
[debug] [2026-07-25T20:10:13.269Z] <<< [apiv2][status] POST https://cloudresourcemanager.googleapis.com/v1/projects/venda-e-faturamento:testIamPermissions 200
[debug] [2026-07-25T20:10:13.269Z] <<< [apiv2][body] POST https://cloudresourcemanager.googleapis.com/v1/projects/venda-e-faturamento:testIamPermissions {"permissions":["cloudfunctions.functions.create","cloudfunctions.functions.delete","cloudfunctions.functions.get","cloudfunctions.functions.list","cloudfunctions.functions.update","cloudfunctions.operations.get","firebase.projects.get"]}
[debug] [2026-07-25T20:10:13.270Z] Checked if tokens are valid: true, expires at: 1785013773874
[debug] [2026-07-25T20:10:13.270Z] Checked if tokens are valid: true, expires at: 1785013773874
[debug] [2026-07-25T20:10:13.270Z] >>> [apiv2][query] POST https://iam.googleapis.com/v1/projects/venda-e-faturamento/serviceAccounts/venda-e-faturamento@appspot.gserviceaccount.com:testIamPermissions [none]
[debug] [2026-07-25T20:10:13.270Z] >>> [apiv2][body] POST https://iam.googleapis.com/v1/projects/venda-e-faturamento/serviceAccounts/venda-e-faturamento@appspot.gserviceaccount.com:testIamPermissions {"permissions":["iam.serviceAccounts.actAs"]}
[debug] [2026-07-25T20:10:14.210Z] <<< [apiv2][status] POST https://iam.googleapis.com/v1/projects/venda-e-faturamento/serviceAccounts/venda-e-faturamento@appspot.gserviceaccount.com:testIamPermissions 200
[debug] [2026-07-25T20:10:14.210Z] <<< [apiv2][body] POST https://iam.googleapis.com/v1/projects/venda-e-faturamento/serviceAccounts/venda-e-faturamento@appspot.gserviceaccount.com:testIamPermissions {"permissions":["iam.serviceAccounts.actAs"]}
[info] 
[info] === Deploying to 'venda-e-faturamento'...
[info] 
[info] i  deploying functions 
[debug] [2026-07-25T20:10:14.212Z] Checked if tokens are valid: true, expires at: 1785013773874
[debug] [2026-07-25T20:10:14.213Z] Checked if tokens are valid: true, expires at: 1785013773874
[debug] [2026-07-25T20:10:14.213Z] >>> [apiv2][query] GET https://cloudresourcemanager.googleapis.com/v1/projects/venda-e-faturamento [none]
[debug] [2026-07-25T20:10:14.390Z] <<< [apiv2][status] GET https://cloudresourcemanager.googleapis.com/v1/projects/venda-e-faturamento 200
[debug] [2026-07-25T20:10:14.390Z] <<< [apiv2][body] GET https://cloudresourcemanager.googleapis.com/v1/projects/venda-e-faturamento {"projectNumber":"83092109834","projectId":"venda-e-faturamento","lifecycleState":"ACTIVE","name":"Venda e Faturamento","labels":{"firebase":"enabled","firebase-core":"disabled"},"createTime":"2026-05-22T11:33:38.894Z"}
[info] i  functions: preparing codebase default for deployment 
[info] i  functions: ensuring required API cloudfunctions.googleapis.com is enabled... 
[info] i  functions: ensuring required API cloudbuild.googleapis.com is enabled... 
[info] i  artifactregistry: ensuring required API artifactregistry.googleapis.com is enabled... 
[debug] [2026-07-25T20:10:14.393Z] Checked if tokens are valid: true, expires at: 1785013773874
[debug] [2026-07-25T20:10:14.393Z] Checked if tokens are valid: true, expires at: 1785013773874
[debug] [2026-07-25T20:10:14.393Z] >>> [apiv2][query] GET https://firebase.googleapis.com/v1beta1/projects/venda-e-faturamento/adminSdkConfig [none]
[debug] [2026-07-25T20:10:14.850Z] <<< [apiv2][status] GET https://firebase.googleapis.com/v1beta1/projects/venda-e-faturamento/adminSdkConfig 200
[debug] [2026-07-25T20:10:14.850Z] <<< [apiv2][body] GET https://firebase.googleapis.com/v1beta1/projects/venda-e-faturamento/adminSdkConfig {"projectId":"venda-e-faturamento","databaseURL":"https://venda-e-faturamento-default-rtdb.firebaseio.com","storageBucket":"venda-e-faturamento.firebasestorage.app"}
[debug] [2026-07-25T20:10:14.850Z] Checked if tokens are valid: true, expires at: 1785013773874
[debug] [2026-07-25T20:10:14.850Z] Checked if tokens are valid: true, expires at: 1785013773874
[debug] [2026-07-25T20:10:14.850Z] >>> [apiv2][query] GET https://runtimeconfig.googleapis.com/v1beta1/projects/venda-e-faturamento/configs [none]
[debug] [2026-07-25T20:10:15.446Z] <<< [apiv2][status] GET https://runtimeconfig.googleapis.com/v1beta1/projects/venda-e-faturamento/configs 200
[debug] [2026-07-25T20:10:15.446Z] <<< [apiv2][body] GET https://runtimeconfig.googleapis.com/v1beta1/projects/venda-e-faturamento/configs {}
[debug] [2026-07-25T20:10:15.447Z] Validating nodejs source
[warn] !  functions: Runtime Node.js 20 was deprecated on 2026-04-30 and will be decommissioned on 2026-10-30, after which you will not be able to deploy without upgrading. Consider upgrading now to avoid disruption. See https://cloud.google.com/functions/docs/runtime-support for full details on the lifecycle policy 
[warn] !  functions: package.json indicates an outdated version of firebase-functions. Please upgrade using npm install --save firebase-functions@latest in your functions directory. 
[warn] !  functions: Please note that there will be breaking changes when you upgrade. 
[debug] [2026-07-25T20:10:16.000Z] > [functions] package.json contents: {
  "name": "pareact-functions",
  "private": true,
  "main": "index.js",
  "engines": {
    "node": "20"
  },
  "scripts": {
    "serve": "firebase emulators:start --only functions,database",
    "deploy": "firebase deploy --only functions",
    "logs": "firebase functions:log",
    "test:route-proxy": "node --test routeProxy.test.js"
  },
  "dependencies": {
    "firebase-admin": "^12.1.0",
    "firebase-functions": "^5.0.0"
  }
}
[debug] [2026-07-25T20:10:16.000Z] Building nodejs source
[info] i  functions: Loading and analyzing source code for codebase default to determine what to deploy 
[debug] [2026-07-25T20:10:16.001Z] Could not find functions.yaml. Must use http discovery
[debug] [2026-07-25T20:10:16.006Z] Found firebase-functions binary at 'C:\Projetos\PAReact\functions\node_modules\.bin\firebase-functions'
[info] Serving at port 8494

[debug] [2026-07-25T20:10:16.314Z] Got response from /__/functions.yaml {"endpoints":{"routeProxy":{"availableMemoryMb":null,"timeoutSeconds":30,"minInstances":null,"maxInstances":null,"ingressSettings":null,"concurrency":null,"serviceAccountEmail":null,"vpc":null,"platform":"gcfv2","region":["us-central1"],"secretEnvironmentVariables":[{"key":"GOOGLE_MAPS_SERVER_API_KEY"}],"labels":{},"httpsTrigger":{},"entryPoint":"routeProxy"},"notificarNovaEntrega":{"availableMemoryMb":null,"timeoutSeconds":null,"minInstances":null,"maxInstances":null,"ingressSettings":null,"concurrency":null,"serviceAccountEmail":null,"vpc":null,"platform":"gcfv2","labels":{},"eventTrigger":{"eventType":"google.firebase.database.ref.v1.written","eventFilters":{},"eventFilterPathPatterns":{"ref":"usuarios/{usuarioId}/entregas","instance":"*"},"retry":false},"entryPoint":"notificarNovaEntrega"},"testarPush":{"availableMemoryMb":null,"timeoutSeconds":null,"minInstances":null,"maxInstances":null,"ingressSettings":null,"concurrency":null,"serviceAccountEmail":null,"vpc":null,"platform":"gcfv2","labels":{},"httpsTrigger":{},"entryPoint":"testarPush"},"lembreteCobranca":{"availableMemoryMb":null,"timeoutSeconds":null,"minInstances":null,"maxInstances":null,"ingressSettings":null,"concurrency":null,"serviceAccountEmail":null,"vpc":null,"platform":"gcfv2","labels":{},"scheduleTrigger":{"schedule":"0 15 * * 1-5","retryConfig":{},"timeZone":"America/Sao_Paulo"},"entryPoint":"lembreteCobranca"},"testarLembreteCobranca":{"availableMemoryMb":null,"timeoutSeconds":null,"minInstances":null,"maxInstances":null,"ingressSettings":null,"concurrency":null,"serviceAccountEmail":null,"vpc":null,"platform":"gcfv2","labels":{},"httpsTrigger":{},"entryPoint":"testarLembreteCobranca"}},"specVersion":"v1alpha1","requiredAPIs":[{"api":"cloudscheduler.googleapis.com","reason":"Needed for scheduled functions."}],"extensions":{},"params":[{"type":"secret","name":"GOOGLE_MAPS_SERVER_API_KEY"}]}
[debug] [2026-07-25T20:10:20.343Z] Checked if tokens are valid: true, expires at: 1785013773874
[debug] [2026-07-25T20:10:20.343Z] Checked if tokens are valid: true, expires at: 1785013773874
[debug] [2026-07-25T20:10:20.343Z] >>> [apiv2][query] GET https://cloudfunctions.googleapis.com/v1/projects/venda-e-faturamento/locations/-/functions [none]
[debug] [2026-07-25T20:10:21.331Z] <<< [apiv2][status] GET https://cloudfunctions.googleapis.com/v1/projects/venda-e-faturamento/locations/-/functions 200
[debug] [2026-07-25T20:10:21.331Z] <<< [apiv2][body] GET https://cloudfunctions.googleapis.com/v1/projects/venda-e-faturamento/locations/-/functions {}
[debug] [2026-07-25T20:10:21.331Z] Checked if tokens are valid: true, expires at: 1785013773874
[debug] [2026-07-25T20:10:21.331Z] Checked if tokens are valid: true, expires at: 1785013773874
[debug] [2026-07-25T20:10:21.331Z] >>> [apiv2][query] GET https://cloudfunctions.googleapis.com/v2/projects/venda-e-faturamento/locations/-/functions filter=environment%3D%22GEN_2%22
[debug] [2026-07-25T20:10:22.753Z] <<< [apiv2][status] GET https://cloudfunctions.googleapis.com/v2/projects/venda-e-faturamento/locations/-/functions 200
[debug] [2026-07-25T20:10:22.754Z] <<< [apiv2][body] GET https://cloudfunctions.googleapis.com/v2/projects/venda-e-faturamento/locations/-/functions {"functions":[{"name":"projects/venda-e-faturamento/locations/us-central1/functions/routeProxy","buildConfig":{"build":"projects/83092109834/locations/us-central1/builds/cccbd036-fe18-44dd-a9d6-98ae3aa7efac","runtime":"nodejs20","entryPoint":"routeProxy","source":{"storageSource":{"bucket":"gcf-v2-sources-83092109834-us-central1","object":"routeProxy/function-source.zip","generation":"1785008265376138"}},"environmentVariables":{"GOOGLE_NODE_RUN_SCRIPTS":""},"dockerRepository":"projects/venda-e-faturamento/locations/us-central1/repositories/gcf-artifacts","sourceProvenance":{"resolvedStorageSource":{"bucket":"gcf-v2-sources-83092109834-us-central1","object":"routeProxy/function-source.zip","generation":"1785008265376138"}},"dockerRegistry":"ARTIFACT_REGISTRY","serviceAccount":"projects/venda-e-faturamento/serviceAccounts/83092109834-compute@developer.gserviceaccount.com","automaticUpdatePolicy":{}},"serviceConfig":{"service":"projects/venda-e-faturamento/locations/us-central1/services/routeproxy","timeoutSeconds":30,"environmentVariables":{"FIREBASE_CONFIG":"{\"projectId\":\"venda-e-faturamento\",\"databaseURL\":\"https://venda-e-faturamento-default-rtdb.firebaseio.com\",\"storageBucket\":\"venda-e-faturamento.firebasestorage.app\"}","GCLOUD_PROJECT":"venda-e-faturamento","EVENTARC_CLOUD_EVENT_SOURCE":"projects/venda-e-faturamento/locations/us-central1/services/routeProxy","FUNCTION_TARGET":"routeProxy","LOG_EXECUTION_ID":"true"},"ingressSettings":"ALLOW_ALL","uri":"https://routeproxy-x5dckzzjra-uc.a.run.app","serviceAccountEmail":"83092109834-compute@developer.gserviceaccount.com","availableMemory":"256Mi","allTrafficOnLatestRevision":true,"secretEnvironmentVariables":[{"key":"GOOGLE_MAPS_SERVER_API_KEY","projectId":"venda-e-faturamento","secret":"GOOGLE_MAPS_SERVER_API_KEY","version":"2"}],"revision":"routeproxy-00001-juk","maxInstanceRequestConcurrency":80,"availableCpu":"1"},"state":"ACTIVE","updateTime":"2026-07-25T19:38:29.933231758Z","labels":{"firebase-functions-hash":"b2e35e905c4549e0ff654ffed720f2ccc9692473","deployment-tool":"cli-firebase"},"environment":"GEN_2","url":"https://us-central1-venda-e-faturamento.cloudfunctions.net/routeProxy","createTime":"2026-07-25T19:37:45.664331491Z","satisfiesPzi":true},{"name":"projects/venda-e-faturamento/locations/us-central1/functions/testarPush","buildConfig":{"build":"projects/83092109834/locations/us-central1/builds/38bc95cd-0f1a-4856-bb29-25eb09ae3533","runtime":"nodejs20","entryPoint":"testarPush","source":{"storageSource":{"bucket":"gcf-v2-sources-83092109834-us-central1","object":"testarPush/function-source.zip","generation":"1783902392061720"}},"environmentVariables":{"GOOGLE_NODE_RUN_SCRIPTS":""},"dockerRepository":"projects/venda-e-faturamento/locations/us-central1/repositories/gcf-artifacts","sourceProvenance":{"resolvedStorageSource":{"bucket":"gcf-v2-sources-83092109834-us-central1","object":"testarPush/function-source.zip","generation":"1783902392061720"}},"dockerRegistry":"ARTIFACT_REGISTRY","serviceAccount":"projects/venda-e-faturamento/serviceAccounts/83092109834-compute@developer.gserviceaccount.com","automaticUpdatePolicy":{}},"serviceConfig":{"service":"projects/venda-e-faturamento/locations/us-central1/services/testarpush","timeoutSeconds":60,"environmentVariables":{"FIREBASE_CONFIG":"{\"projectId\":\"venda-e-faturamento\",\"databaseURL\":\"https://venda-e-faturamento-default-rtdb.firebaseio.com\",\"storageBucket\":\"venda-e-faturamento.firebasestorage.app\"}","GCLOUD_PROJECT":"venda-e-faturamento","EVENTARC_CLOUD_EVENT_SOURCE":"projects/venda-e-faturamento/locations/us-central1/services/testarPush","FUNCTION_TARGET":"testarPush","LOG_EXECUTION_ID":"true","FUNCTION_SIGNATURE_TYPE":"http"},"maxInstanceCount":20,"ingressSettings":"ALLOW_ALL","uri":"https://testarpush-x5dckzzjra-uc.a.run.app","serviceAccountEmail":"83092109834-compute@developer.gserviceaccount.com","availableMemory":"256Mi","allTrafficOnLatestRevision":true,"revision":"testarpush-00002-haw","maxInstanceRequestConcurrency":80,"availableCpu":"1"},"state":"ACTIVE","updateTime":"2026-07-13T00:26:38.914040705Z","labels":{"deployment-tool":"cli-firebase","firebase-functions-hash":"fbd9bb43f35cd408b425fd73c3e5040aaf388b58"},"environment":"GEN_2","url":"https://us-central1-venda-e-faturamento.cloudfunctions.net/testarPush","createTime":"2026-07-12T23:51:27.669498104Z","satisfiesPzi":true},{"name":"projects/venda-e-faturamento/locations/us-central1/functions/lembreteCobranca","buildConfig":{"build":"projects/83092109834/locations/us-central1/builds/38bc95cd-0f1a-4856-bb29-25eb09ae3533","runtime":"nodejs20","entryPoint":"lembreteCobranca","source":{"storageSource":{"bucket":"gcf-v2-sources-83092109834-us-central1","object":"lembreteCobranca/function-source.zip","generation":"1783902336318140"}},"environmentVariables":{"GOOGLE_NODE_RUN_SCRIPTS":""},"dockerRepository":"projects/venda-e-faturamento/locations/us-central1/repositories/gcf-artifacts","sourceProvenance":{"resolvedStorageSource":{"bucket":"gcf-v2-sources-83092109834-us-central1","object":"lembreteCobranca/function-source.zip","generation":"1783902336318140"}},"dockerRegistry":"ARTIFACT_REGISTRY","serviceAccount":"projects/venda-e-faturamento/serviceAccounts/83092109834-compute@developer.gserviceaccount.com","automaticUpdatePolicy":{}},"serviceConfig":{"service":"projects/venda-e-faturamento/locations/us-central1/services/lembretecobranca","timeoutSeconds":60,"environmentVariables":{"FIREBASE_CONFIG":"{\"projectId\":\"venda-e-faturamento\",\"databaseURL\":\"https://venda-e-faturamento-default-rtdb.firebaseio.com\",\"storageBucket\":\"venda-e-faturamento.firebasestorage.app\"}","GCLOUD_PROJECT":"venda-e-faturamento","EVENTARC_CLOUD_EVENT_SOURCE":"projects/venda-e-faturamento/locations/us-central1/services/lembreteCobranca","FUNCTION_TARGET":"lembreteCobranca","LOG_EXECUTION_ID":"true"},"ingressSettings":"ALLOW_ALL","uri":"https://lembretecobranca-x5dckzzjra-uc.a.run.app","serviceAccountEmail":"83092109834-compute@developer.gserviceaccount.com","availableMemory":"256Mi","allTrafficOnLatestRevision":true,"revision":"lembretecobranca-00001-led","maxInstanceRequestConcurrency":80,"availableCpu":"1"},"state":"ACTIVE","updateTime":"2026-07-13T00:26:28.667386030Z","labels":{"firebase-functions-hash":"fbd9bb43f35cd408b425fd73c3e5040aaf388b58","deployment-tool":"cli-firebase","deployment-scheduled":"true"},"environment":"GEN_2","url":"https://us-central1-venda-e-faturamento.cloudfunctions.net/lembreteCobranca","createTime":"2026-07-13T00:25:36.586397097Z","satisfiesPzi":true},{"name":"projects/venda-e-faturamento/locations/us-central1/functions/notificarNovaEntrega","buildConfig":{"build":"projects/83092109834/locations/us-central1/builds/38bc95cd-0f1a-4856-bb29-25eb09ae3533","runtime":"nodejs20","entryPoint":"notificarNovaEntrega","source":{"storageSource":{"bucket":"gcf-v2-sources-83092109834-us-central1","object":"notificarNovaEntrega/function-source.zip","generation":"1783902392159965"}},"environmentVariables":{"GOOGLE_NODE_RUN_SCRIPTS":""},"dockerRepository":"projects/venda-e-faturamento/locations/us-central1/repositories/gcf-artifacts","sourceProvenance":{"resolvedStorageSource":{"bucket":"gcf-v2-sources-83092109834-us-central1","object":"notificarNovaEntrega/function-source.zip","generation":"1783902392159965"}},"dockerRegistry":"ARTIFACT_REGISTRY","serviceAccount":"projects/venda-e-faturamento/serviceAccounts/83092109834-compute@developer.gserviceaccount.com","automaticUpdatePolicy":{}},"serviceConfig":{"service":"projects/venda-e-faturamento/locations/us-central1/services/notificarnovaentrega","timeoutSeconds":60,"environmentVariables":{"FIREBASE_CONFIG":"{\"projectId\":\"venda-e-faturamento\",\"databaseURL\":\"https://venda-e-faturamento-default-rtdb.firebaseio.com\",\"storageBucket\":\"venda-e-faturamento.firebasestorage.app\"}","GCLOUD_PROJECT":"venda-e-faturamento","EVENTARC_CLOUD_EVENT_SOURCE":"projects/venda-e-faturamento/locations/us-central1/services/notificarNovaEntrega","FUNCTION_SIGNATURE_TYPE":"cloudevent","FUNCTION_TARGET":"notificarNovaEntrega","LOG_EXECUTION_ID":"true"},"maxInstanceCount":20,"ingressSettings":"ALLOW_ALL","uri":"https://notificarnovaentrega-x5dckzzjra-uc.a.run.app","serviceAccountEmail":"83092109834-compute@developer.gserviceaccount.com","availableMemory":"256Mi","allTrafficOnLatestRevision":true,"revision":"notificarnovaentrega-00002-lag","maxInstanceRequestConcurrency":80,"availableCpu":"1"},"eventTrigger":{"trigger":"projects/venda-e-faturamento/locations/us-central1/triggers/notificarnovaentrega-921497","triggerRegion":"us-central1","eventType":"google.firebase.database.ref.v1.created","eventFilters":[{"attribute":"ref","value":"usuarios/{usuarioId}/entregas/{entregaId}","operator":"match-path-pattern"},{"attribute":"instance","value":"*","operator":"match-path-pattern"}],"pubsubTopic":"projects/venda-e-faturamento/topics/eventarc-us-central1-notificarnovaentrega-921497-105","serviceAccountEmail":"83092109834-compute@developer.gserviceaccount.com","retryPolicy":"RETRY_POLICY_DO_NOT_RETRY"},"state":"ACTIVE","updateTime":"2026-07-13T00:26:39.530518999Z","labels":{"deployment-tool":"cli-firebase","firebase-functions-hash":"fbd9bb43f35cd408b425fd73c3e5040aaf388b58"},"environment":"GEN_2","url":"https://us-central1-venda-e-faturamento.cloudfunctions.net/notificarNovaEntrega","createTime":"2026-07-12T23:53:16.558517563Z","satisfiesPzi":true},{"name":"projects/venda-e-faturamento/locations/us-central1/functions/testarLembreteCobranca","buildConfig":{"build":"projects/83092109834/locations/us-central1/builds/38bc95cd-0f1a-4856-bb29-25eb09ae3533","runtime":"nodejs20","entryPoint":"testarLembreteCobranca","source":{"storageSource":{"bucket":"gcf-v2-sources-83092109834-us-central1","object":"testarLembreteCobranca/function-source.zip","generation":"1783902391643165"}},"environmentVariables":{"GOOGLE_NODE_RUN_SCRIPTS":""},"dockerRepository":"projects/venda-e-faturamento/locations/us-central1/repositories/gcf-artifacts","sourceProvenance":{"resolvedStorageSource":{"bucket":"gcf-v2-sources-83092109834-us-central1","object":"testarLembreteCobranca/function-source.zip","generation":"1783902391643165"}},"dockerRegistry":"ARTIFACT_REGISTRY","serviceAccount":"projects/venda-e-faturamento/serviceAccounts/83092109834-compute@developer.gserviceaccount.com","automaticUpdatePolicy":{}},"serviceConfig":{"service":"projects/venda-e-faturamento/locations/us-central1/services/testarlembretecobranca","timeoutSeconds":60,"environmentVariables":{"FIREBASE_CONFIG":"{\"projectId\":\"venda-e-faturamento\",\"databaseURL\":\"https://venda-e-faturamento-default-rtdb.firebaseio.com\",\"storageBucket\":\"venda-e-faturamento.firebasestorage.app\"}","GCLOUD_PROJECT":"venda-e-faturamento","EVENTARC_CLOUD_EVENT_SOURCE":"projects/venda-e-faturamento/locations/us-central1/services/testarLembreteCobranca","FUNCTION_TARGET":"testarLembreteCobranca","LOG_EXECUTION_ID":"true","FUNCTION_SIGNATURE_TYPE":"http"},"ingressSettings":"ALLOW_ALL","uri":"https://testarlembretecobranca-x5dckzzjra-uc.a.run.app","serviceAccountEmail":"83092109834-compute@developer.gserviceaccount.com","availableMemory":"256Mi","allTrafficOnLatestRevision":true,"revision":"testarlembretecobranca-00001-zam","maxInstanceRequestConcurrency":80,"availableCpu":"1"},"state":"ACTIVE","updateTime":"2026-07-13T00:26:38.883531958Z","labels":{"deployment-tool":"cli-firebase","firebase-functions-hash":"fbd9bb43f35cd408b425fd73c3e5040aaf388b58"},"environment":"GEN_2","url":"https://us-central1-venda-e-faturamento.cloudfunctions.net/testarLembreteCobranca","createTime":"2026-07-13T00:26:31.870502494Z","satisfiesPzi":true}]}
[info] i  extensions: ensuring required API firebaseextensions.googleapis.com is enabled... 
[debug] [2026-07-25T20:10:22.756Z] > command requires scopes: ["email","openid","https://www.googleapis.com/auth/cloudplatformprojects.readonly","https://www.googleapis.com/auth/firebase","https://www.googleapis.com/auth/cloud-platform"]
[debug] [2026-07-25T20:10:22.756Z] > authorizing via signed-in user (luanr.rigatti@gmail.com)
[debug] [2026-07-25T20:10:22.756Z] [iam] checking project venda-e-faturamento for permissions ["firebase.projects.get","firebaseextensions.instances.list"]
[debug] [2026-07-25T20:10:22.756Z] Checked if tokens are valid: true, expires at: 1785013773874
[debug] [2026-07-25T20:10:22.757Z] Checked if tokens are valid: true, expires at: 1785013773874
[debug] [2026-07-25T20:10:22.757Z] >>> [apiv2][query] POST https://cloudresourcemanager.googleapis.com/v1/projects/venda-e-faturamento:testIamPermissions [none]
[debug] [2026-07-25T20:10:22.757Z] >>> [apiv2][(partial)header] POST https://cloudresourcemanager.googleapis.com/v1/projects/venda-e-faturamento:testIamPermissions  x-goog-user-project=venda-e-faturamento
[debug] [2026-07-25T20:10:22.757Z] >>> [apiv2][body] POST https://cloudresourcemanager.googleapis.com/v1/projects/venda-e-faturamento:testIamPermissions {"permissions":["firebase.projects.get","firebaseextensions.instances.list"]}
[debug] [2026-07-25T20:10:23.585Z] <<< [apiv2][status] POST https://cloudresourcemanager.googleapis.com/v1/projects/venda-e-faturamento:testIamPermissions 200
[debug] [2026-07-25T20:10:23.585Z] <<< [apiv2][body] POST https://cloudresourcemanager.googleapis.com/v1/projects/venda-e-faturamento:testIamPermissions {"permissions":["firebase.projects.get","firebaseextensions.instances.list"]}
[debug] [2026-07-25T20:10:23.586Z] Checked if tokens are valid: true, expires at: 1785013773874
[debug] [2026-07-25T20:10:23.586Z] Checked if tokens are valid: true, expires at: 1785013773874
[debug] [2026-07-25T20:10:23.586Z] >>> [apiv2][query] GET https://firebaseextensions.googleapis.com/v1beta/projects/venda-e-faturamento/instances pageSize=100&pageToken=
[debug] [2026-07-25T20:10:24.701Z] <<< [apiv2][status] GET https://firebaseextensions.googleapis.com/v1beta/projects/venda-e-faturamento/instances 200
[debug] [2026-07-25T20:10:24.701Z] <<< [apiv2][body] GET https://firebaseextensions.googleapis.com/v1beta/projects/venda-e-faturamento/instances {}
[debug] [2026-07-25T20:10:24.702Z] Checked if tokens are valid: true, expires at: 1785013773874
[debug] [2026-07-25T20:10:24.702Z] Checked if tokens are valid: true, expires at: 1785013773874
[debug] [2026-07-25T20:10:24.702Z] >>> [apiv2][query] GET https://secretmanager.googleapis.com/v1/projects/venda-e-faturamento/secrets/GOOGLE_MAPS_SERVER_API_KEY [none]
[debug] [2026-07-25T20:10:25.271Z] <<< [apiv2][status] GET https://secretmanager.googleapis.com/v1/projects/venda-e-faturamento/secrets/GOOGLE_MAPS_SERVER_API_KEY 200
[debug] [2026-07-25T20:10:25.271Z] <<< [apiv2][body] GET https://secretmanager.googleapis.com/v1/projects/venda-e-faturamento/secrets/GOOGLE_MAPS_SERVER_API_KEY {"name":"projects/83092109834/secrets/GOOGLE_MAPS_SERVER_API_KEY","replication":{"automatic":{}},"createTime":"2026-07-25T19:24:44.748636Z","labels":{"firebase-managed":"functions"},"etag":"\"165774711e26c0\""}
[debug] [2026-07-25T20:10:25.272Z] Checked if tokens are valid: true, expires at: 1785013773874
[debug] [2026-07-25T20:10:25.272Z] Checked if tokens are valid: true, expires at: 1785013773874
[debug] [2026-07-25T20:10:25.272Z] >>> [apiv2][query] GET https://secretmanager.googleapis.com/v1/projects/venda-e-faturamento/secrets/GOOGLE_MAPS_SERVER_API_KEY/versions/latest [none]
[debug] [2026-07-25T20:10:25.535Z] <<< [apiv2][status] GET https://secretmanager.googleapis.com/v1/projects/venda-e-faturamento/secrets/GOOGLE_MAPS_SERVER_API_KEY/versions/latest 200
[debug] [2026-07-25T20:10:25.535Z] <<< [apiv2][body] GET https://secretmanager.googleapis.com/v1/projects/venda-e-faturamento/secrets/GOOGLE_MAPS_SERVER_API_KEY/versions/latest {"name":"projects/83092109834/secrets/GOOGLE_MAPS_SERVER_API_KEY/versions/3","createTime":"2026-07-25T20:09:38.372784Z","state":"ENABLED","replicationStatus":{"automatic":{}},"etag":"\"165775119a34b0\""}
[info] i  functions: preparing functions directory for uploading... 
[info] i  functions: packaged C:\Projetos\PAReact\functions (38.08 KB) for uploading 
[info] i  functions: ensuring required API cloudscheduler.googleapis.com is enabled... 
[info] i  functions: ensuring required API run.googleapis.com is enabled... 
[info] i  functions: ensuring required API eventarc.googleapis.com is enabled... 
[info] i  functions: ensuring required API pubsub.googleapis.com is enabled... 
[info] i  functions: ensuring required API storage.googleapis.com is enabled... 
[info] i  functions: generating the service identity for pubsub.googleapis.com... 
[debug] [2026-07-25T20:10:25.553Z] Checked if tokens are valid: true, expires at: 1785013773874
[debug] [2026-07-25T20:10:25.553Z] Checked if tokens are valid: true, expires at: 1785013773874
[info] i  functions: generating the service identity for eventarc.googleapis.com... 
[debug] [2026-07-25T20:10:25.553Z] Checked if tokens are valid: true, expires at: 1785013773874
[debug] [2026-07-25T20:10:25.553Z] Checked if tokens are valid: true, expires at: 1785013773874
[debug] [2026-07-25T20:10:25.553Z] >>> [apiv2][query] POST https://serviceusage.googleapis.com/v1beta1/projects/83092109834/services/pubsub.googleapis.com:generateServiceIdentity [none]
[debug] [2026-07-25T20:10:25.553Z] >>> [apiv2][(partial)header] POST https://serviceusage.googleapis.com/v1beta1/projects/83092109834/services/pubsub.googleapis.com:generateServiceIdentity  x-goog-user-project=83092109834
[debug] [2026-07-25T20:10:25.554Z] >>> [apiv2][body] POST https://serviceusage.googleapis.com/v1beta1/projects/83092109834/services/pubsub.googleapis.com:generateServiceIdentity {}
[debug] [2026-07-25T20:10:25.554Z] >>> [apiv2][query] POST https://serviceusage.googleapis.com/v1beta1/projects/83092109834/services/eventarc.googleapis.com:generateServiceIdentity [none]
[debug] [2026-07-25T20:10:25.554Z] >>> [apiv2][(partial)header] POST https://serviceusage.googleapis.com/v1beta1/projects/83092109834/services/eventarc.googleapis.com:generateServiceIdentity  x-goog-user-project=83092109834
[debug] [2026-07-25T20:10:25.554Z] >>> [apiv2][body] POST https://serviceusage.googleapis.com/v1beta1/projects/83092109834/services/eventarc.googleapis.com:generateServiceIdentity {}
[debug] [2026-07-25T20:10:26.690Z] <<< [apiv2][status] POST https://serviceusage.googleapis.com/v1beta1/projects/83092109834/services/pubsub.googleapis.com:generateServiceIdentity 200
[debug] [2026-07-25T20:10:26.691Z] <<< [apiv2][body] POST https://serviceusage.googleapis.com/v1beta1/projects/83092109834/services/pubsub.googleapis.com:generateServiceIdentity {"name":"operations/finished.DONE_OPERATION","done":true,"response":{"@type":"type.googleapis.com/google.api.serviceusage.v1beta1.ServiceIdentity","email":"service-83092109834@gcp-sa-pubsub.iam.gserviceaccount.com","uniqueId":"104097215638224079173"}}
[debug] [2026-07-25T20:10:26.693Z] <<< [apiv2][status] POST https://serviceusage.googleapis.com/v1beta1/projects/83092109834/services/eventarc.googleapis.com:generateServiceIdentity 200
[debug] [2026-07-25T20:10:26.693Z] <<< [apiv2][body] POST https://serviceusage.googleapis.com/v1beta1/projects/83092109834/services/eventarc.googleapis.com:generateServiceIdentity {"name":"operations/finished.DONE_OPERATION","done":true,"response":{"@type":"type.googleapis.com/google.api.serviceusage.v1beta1.ServiceIdentity","email":"service-83092109834@gcp-sa-eventarc.iam.gserviceaccount.com","uniqueId":"103916931114758076959"}}
[info] i  functions: ensuring required API secretmanager.googleapis.com is enabled... 
[debug] [2026-07-25T20:10:26.695Z] Checked if tokens are valid: true, expires at: 1785013773874
[debug] [2026-07-25T20:10:26.696Z] Checked if tokens are valid: true, expires at: 1785013773874
[debug] [2026-07-25T20:10:26.696Z] >>> [apiv2][query] GET https://secretmanager.googleapis.com/v1/projects/venda-e-faturamento/secrets/GOOGLE_MAPS_SERVER_API_KEY/versions/latest [none]
[debug] [2026-07-25T20:10:26.957Z] <<< [apiv2][status] GET https://secretmanager.googleapis.com/v1/projects/venda-e-faturamento/secrets/GOOGLE_MAPS_SERVER_API_KEY/versions/latest 200
[debug] [2026-07-25T20:10:26.957Z] <<< [apiv2][body] GET https://secretmanager.googleapis.com/v1/projects/venda-e-faturamento/secrets/GOOGLE_MAPS_SERVER_API_KEY/versions/latest {"name":"projects/83092109834/secrets/GOOGLE_MAPS_SERVER_API_KEY/versions/3","createTime":"2026-07-25T20:09:38.372784Z","state":"ENABLED","replicationStatus":{"automatic":{}},"etag":"\"165775119a34b0\""}
[debug] [2026-07-25T20:10:26.957Z] Resolved secret version of GOOGLE_MAPS_SERVER_API_KEY to 3.
[debug] [2026-07-25T20:10:26.958Z] Checked if tokens are valid: true, expires at: 1785013773874
[debug] [2026-07-25T20:10:26.959Z] Checked if tokens are valid: true, expires at: 1785013773874
[debug] [2026-07-25T20:10:26.959Z] >>> [apiv2][query] GET https://cloudresourcemanager.googleapis.com/v1/projects/venda-e-faturamento [none]
[debug] [2026-07-25T20:10:27.151Z] <<< [apiv2][status] GET https://cloudresourcemanager.googleapis.com/v1/projects/venda-e-faturamento 200
[debug] [2026-07-25T20:10:27.151Z] <<< [apiv2][body] GET https://cloudresourcemanager.googleapis.com/v1/projects/venda-e-faturamento {"projectNumber":"83092109834","projectId":"venda-e-faturamento","lifecycleState":"ACTIVE","name":"Venda e Faturamento","labels":{"firebase":"enabled","firebase-core":"disabled"},"createTime":"2026-05-22T11:33:38.894Z"}
[debug] [2026-07-25T20:10:27.152Z] Checked if tokens are valid: true, expires at: 1785013773874
[debug] [2026-07-25T20:10:27.152Z] Checked if tokens are valid: true, expires at: 1785013773874
[debug] [2026-07-25T20:10:27.152Z] >>> [apiv2][query] GET https://compute.googleapis.com/compute/v1/projects/83092109834 [none]
[debug] [2026-07-25T20:10:27.551Z] <<< [apiv2][status] GET https://compute.googleapis.com/compute/v1/projects/83092109834 403
[debug] [2026-07-25T20:10:27.551Z] <<< [apiv2][body] GET https://compute.googleapis.com/compute/v1/projects/83092109834 {"error":{"code":403,"message":"Compute Engine API has not been used in project 83092109834 before or it is disabled. Enable it by visiting https://console.developers.google.com/apis/api/compute.googleapis.com/overview?project=83092109834 then retry. If you enabled this API recently, wait a few minutes for the action to propagate to our systems and retry.","errors":[{"message":"Compute Engine API has not been used in project 83092109834 before or it is disabled. Enable it by visiting https://console.developers.google.com/apis/api/compute.googleapis.com/overview?project=83092109834 then retry. If you enabled this API recently, wait a few minutes for the action to propagate to our systems and retry.","domain":"usageLimits","reason":"accessNotConfigured","extendedHelp":"https://console.developers.google.com"}],"status":"PERMISSION_DENIED","details":[{"@type":"type.googleapis.com/google.rpc.ErrorInfo","reason":"SERVICE_DISABLED","domain":"googleapis.com","metadata":{"containerInfo":"83092109834","service":"compute.googleapis.com","consumer":"projects/83092109834","activationUrl":"https://console.developers.google.com/apis/api/compute.googleapis.com/overview?project=83092109834","serviceTitle":"Compute Engine API"}},{"@type":"type.googleapis.com/google.rpc.LocalizedMessage","locale":"en-US","message":"Compute Engine API has not been used in project 83092109834 before or it is disabled. Enable it by visiting https://console.developers.google.com/apis/api/compute.googleapis.com/overview?project=83092109834 then retry. If you enabled this API recently, wait a few minutes for the action to propagate to our systems and retry."},{"@type":"type.googleapis.com/google.rpc.Help","links":[{"description":"Google developers console API activation","url":"https://console.developers.google.com/apis/api/compute.googleapis.com/overview?project=83092109834"}]}]}}
[debug] [2026-07-25T20:10:27.552Z] unable to look up default compute service account. Falling back to 83092109834-compute@developer.gserviceaccount.com. Error: {"name":"FirebaseError","children":[],"context":{"body":{"error":{"code":403,"message":"Compute Engine API has not been used in project 83092109834 before or it is disabled. Enable it by visiting https://console.developers.google.com/apis/api/compute.googleapis.com/overview?project=83092109834 then retry. If you enabled this API recently, wait a few minutes for the action to propagate to our systems and retry.","errors":[{"message":"Compute Engine API has not been used in project 83092109834 before or it is disabled. Enable it by visiting https://console.developers.google.com/apis/api/compute.googleapis.com/overview?project=83092109834 then retry. If you enabled this API recently, wait a few minutes for the action to propagate to our systems and retry.","domain":"usageLimits","reason":"accessNotConfigured","extendedHelp":"https://console.developers.google.com"}],"status":"PERMISSION_DENIED","details":[{"@type":"type.googleapis.com/google.rpc.ErrorInfo","reason":"SERVICE_DISABLED","domain":"googleapis.com","metadata":{"containerInfo":"83092109834","service":"compute.googleapis.com","consumer":"projects/83092109834","activationUrl":"https://console.developers.google.com/apis/api/compute.googleapis.com/overview?project=83092109834","serviceTitle":"Compute Engine API"}},{"@type":"type.googleapis.com/google.rpc.LocalizedMessage","locale":"en-US","message":"Compute Engine API has not been used in project 83092109834 before or it is disabled. Enable it by visiting https://console.developers.google.com/apis/api/compute.googleapis.com/overview?project=83092109834 then retry. If you enabled this API recently, wait a few minutes for the action to propagate to our systems and retry."},{"@type":"type.googleapis.com/google.rpc.Help","links":[{"description":"Google developers console API activation","url":"https://console.developers.google.com/apis/api/compute.googleapis.com/overview?project=83092109834"}]}]}},"response":{"statusCode":403}},"exit":1,"message":"Request to https://compute.googleapis.com/compute/v1/projects/83092109834 had HTTP Error: 403, Compute Engine API has not been used in project 83092109834 before or it is disabled. Enable it by visiting https://console.developers.google.com/apis/api/compute.googleapis.com/overview?project=83092109834 then retry. If you enabled this API recently, wait a few minutes for the action to propagate to our systems and retry.","status":403}
[debug] [2026-07-25T20:10:27.553Z] Checked if tokens are valid: true, expires at: 1785013773874
[debug] [2026-07-25T20:10:27.553Z] Checked if tokens are valid: true, expires at: 1785013773874
[debug] [2026-07-25T20:10:27.553Z] >>> [apiv2][query] GET https://cloudbilling.googleapis.com/v1/projects/venda-e-faturamento/billingInfo [none]
[debug] [2026-07-25T20:10:27.553Z] >>> [apiv2][(partial)header] GET https://cloudbilling.googleapis.com/v1/projects/venda-e-faturamento/billingInfo  x-goog-user-project=venda-e-faturamento
[debug] [2026-07-25T20:10:28.048Z] <<< [apiv2][status] GET https://cloudbilling.googleapis.com/v1/projects/venda-e-faturamento/billingInfo 200
[debug] [2026-07-25T20:10:28.048Z] <<< [apiv2][body] GET https://cloudbilling.googleapis.com/v1/projects/venda-e-faturamento/billingInfo {"name":"projects/venda-e-faturamento/billingInfo","projectId":"venda-e-faturamento","billingAccountName":"billingAccounts/0104FA-7922C8-145345","billingEnabled":true}
[debug] [2026-07-25T20:10:28.049Z] Checked if tokens are valid: true, expires at: 1785013773874
[debug] [2026-07-25T20:10:28.049Z] Checked if tokens are valid: true, expires at: 1785013773874
[debug] [2026-07-25T20:10:28.049Z] >>> [apiv2][query] POST https://cloudfunctions.googleapis.com/v2/projects/venda-e-faturamento/locations/us-central1/functions:generateUploadUrl [none]
[debug] [2026-07-25T20:10:29.157Z] <<< [apiv2][status] POST https://cloudfunctions.googleapis.com/v2/projects/venda-e-faturamento/locations/us-central1/functions:generateUploadUrl 200
[debug] [2026-07-25T20:10:29.157Z] <<< [apiv2][body] POST https://cloudfunctions.googleapis.com/v2/projects/venda-e-faturamento/locations/us-central1/functions:generateUploadUrl {"uploadUrl":"https://storage.googleapis.com/gcf-v2-uploads-83092109834.us-central1.cloudfunctions.appspot.com/06fb8c9c-8e9a-4189-a41e-6633c287915c.zip?GoogleAccessId=service-83092109834@gcf-admin-robot.iam.gserviceaccount.com&Expires=1785012028&Signature=GetCfVkTUqIQuWslp2PW3TvCyP1xwWmPP2h0vKGYIi3MwGov9dw1hm2YQYOLEKIwMbA4Kd82fi6aYl59emU6HEs3GHBX4My4Ax%2BVHP0dvjlh%2BupaUdE1lWTfajTde%2FbR5zmqipGe%2FdqvG8wvHNgCBM0CmsCRBRDbTTdFIOUCqdZLHEWNz7R3rKkptQPDponeTlubDXZJ0ln8dcY5qzW46JmMWNn5REfVU8s0b0qStuFJ6tPIJzkysIjl%2BurRi4DiTXDXWgwhbKMyxeyu%2BJzPfMNS1%2BRxobsZKOsP6rOdnxgoXrEt6uGV7p7xP9wW5PtIySHuY2wzjP6b17vzZ5fFvg%3D%3D","storageSource":{"bucket":"gcf-v2-uploads-83092109834.us-central1.cloudfunctions.appspot.com","object":"06fb8c9c-8e9a-4189-a41e-6633c287915c.zip"}}
[debug] [2026-07-25T20:10:29.157Z] >>> [apiv2][query] PUT https://storage.googleapis.com/gcf-v2-uploads-83092109834.us-central1.cloudfunctions.appspot.com/06fb8c9c-8e9a-4189-a41e-6633c287915c.zip GoogleAccessId=service-83092109834%40gcf-admin-robot.iam.gserviceaccount.com&Expires=1785012028&Signature=GetCfVkTUqIQuWslp2PW3TvCyP1xwWmPP2h0vKGYIi3MwGov9dw1hm2YQYOLEKIwMbA4Kd82fi6aYl59emU6HEs3GHBX4My4Ax%2BVHP0dvjlh%2BupaUdE1lWTfajTde%2FbR5zmqipGe%2FdqvG8wvHNgCBM0CmsCRBRDbTTdFIOUCqdZLHEWNz7R3rKkptQPDponeTlubDXZJ0ln8dcY5qzW46JmMWNn5REfVU8s0b0qStuFJ6tPIJzkysIjl%2BurRi4DiTXDXWgwhbKMyxeyu%2BJzPfMNS1%2BRxobsZKOsP6rOdnxgoXrEt6uGV7p7xP9wW5PtIySHuY2wzjP6b17vzZ5fFvg%3D%3D
[debug] [2026-07-25T20:10:29.157Z] >>> [apiv2][body] PUT https://storage.googleapis.com/gcf-v2-uploads-83092109834.us-central1.cloudfunctions.appspot.com/06fb8c9c-8e9a-4189-a41e-6633c287915c.zip [stream]
[debug] [2026-07-25T20:10:29.647Z] <<< [apiv2][status] PUT https://storage.googleapis.com/gcf-v2-uploads-83092109834.us-central1.cloudfunctions.appspot.com/06fb8c9c-8e9a-4189-a41e-6633c287915c.zip 200
[debug] [2026-07-25T20:10:29.647Z] <<< [apiv2][body] PUT https://storage.googleapis.com/gcf-v2-uploads-83092109834.us-central1.cloudfunctions.appspot.com/06fb8c9c-8e9a-4189-a41e-6633c287915c.zip [omitted]
[info] +  functions: functions source uploaded successfully 
[info] i  functions: updating Node.js 20 (2nd Gen) function routeProxy(us-central1)... 
[debug] [2026-07-25T20:10:29.649Z] Checked if tokens are valid: true, expires at: 1785013773874
[debug] [2026-07-25T20:10:29.649Z] Checked if tokens are valid: true, expires at: 1785013773874
[debug] [2026-07-25T20:10:29.649Z] >>> [apiv2][query] PATCH https://cloudfunctions.googleapis.com/v2/projects/venda-e-faturamento/locations/us-central1/functions/routeProxy updateMask=name%2CbuildConfig.runtime%2CbuildConfig.entryPoint%2CbuildConfig.source.storageSource.bucket%2CbuildConfig.source.storageSource.object%2CbuildConfig.environmentVariables%2CbuildConfig.sourceToken%2CserviceConfig.environmentVariables%2CserviceConfig.secretEnvironmentVariables%2CserviceConfig.ingressSettings%2CserviceConfig.timeoutSeconds%2CserviceConfig.serviceAccountEmail%2CserviceConfig.availableMemory%2CserviceConfig.minInstanceCount%2CserviceConfig.maxInstanceCount%2CserviceConfig.maxInstanceRequestConcurrency%2CserviceConfig.availableCpu%2CserviceConfig.vpcConnector%2CserviceConfig.vpcConnectorEgressSettings%2CserviceConfig.directVpcNetworkInterface%2CserviceConfig.directVpcEgress%2Clabels
[debug] [2026-07-25T20:10:29.649Z] >>> [apiv2][body] PATCH https://cloudfunctions.googleapis.com/v2/projects/venda-e-faturamento/locations/us-central1/functions/routeProxy {"name":"projects/venda-e-faturamento/locations/us-central1/functions/routeProxy","buildConfig":{"runtime":"nodejs20","entryPoint":"routeProxy","source":{"storageSource":{"bucket":"gcf-v2-uploads-83092109834.us-central1.cloudfunctions.appspot.com","object":"06fb8c9c-8e9a-4189-a41e-6633c287915c.zip"}},"environmentVariables":{"GOOGLE_NODE_RUN_SCRIPTS":""}},"serviceConfig":{"environmentVariables":{"FIREBASE_CONFIG":"{\"projectId\":\"venda-e-faturamento\",\"databaseURL\":\"https://venda-e-faturamento-default-rtdb.firebaseio.com\",\"storageBucket\":\"venda-e-faturamento.firebasestorage.app\"}","GCLOUD_PROJECT":"venda-e-faturamento","EVENTARC_CLOUD_EVENT_SOURCE":"projects/venda-e-faturamento/locations/us-central1/services/routeProxy","FUNCTION_TARGET":"routeProxy","LOG_EXECUTION_ID":"true"},"secretEnvironmentVariables":[{"key":"GOOGLE_MAPS_SERVER_API_KEY","secret":"GOOGLE_MAPS_SERVER_API_KEY","projectId":"venda-e-faturamento","version":"3"}],"ingressSettings":null,"timeoutSeconds":30,"serviceAccountEmail":null,"availableMemory":"256Mi","minInstanceCount":null,"maxInstanceCount":null,"maxInstanceRequestConcurrency":80,"availableCpu":"1","vpcConnector":null,"vpcConnectorEgressSettings":null,"directVpcNetworkInterface":null,"directVpcEgress":null},"labels":{"deployment-tool":"cli-firebase","firebase-functions-hash":"9f9c97e64747198eefda594f792362aa98ca8624"}}
[debug] [2026-07-25T20:10:31.624Z] <<< [apiv2][status] PATCH https://cloudfunctions.googleapis.com/v2/projects/venda-e-faturamento/locations/us-central1/functions/routeProxy 200
[debug] [2026-07-25T20:10:31.624Z] <<< [apiv2][body] PATCH https://cloudfunctions.googleapis.com/v2/projects/venda-e-faturamento/locations/us-central1/functions/routeProxy {"name":"projects/venda-e-faturamento/locations/us-central1/operations/operation-1785010229818-6577514ab33c8-3a568a92-5d15deb5","metadata":{"@type":"type.googleapis.com/google.cloud.functions.v2.OperationMetadata","createTime":"2026-07-25T20:10:30.744936038Z","target":"projects/venda-e-faturamento/locations/us-central1/functions/routeProxy","verb":"update","cancelRequested":false,"apiVersion":"v2"},"done":false}
[debug] [2026-07-25T20:10:31.625Z] Checked if tokens are valid: true, expires at: 1785013773874
[debug] [2026-07-25T20:10:31.625Z] Checked if tokens are valid: true, expires at: 1785013773874
[debug] [2026-07-25T20:10:31.625Z] >>> [apiv2][query] GET https://cloudfunctions.googleapis.com/v2/projects/venda-e-faturamento/locations/us-central1/operations/operation-1785010229818-6577514ab33c8-3a568a92-5d15deb5 [none]
[debug] [2026-07-25T20:10:32.576Z] <<< [apiv2][status] GET https://cloudfunctions.googleapis.com/v2/projects/venda-e-faturamento/locations/us-central1/operations/operation-1785010229818-6577514ab33c8-3a568a92-5d15deb5 200
[debug] [2026-07-25T20:10:32.576Z] <<< [apiv2][body] GET https://cloudfunctions.googleapis.com/v2/projects/venda-e-faturamento/locations/us-central1/operations/operation-1785010229818-6577514ab33c8-3a568a92-5d15deb5 {"name":"projects/venda-e-faturamento/locations/us-central1/operations/operation-1785010229818-6577514ab33c8-3a568a92-5d15deb5","metadata":{"@type":"type.googleapis.com/google.cloud.functions.v2.OperationMetadata","createTime":"2026-07-25T20:10:30.744936038Z","target":"projects/venda-e-faturamento/locations/us-central1/functions/routeProxy","verb":"update","cancelRequested":false,"apiVersion":"v2","requestResource":{"@type":"type.googleapis.com/google.cloud.functions.v2.Function","name":"projects/venda-e-faturamento/locations/us-central1/functions/routeProxy","buildConfig":{"runtime":"nodejs20","entryPoint":"routeProxy","source":{"storageSource":{"bucket":"gcf-v2-sources-83092109834-us-central1","object":"routeProxy/function-source.zip","generation":"1785010230689401"}},"environmentVariables":{"GOOGLE_NODE_RUN_SCRIPTS":""},"dockerRepository":"projects/venda-e-faturamento/locations/us-central1/repositories/gcf-artifacts","sourceProvenance":{"resolvedStorageSource":{"bucket":"gcf-v2-sources-83092109834-us-central1","object":"routeProxy/function-source.zip","generation":"1785008265376138"}},"dockerRegistry":"ARTIFACT_REGISTRY","serviceAccount":"projects/venda-e-faturamento/serviceAccounts/83092109834-compute@developer.gserviceaccount.com","automaticUpdatePolicy":{}},"serviceConfig":{"service":"projects/venda-e-faturamento/locations/us-central1/services/routeproxy","timeoutSeconds":30,"environmentVariables":{"FIREBASE_CONFIG":"{\"projectId\":\"venda-e-faturamento\",\"databaseURL\":\"https://venda-e-faturamento-default-rtdb.firebaseio.com\",\"storageBucket\":\"venda-e-faturamento.firebasestorage.app\"}","GCLOUD_PROJECT":"venda-e-faturamento","EVENTARC_CLOUD_EVENT_SOURCE":"projects/venda-e-faturamento/locations/us-central1/services/routeProxy","FUNCTION_TARGET":"routeProxy","LOG_EXECUTION_ID":"true"},"ingressSettings":"ALLOW_ALL","uri":"https://routeproxy-x5dckzzjra-uc.a.run.app","serviceAccountEmail":"83092109834-compute@developer.gserviceaccount.com","availableMemory":"256Mi","allTrafficOnLatestRevision":true,"secretEnvironmentVariables":[{"key":"GOOGLE_MAPS_SERVER_API_KEY","projectId":"venda-e-faturamento","secret":"GOOGLE_MAPS_SERVER_API_KEY","version":"3"}],"revision":"routeproxy-00001-juk","maxInstanceRequestConcurrency":80,"availableCpu":"1"},"state":"ACTIVE","labels":{"deployment-tool":"cli-firebase","firebase-functions-hash":"9f9c97e64747198eefda594f792362aa98ca8624"},"environment":"GEN_2","url":"https://us-central1-venda-e-faturamento.cloudfunctions.net/routeProxy","satisfiesPzi":true},"stages":[{"name":"BUILD","message":"Build in progress","state":"IN_PROGRESS","resource":"projects/83092109834/locations/us-central1/builds/d767efe1-1246-4e04-bdc0-5ed506c197fe","resourceUri":"https://console.cloud.google.com/cloud-build/builds;region=us-central1/d767efe1-1246-4e04-bdc0-5ed506c197fe?project=83092109834"},{"name":"SERVICE","state":"NOT_STARTED"}],"operationType":"UPDATE_FUNCTION","buildName":"projects/83092109834/locations/us-central1/builds/d767efe1-1246-4e04-bdc0-5ed506c197fe"},"done":false}
[debug] [2026-07-25T20:10:33.082Z] [update-default-us-central1-routeProxy] Retrying task index 0
[debug] [2026-07-25T20:10:33.082Z] Checked if tokens are valid: true, expires at: 1785013773874
[debug] [2026-07-25T20:10:33.082Z] Checked if tokens are valid: true, expires at: 1785013773874
[debug] [2026-07-25T20:10:33.082Z] >>> [apiv2][query] GET https://cloudfunctions.googleapis.com/v2/projects/venda-e-faturamento/locations/us-central1/operations/operation-1785010229818-6577514ab33c8-3a568a92-5d15deb5 [none]
[debug] [2026-07-25T20:10:34.118Z] <<< [apiv2][status] GET https://cloudfunctions.googleapis.com/v2/projects/venda-e-faturamento/locations/us-central1/operations/operation-1785010229818-6577514ab33c8-3a568a92-5d15deb5 200
[debug] [2026-07-25T20:10:34.118Z] <<< [apiv2][body] GET https://cloudfunctions.googleapis.com/v2/projects/venda-e-faturamento/locations/us-central1/operations/operation-1785010229818-6577514ab33c8-3a568a92-5d15deb5 {"name":"projects/venda-e-faturamento/locations/us-central1/operations/operation-1785010229818-6577514ab33c8-3a568a92-5d15deb5","metadata":{"@type":"type.googleapis.com/google.cloud.functions.v2.OperationMetadata","createTime":"2026-07-25T20:10:30.744936038Z","target":"projects/venda-e-faturamento/locations/us-central1/functions/routeProxy","verb":"update","cancelRequested":false,"apiVersion":"v2","requestResource":{"@type":"type.googleapis.com/google.cloud.functions.v2.Function","name":"projects/venda-e-faturamento/locations/us-central1/functions/routeProxy","buildConfig":{"runtime":"nodejs20","entryPoint":"routeProxy","source":{"storageSource":{"bucket":"gcf-v2-sources-83092109834-us-central1","object":"routeProxy/function-source.zip","generation":"1785010230689401"}},"environmentVariables":{"GOOGLE_NODE_RUN_SCRIPTS":""},"dockerRepository":"projects/venda-e-faturamento/locations/us-central1/repositories/gcf-artifacts","sourceProvenance":{"resolvedStorageSource":{"bucket":"gcf-v2-sources-83092109834-us-central1","object":"routeProxy/function-source.zip","generation":"1785008265376138"}},"dockerRegistry":"ARTIFACT_REGISTRY","serviceAccount":"projects/venda-e-faturamento/serviceAccounts/83092109834-compute@developer.gserviceaccount.com","automaticUpdatePolicy":{}},"serviceConfig":{"service":"projects/venda-e-faturamento/locations/us-central1/services/routeproxy","timeoutSeconds":30,"environmentVariables":{"FIREBASE_CONFIG":"{\"projectId\":\"venda-e-faturamento\",\"databaseURL\":\"https://venda-e-faturamento-default-rtdb.firebaseio.com\",\"storageBucket\":\"venda-e-faturamento.firebasestorage.app\"}","GCLOUD_PROJECT":"venda-e-faturamento","EVENTARC_CLOUD_EVENT_SOURCE":"projects/venda-e-faturamento/locations/us-central1/services/routeProxy","FUNCTION_TARGET":"routeProxy","LOG_EXECUTION_ID":"true"},"ingressSettings":"ALLOW_ALL","uri":"https://routeproxy-x5dckzzjra-uc.a.run.app","serviceAccountEmail":"83092109834-compute@developer.gserviceaccount.com","availableMemory":"256Mi","allTrafficOnLatestRevision":true,"secretEnvironmentVariables":[{"key":"GOOGLE_MAPS_SERVER_API_KEY","projectId":"venda-e-faturamento","secret":"GOOGLE_MAPS_SERVER_API_KEY","version":"3"}],"revision":"routeproxy-00001-juk","maxInstanceRequestConcurrency":80,"availableCpu":"1"},"state":"ACTIVE","labels":{"deployment-tool":"cli-firebase","firebase-functions-hash":"9f9c97e64747198eefda594f792362aa98ca8624"},"environment":"GEN_2","url":"https://us-central1-venda-e-faturamento.cloudfunctions.net/routeProxy","satisfiesPzi":true},"stages":[{"name":"BUILD","message":"Build in progress","state":"IN_PROGRESS","resource":"projects/83092109834/locations/us-central1/builds/d767efe1-1246-4e04-bdc0-5ed506c197fe","resourceUri":"https://console.cloud.google.com/cloud-build/builds;region=us-central1/d767efe1-1246-4e04-bdc0-5ed506c197fe?project=83092109834"},{"name":"SERVICE","state":"NOT_STARTED"}],"operationType":"UPDATE_FUNCTION","buildName":"projects/83092109834/locations/us-central1/builds/d767efe1-1246-4e04-bdc0-5ed506c197fe"},"done":false}
[debug] [2026-07-25T20:10:35.133Z] [update-default-us-central1-routeProxy] Retrying task index 0
[debug] [2026-07-25T20:10:35.133Z] Checked if tokens are valid: true, expires at: 1785013773874
[debug] [2026-07-25T20:10:35.133Z] Checked if tokens are valid: true, expires at: 1785013773874
[debug] [2026-07-25T20:10:35.133Z] >>> [apiv2][query] GET https://cloudfunctions.googleapis.com/v2/projects/venda-e-faturamento/locations/us-central1/operations/operation-1785010229818-6577514ab33c8-3a568a92-5d15deb5 [none]
[debug] [2026-07-25T20:10:36.070Z] <<< [apiv2][status] GET https://cloudfunctions.googleapis.com/v2/projects/venda-e-faturamento/locations/us-central1/operations/operation-1785010229818-6577514ab33c8-3a568a92-5d15deb5 200
[debug] [2026-07-25T20:10:36.070Z] <<< [apiv2][body] GET https://cloudfunctions.googleapis.com/v2/projects/venda-e-faturamento/locations/us-central1/operations/operation-1785010229818-6577514ab33c8-3a568a92-5d15deb5 {"name":"projects/venda-e-faturamento/locations/us-central1/operations/operation-1785010229818-6577514ab33c8-3a568a92-5d15deb5","metadata":{"@type":"type.googleapis.com/google.cloud.functions.v2.OperationMetadata","createTime":"2026-07-25T20:10:30.744936038Z","target":"projects/venda-e-faturamento/locations/us-central1/functions/routeProxy","verb":"update","cancelRequested":false,"apiVersion":"v2","requestResource":{"@type":"type.googleapis.com/google.cloud.functions.v2.Function","name":"projects/venda-e-faturamento/locations/us-central1/functions/routeProxy","buildConfig":{"runtime":"nodejs20","entryPoint":"routeProxy","source":{"storageSource":{"bucket":"gcf-v2-sources-83092109834-us-central1","object":"routeProxy/function-source.zip","generation":"1785010230689401"}},"environmentVariables":{"GOOGLE_NODE_RUN_SCRIPTS":""},"dockerRepository":"projects/venda-e-faturamento/locations/us-central1/repositories/gcf-artifacts","sourceProvenance":{"resolvedStorageSource":{"bucket":"gcf-v2-sources-83092109834-us-central1","object":"routeProxy/function-source.zip","generation":"1785008265376138"}},"dockerRegistry":"ARTIFACT_REGISTRY","serviceAccount":"projects/venda-e-faturamento/serviceAccounts/83092109834-compute@developer.gserviceaccount.com","automaticUpdatePolicy":{}},"serviceConfig":{"service":"projects/venda-e-faturamento/locations/us-central1/services/routeproxy","timeoutSeconds":30,"environmentVariables":{"FIREBASE_CONFIG":"{\"projectId\":\"venda-e-faturamento\",\"databaseURL\":\"https://venda-e-faturamento-default-rtdb.firebaseio.com\",\"storageBucket\":\"venda-e-faturamento.firebasestorage.app\"}","GCLOUD_PROJECT":"venda-e-faturamento","EVENTARC_CLOUD_EVENT_SOURCE":"projects/venda-e-faturamento/locations/us-central1/services/routeProxy","FUNCTION_TARGET":"routeProxy","LOG_EXECUTION_ID":"true"},"ingressSettings":"ALLOW_ALL","uri":"https://routeproxy-x5dckzzjra-uc.a.run.app","serviceAccountEmail":"83092109834-compute@developer.gserviceaccount.com","availableMemory":"256Mi","allTrafficOnLatestRevision":true,"secretEnvironmentVariables":[{"key":"GOOGLE_MAPS_SERVER_API_KEY","projectId":"venda-e-faturamento","secret":"GOOGLE_MAPS_SERVER_API_KEY","version":"3"}],"revision":"routeproxy-00001-juk","maxInstanceRequestConcurrency":80,"availableCpu":"1"},"state":"ACTIVE","labels":{"deployment-tool":"cli-firebase","firebase-functions-hash":"9f9c97e64747198eefda594f792362aa98ca8624"},"environment":"GEN_2","url":"https://us-central1-venda-e-faturamento.cloudfunctions.net/routeProxy","satisfiesPzi":true},"stages":[{"name":"BUILD","message":"Build in progress","state":"IN_PROGRESS","resource":"projects/83092109834/locations/us-central1/builds/d767efe1-1246-4e04-bdc0-5ed506c197fe","resourceUri":"https://console.cloud.google.com/cloud-build/builds;region=us-central1/d767efe1-1246-4e04-bdc0-5ed506c197fe?project=83092109834"},{"name":"SERVICE","state":"NOT_STARTED"}],"operationType":"UPDATE_FUNCTION","buildName":"projects/83092109834/locations/us-central1/builds/d767efe1-1246-4e04-bdc0-5ed506c197fe"},"done":false}
[debug] [2026-07-25T20:10:38.079Z] [update-default-us-central1-routeProxy] Retrying task index 0
[debug] [2026-07-25T20:10:38.080Z] Checked if tokens are valid: true, expires at: 1785013773874
[debug] [2026-07-25T20:10:38.080Z] Checked if tokens are valid: true, expires at: 1785013773874
[debug] [2026-07-25T20:10:38.080Z] >>> [apiv2][query] GET https://cloudfunctions.googleapis.com/v2/projects/venda-e-faturamento/locations/us-central1/operations/operation-1785010229818-6577514ab33c8-3a568a92-5d15deb5 [none]
[debug] [2026-07-25T20:10:39.002Z] <<< [apiv2][status] GET https://cloudfunctions.googleapis.com/v2/projects/venda-e-faturamento/locations/us-central1/operations/operation-1785010229818-6577514ab33c8-3a568a92-5d15deb5 200
[debug] [2026-07-25T20:10:39.002Z] <<< [apiv2][body] GET https://cloudfunctions.googleapis.com/v2/projects/venda-e-faturamento/locations/us-central1/operations/operation-1785010229818-6577514ab33c8-3a568a92-5d15deb5 {"name":"projects/venda-e-faturamento/locations/us-central1/operations/operation-1785010229818-6577514ab33c8-3a568a92-5d15deb5","metadata":{"@type":"type.googleapis.com/google.cloud.functions.v2.OperationMetadata","createTime":"2026-07-25T20:10:30.744936038Z","target":"projects/venda-e-faturamento/locations/us-central1/functions/routeProxy","verb":"update","cancelRequested":false,"apiVersion":"v2","requestResource":{"@type":"type.googleapis.com/google.cloud.functions.v2.Function","name":"projects/venda-e-faturamento/locations/us-central1/functions/routeProxy","buildConfig":{"runtime":"nodejs20","entryPoint":"routeProxy","source":{"storageSource":{"bucket":"gcf-v2-sources-83092109834-us-central1","object":"routeProxy/function-source.zip","generation":"1785010230689401"}},"environmentVariables":{"GOOGLE_NODE_RUN_SCRIPTS":""},"dockerRepository":"projects/venda-e-faturamento/locations/us-central1/repositories/gcf-artifacts","sourceProvenance":{"resolvedStorageSource":{"bucket":"gcf-v2-sources-83092109834-us-central1","object":"routeProxy/function-source.zip","generation":"1785008265376138"}},"dockerRegistry":"ARTIFACT_REGISTRY","serviceAccount":"projects/venda-e-faturamento/serviceAccounts/83092109834-compute@developer.gserviceaccount.com","automaticUpdatePolicy":{}},"serviceConfig":{"service":"projects/venda-e-faturamento/locations/us-central1/services/routeproxy","timeoutSeconds":30,"environmentVariables":{"FIREBASE_CONFIG":"{\"projectId\":\"venda-e-faturamento\",\"databaseURL\":\"https://venda-e-faturamento-default-rtdb.firebaseio.com\",\"storageBucket\":\"venda-e-faturamento.firebasestorage.app\"}","GCLOUD_PROJECT":"venda-e-faturamento","EVENTARC_CLOUD_EVENT_SOURCE":"projects/venda-e-faturamento/locations/us-central1/services/routeProxy","FUNCTION_TARGET":"routeProxy","LOG_EXECUTION_ID":"true"},"ingressSettings":"ALLOW_ALL","uri":"https://routeproxy-x5dckzzjra-uc.a.run.app","serviceAccountEmail":"83092109834-compute@developer.gserviceaccount.com","availableMemory":"256Mi","allTrafficOnLatestRevision":true,"secretEnvironmentVariables":[{"key":"GOOGLE_MAPS_SERVER_API_KEY","projectId":"venda-e-faturamento","secret":"GOOGLE_MAPS_SERVER_API_KEY","version":"3"}],"revision":"routeproxy-00001-juk","maxInstanceRequestConcurrency":80,"availableCpu":"1"},"state":"ACTIVE","labels":{"deployment-tool":"cli-firebase","firebase-functions-hash":"9f9c97e64747198eefda594f792362aa98ca8624"},"environment":"GEN_2","url":"https://us-central1-venda-e-faturamento.cloudfunctions.net/routeProxy","satisfiesPzi":true},"stages":[{"name":"BUILD","message":"Build in progress","state":"IN_PROGRESS","resource":"projects/83092109834/locations/us-central1/builds/d767efe1-1246-4e04-bdc0-5ed506c197fe","resourceUri":"https://console.cloud.google.com/cloud-build/builds;region=us-central1/d767efe1-1246-4e04-bdc0-5ed506c197fe?project=83092109834"},{"name":"SERVICE","state":"NOT_STARTED"}],"operationType":"UPDATE_FUNCTION","buildName":"projects/83092109834/locations/us-central1/builds/d767efe1-1246-4e04-bdc0-5ed506c197fe"},"done":false}
[debug] [2026-07-25T20:10:43.003Z] [update-default-us-central1-routeProxy] Retrying task index 0
[debug] [2026-07-25T20:10:43.003Z] Checked if tokens are valid: true, expires at: 1785013773874
[debug] [2026-07-25T20:10:43.004Z] Checked if tokens are valid: true, expires at: 1785013773874
[debug] [2026-07-25T20:10:43.004Z] >>> [apiv2][query] GET https://cloudfunctions.googleapis.com/v2/projects/venda-e-faturamento/locations/us-central1/operations/operation-1785010229818-6577514ab33c8-3a568a92-5d15deb5 [none]
[debug] [2026-07-25T20:10:43.952Z] <<< [apiv2][status] GET https://cloudfunctions.googleapis.com/v2/projects/venda-e-faturamento/locations/us-central1/operations/operation-1785010229818-6577514ab33c8-3a568a92-5d15deb5 200
[debug] [2026-07-25T20:10:43.953Z] <<< [apiv2][body] GET https://cloudfunctions.googleapis.com/v2/projects/venda-e-faturamento/locations/us-central1/operations/operation-1785010229818-6577514ab33c8-3a568a92-5d15deb5 {"name":"projects/venda-e-faturamento/locations/us-central1/operations/operation-1785010229818-6577514ab33c8-3a568a92-5d15deb5","metadata":{"@type":"type.googleapis.com/google.cloud.functions.v2.OperationMetadata","createTime":"2026-07-25T20:10:30.744936038Z","target":"projects/venda-e-faturamento/locations/us-central1/functions/routeProxy","verb":"update","cancelRequested":false,"apiVersion":"v2","requestResource":{"@type":"type.googleapis.com/google.cloud.functions.v2.Function","name":"projects/venda-e-faturamento/locations/us-central1/functions/routeProxy","buildConfig":{"runtime":"nodejs20","entryPoint":"routeProxy","source":{"storageSource":{"bucket":"gcf-v2-sources-83092109834-us-central1","object":"routeProxy/function-source.zip","generation":"1785010230689401"}},"environmentVariables":{"GOOGLE_NODE_RUN_SCRIPTS":""},"dockerRepository":"projects/venda-e-faturamento/locations/us-central1/repositories/gcf-artifacts","sourceProvenance":{"resolvedStorageSource":{"bucket":"gcf-v2-sources-83092109834-us-central1","object":"routeProxy/function-source.zip","generation":"1785008265376138"}},"dockerRegistry":"ARTIFACT_REGISTRY","serviceAccount":"projects/venda-e-faturamento/serviceAccounts/83092109834-compute@developer.gserviceaccount.com","automaticUpdatePolicy":{}},"serviceConfig":{"service":"projects/venda-e-faturamento/locations/us-central1/services/routeproxy","timeoutSeconds":30,"environmentVariables":{"FIREBASE_CONFIG":"{\"projectId\":\"venda-e-faturamento\",\"databaseURL\":\"https://venda-e-faturamento-default-rtdb.firebaseio.com\",\"storageBucket\":\"venda-e-faturamento.firebasestorage.app\"}","GCLOUD_PROJECT":"venda-e-faturamento","EVENTARC_CLOUD_EVENT_SOURCE":"projects/venda-e-faturamento/locations/us-central1/services/routeProxy","FUNCTION_TARGET":"routeProxy","LOG_EXECUTION_ID":"true"},"ingressSettings":"ALLOW_ALL","uri":"https://routeproxy-x5dckzzjra-uc.a.run.app","serviceAccountEmail":"83092109834-compute@developer.gserviceaccount.com","availableMemory":"256Mi","allTrafficOnLatestRevision":true,"secretEnvironmentVariables":[{"key":"GOOGLE_MAPS_SERVER_API_KEY","projectId":"venda-e-faturamento","secret":"GOOGLE_MAPS_SERVER_API_KEY","version":"3"}],"revision":"routeproxy-00001-juk","maxInstanceRequestConcurrency":80,"availableCpu":"1"},"state":"ACTIVE","labels":{"deployment-tool":"cli-firebase","firebase-functions-hash":"9f9c97e64747198eefda594f792362aa98ca8624"},"environment":"GEN_2","url":"https://us-central1-venda-e-faturamento.cloudfunctions.net/routeProxy","satisfiesPzi":true},"stages":[{"name":"BUILD","message":"Build in progress","state":"IN_PROGRESS","resource":"projects/83092109834/locations/us-central1/builds/d767efe1-1246-4e04-bdc0-5ed506c197fe","resourceUri":"https://console.cloud.google.com/cloud-build/builds;region=us-central1/d767efe1-1246-4e04-bdc0-5ed506c197fe?project=83092109834"},{"name":"SERVICE","state":"NOT_STARTED"}],"operationType":"UPDATE_FUNCTION","buildName":"projects/83092109834/locations/us-central1/builds/d767efe1-1246-4e04-bdc0-5ed506c197fe"},"done":false}
[debug] [2026-07-25T20:10:51.957Z] [update-default-us-central1-routeProxy] Retrying task index 0
[debug] [2026-07-25T20:10:51.958Z] Checked if tokens are valid: true, expires at: 1785013773874
[debug] [2026-07-25T20:10:51.958Z] Checked if tokens are valid: true, expires at: 1785013773874
[debug] [2026-07-25T20:10:51.958Z] >>> [apiv2][query] GET https://cloudfunctions.googleapis.com/v2/projects/venda-e-faturamento/locations/us-central1/operations/operation-1785010229818-6577514ab33c8-3a568a92-5d15deb5 [none]
[debug] [2026-07-25T20:10:52.983Z] <<< [apiv2][status] GET https://cloudfunctions.googleapis.com/v2/projects/venda-e-faturamento/locations/us-central1/operations/operation-1785010229818-6577514ab33c8-3a568a92-5d15deb5 200
[debug] [2026-07-25T20:10:52.983Z] <<< [apiv2][body] GET https://cloudfunctions.googleapis.com/v2/projects/venda-e-faturamento/locations/us-central1/operations/operation-1785010229818-6577514ab33c8-3a568a92-5d15deb5 {"name":"projects/venda-e-faturamento/locations/us-central1/operations/operation-1785010229818-6577514ab33c8-3a568a92-5d15deb5","metadata":{"@type":"type.googleapis.com/google.cloud.functions.v2.OperationMetadata","createTime":"2026-07-25T20:10:30.744936038Z","target":"projects/venda-e-faturamento/locations/us-central1/functions/routeProxy","verb":"update","cancelRequested":false,"apiVersion":"v2","requestResource":{"@type":"type.googleapis.com/google.cloud.functions.v2.Function","name":"projects/venda-e-faturamento/locations/us-central1/functions/routeProxy","buildConfig":{"runtime":"nodejs20","entryPoint":"routeProxy","source":{"storageSource":{"bucket":"gcf-v2-sources-83092109834-us-central1","object":"routeProxy/function-source.zip","generation":"1785010230689401"}},"environmentVariables":{"GOOGLE_NODE_RUN_SCRIPTS":""},"dockerRepository":"projects/venda-e-faturamento/locations/us-central1/repositories/gcf-artifacts","sourceProvenance":{"resolvedStorageSource":{"bucket":"gcf-v2-sources-83092109834-us-central1","object":"routeProxy/function-source.zip","generation":"1785008265376138"}},"dockerRegistry":"ARTIFACT_REGISTRY","serviceAccount":"projects/venda-e-faturamento/serviceAccounts/83092109834-compute@developer.gserviceaccount.com","automaticUpdatePolicy":{}},"serviceConfig":{"service":"projects/venda-e-faturamento/locations/us-central1/services/routeproxy","timeoutSeconds":30,"environmentVariables":{"FIREBASE_CONFIG":"{\"projectId\":\"venda-e-faturamento\",\"databaseURL\":\"https://venda-e-faturamento-default-rtdb.firebaseio.com\",\"storageBucket\":\"venda-e-faturamento.firebasestorage.app\"}","GCLOUD_PROJECT":"venda-e-faturamento","EVENTARC_CLOUD_EVENT_SOURCE":"projects/venda-e-faturamento/locations/us-central1/services/routeProxy","FUNCTION_TARGET":"routeProxy","LOG_EXECUTION_ID":"true"},"ingressSettings":"ALLOW_ALL","uri":"https://routeproxy-x5dckzzjra-uc.a.run.app","serviceAccountEmail":"83092109834-compute@developer.gserviceaccount.com","availableMemory":"256Mi","allTrafficOnLatestRevision":true,"secretEnvironmentVariables":[{"key":"GOOGLE_MAPS_SERVER_API_KEY","projectId":"venda-e-faturamento","secret":"GOOGLE_MAPS_SERVER_API_KEY","version":"3"}],"revision":"routeproxy-00001-juk","maxInstanceRequestConcurrency":80,"availableCpu":"1"},"state":"ACTIVE","labels":{"deployment-tool":"cli-firebase","firebase-functions-hash":"9f9c97e64747198eefda594f792362aa98ca8624"},"environment":"GEN_2","url":"https://us-central1-venda-e-faturamento.cloudfunctions.net/routeProxy","satisfiesPzi":true},"stages":[{"name":"BUILD","message":"Build in progress","state":"IN_PROGRESS","resource":"projects/83092109834/locations/us-central1/builds/d767efe1-1246-4e04-bdc0-5ed506c197fe","resourceUri":"https://console.cloud.google.com/cloud-build/builds;region=us-central1/d767efe1-1246-4e04-bdc0-5ed506c197fe?project=83092109834"},{"name":"SERVICE","state":"NOT_STARTED"}],"operationType":"UPDATE_FUNCTION","buildName":"projects/83092109834/locations/us-central1/builds/d767efe1-1246-4e04-bdc0-5ed506c197fe"},"done":false}
[debug] [2026-07-25T20:11:02.984Z] [update-default-us-central1-routeProxy] Retrying task index 0
[debug] [2026-07-25T20:11:02.984Z] Checked if tokens are valid: true, expires at: 1785013773874
[debug] [2026-07-25T20:11:02.984Z] Checked if tokens are valid: true, expires at: 1785013773874
[debug] [2026-07-25T20:11:02.985Z] >>> [apiv2][query] GET https://cloudfunctions.googleapis.com/v2/projects/venda-e-faturamento/locations/us-central1/operations/operation-1785010229818-6577514ab33c8-3a568a92-5d15deb5 [none]
[debug] [2026-07-25T20:11:04.004Z] <<< [apiv2][status] GET https://cloudfunctions.googleapis.com/v2/projects/venda-e-faturamento/locations/us-central1/operations/operation-1785010229818-6577514ab33c8-3a568a92-5d15deb5 200
[debug] [2026-07-25T20:11:04.004Z] <<< [apiv2][body] GET https://cloudfunctions.googleapis.com/v2/projects/venda-e-faturamento/locations/us-central1/operations/operation-1785010229818-6577514ab33c8-3a568a92-5d15deb5 {"name":"projects/venda-e-faturamento/locations/us-central1/operations/operation-1785010229818-6577514ab33c8-3a568a92-5d15deb5","metadata":{"@type":"type.googleapis.com/google.cloud.functions.v2.OperationMetadata","createTime":"2026-07-25T20:10:30.744936038Z","target":"projects/venda-e-faturamento/locations/us-central1/functions/routeProxy","verb":"update","cancelRequested":false,"apiVersion":"v2","requestResource":{"@type":"type.googleapis.com/google.cloud.functions.v2.Function","name":"projects/venda-e-faturamento/locations/us-central1/functions/routeProxy","buildConfig":{"runtime":"nodejs20","entryPoint":"routeProxy","source":{"storageSource":{"bucket":"gcf-v2-sources-83092109834-us-central1","object":"routeProxy/function-source.zip","generation":"1785010230689401"}},"environmentVariables":{"GOOGLE_NODE_RUN_SCRIPTS":""},"dockerRepository":"projects/venda-e-faturamento/locations/us-central1/repositories/gcf-artifacts","sourceProvenance":{"resolvedStorageSource":{"bucket":"gcf-v2-sources-83092109834-us-central1","object":"routeProxy/function-source.zip","generation":"1785008265376138"}},"dockerRegistry":"ARTIFACT_REGISTRY","serviceAccount":"projects/venda-e-faturamento/serviceAccounts/83092109834-compute@developer.gserviceaccount.com","automaticUpdatePolicy":{}},"serviceConfig":{"service":"projects/venda-e-faturamento/locations/us-central1/services/routeproxy","timeoutSeconds":30,"environmentVariables":{"FIREBASE_CONFIG":"{\"projectId\":\"venda-e-faturamento\",\"databaseURL\":\"https://venda-e-faturamento-default-rtdb.firebaseio.com\",\"storageBucket\":\"venda-e-faturamento.firebasestorage.app\"}","GCLOUD_PROJECT":"venda-e-faturamento","EVENTARC_CLOUD_EVENT_SOURCE":"projects/venda-e-faturamento/locations/us-central1/services/routeProxy","FUNCTION_TARGET":"routeProxy","LOG_EXECUTION_ID":"true"},"ingressSettings":"ALLOW_ALL","uri":"https://routeproxy-x5dckzzjra-uc.a.run.app","serviceAccountEmail":"83092109834-compute@developer.gserviceaccount.com","availableMemory":"256Mi","allTrafficOnLatestRevision":true,"secretEnvironmentVariables":[{"key":"GOOGLE_MAPS_SERVER_API_KEY","projectId":"venda-e-faturamento","secret":"GOOGLE_MAPS_SERVER_API_KEY","version":"3"}],"revision":"routeproxy-00001-juk","maxInstanceRequestConcurrency":80,"availableCpu":"1"},"state":"ACTIVE","labels":{"deployment-tool":"cli-firebase","firebase-functions-hash":"9f9c97e64747198eefda594f792362aa98ca8624"},"environment":"GEN_2","url":"https://us-central1-venda-e-faturamento.cloudfunctions.net/routeProxy","satisfiesPzi":true},"stages":[{"name":"BUILD","message":"Build in progress","state":"IN_PROGRESS","resource":"projects/83092109834/locations/us-central1/builds/d767efe1-1246-4e04-bdc0-5ed506c197fe","resourceUri":"https://console.cloud.google.com/cloud-build/builds;region=us-central1/d767efe1-1246-4e04-bdc0-5ed506c197fe?project=83092109834"},{"name":"SERVICE","state":"NOT_STARTED"}],"operationType":"UPDATE_FUNCTION","buildName":"projects/83092109834/locations/us-central1/builds/d767efe1-1246-4e04-bdc0-5ed506c197fe"},"done":false}
[debug] [2026-07-25T20:11:14.019Z] [update-default-us-central1-routeProxy] Retrying task index 0
[debug] [2026-07-25T20:11:14.019Z] Checked if tokens are valid: true, expires at: 1785013773874
[debug] [2026-07-25T20:11:14.019Z] Checked if tokens are valid: true, expires at: 1785013773874
[debug] [2026-07-25T20:11:14.019Z] >>> [apiv2][query] GET https://cloudfunctions.googleapis.com/v2/projects/venda-e-faturamento/locations/us-central1/operations/operation-1785010229818-6577514ab33c8-3a568a92-5d15deb5 [none]
[debug] [2026-07-25T20:11:15.042Z] <<< [apiv2][status] GET https://cloudfunctions.googleapis.com/v2/projects/venda-e-faturamento/locations/us-central1/operations/operation-1785010229818-6577514ab33c8-3a568a92-5d15deb5 200
[debug] [2026-07-25T20:11:15.042Z] <<< [apiv2][body] GET https://cloudfunctions.googleapis.com/v2/projects/venda-e-faturamento/locations/us-central1/operations/operation-1785010229818-6577514ab33c8-3a568a92-5d15deb5 {"name":"projects/venda-e-faturamento/locations/us-central1/operations/operation-1785010229818-6577514ab33c8-3a568a92-5d15deb5","metadata":{"@type":"type.googleapis.com/google.cloud.functions.v2.OperationMetadata","createTime":"2026-07-25T20:10:30.744936038Z","target":"projects/venda-e-faturamento/locations/us-central1/functions/routeProxy","verb":"update","cancelRequested":false,"apiVersion":"v2","requestResource":{"@type":"type.googleapis.com/google.cloud.functions.v2.Function","name":"projects/venda-e-faturamento/locations/us-central1/functions/routeProxy","buildConfig":{"runtime":"nodejs20","entryPoint":"routeProxy","source":{"storageSource":{"bucket":"gcf-v2-sources-83092109834-us-central1","object":"routeProxy/function-source.zip","generation":"1785010230689401"}},"environmentVariables":{"GOOGLE_NODE_RUN_SCRIPTS":""},"dockerRepository":"projects/venda-e-faturamento/locations/us-central1/repositories/gcf-artifacts","sourceProvenance":{"resolvedStorageSource":{"bucket":"gcf-v2-sources-83092109834-us-central1","object":"routeProxy/function-source.zip","generation":"1785008265376138"}},"dockerRegistry":"ARTIFACT_REGISTRY","serviceAccount":"projects/venda-e-faturamento/serviceAccounts/83092109834-compute@developer.gserviceaccount.com","automaticUpdatePolicy":{}},"serviceConfig":{"service":"projects/venda-e-faturamento/locations/us-central1/services/routeproxy","timeoutSeconds":30,"environmentVariables":{"FIREBASE_CONFIG":"{\"projectId\":\"venda-e-faturamento\",\"databaseURL\":\"https://venda-e-faturamento-default-rtdb.firebaseio.com\",\"storageBucket\":\"venda-e-faturamento.firebasestorage.app\"}","GCLOUD_PROJECT":"venda-e-faturamento","EVENTARC_CLOUD_EVENT_SOURCE":"projects/venda-e-faturamento/locations/us-central1/services/routeProxy","FUNCTION_TARGET":"routeProxy","LOG_EXECUTION_ID":"true"},"ingressSettings":"ALLOW_ALL","uri":"https://routeproxy-x5dckzzjra-uc.a.run.app","serviceAccountEmail":"83092109834-compute@developer.gserviceaccount.com","availableMemory":"256Mi","allTrafficOnLatestRevision":true,"secretEnvironmentVariables":[{"key":"GOOGLE_MAPS_SERVER_API_KEY","projectId":"venda-e-faturamento","secret":"GOOGLE_MAPS_SERVER_API_KEY","version":"3"}],"revision":"routeproxy-00001-juk","maxInstanceRequestConcurrency":80,"availableCpu":"1"},"state":"ACTIVE","labels":{"deployment-tool":"cli-firebase","firebase-functions-hash":"9f9c97e64747198eefda594f792362aa98ca8624"},"environment":"GEN_2","url":"https://us-central1-venda-e-faturamento.cloudfunctions.net/routeProxy","satisfiesPzi":true},"stages":[{"name":"BUILD","message":"Build finished","state":"COMPLETE","resource":"projects/83092109834/locations/us-central1/builds/d767efe1-1246-4e04-bdc0-5ed506c197fe","resourceUri":"https://console.cloud.google.com/cloud-build/builds;region=us-central1/d767efe1-1246-4e04-bdc0-5ed506c197fe?project=83092109834"},{"name":"SERVICE","message":"Updating Cloud Run service","state":"IN_PROGRESS","resource":"projects/venda-e-faturamento/locations/us-central1/services/routeproxy","resourceUri":"https://console.cloud.google.com/run/detail/us-central1/routeproxy?project=venda-e-faturamento","stateMessages":[{"severity":"INFO","type":"CloudRunServiceNewRevisionTrafficInfo","message":"A new revision will be deployed serving with 100% traffic."}]}],"sourceToken":"ClZwcm9qZWN0cy84MzA5MjEwOTgzNC9sb2NhdGlvbnMvdXMtY2VudHJhbDEvYnVpbGRzL2Q3NjdlZmUxLTEyNDYtNGUwNC1iZGMwLTVlZDUwNmMxOTdmZRJ3dXMtY2VudHJhbDEtZG9ja2VyLnBrZy5kZXYvdmVuZGEtZS1mYXR1cmFtZW50by9nY2YtYXJ0aWZhY3RzL3ZlbmRhLS1lLS1mYXR1cmFtZW50b19fdXMtLWNlbnRyYWwxX19yb3V0ZV9wcm94eTp2ZXJzaW9uXzEYivSzxbUCIkdwcm9qZWN0cy92ZW5kYS1lLWZhdHVyYW1lbnRvL2xvY2F0aW9ucy91cy1jZW50cmFsMS9mdW5jdGlvbnMvcm91dGVQcm94eSoLCNqwlNMGEJDVyVYyCG5vZGVqczIwOnYKI2djci5pby9nYWUtcnVudGltZXMvbm9kZWpzMjA6c3RhYmxlEk91cy1jZW50cmFsMS1kb2NrZXIucGtnLmRldi9zZXJ2ZXJsZXNzLXJ1bnRpbWVzL2dvb2dsZS0yMi1mdWxsL3J1bnRpbWVzL25vZGVqczIwQAE=","operationType":"UPDATE_FUNCTION","buildName":"projects/83092109834/locations/us-central1/builds/d767efe1-1246-4e04-bdc0-5ed506c197fe"},"done":false}
[debug] [2026-07-25T20:11:15.043Z] Got source token ClZwcm9qZWN0cy84MzA5MjEwOTgzNC9sb2NhdGlvbnMvdXMtY2VudHJhbDEvYnVpbGRzL2Q3NjdlZmUxLTEyNDYtNGUwNC1iZGMwLTVlZDUwNmMxOTdmZRJ3dXMtY2VudHJhbDEtZG9ja2VyLnBrZy5kZXYvdmVuZGEtZS1mYXR1cmFtZW50by9nY2YtYXJ0aWZhY3RzL3ZlbmRhLS1lLS1mYXR1cmFtZW50b19fdXMtLWNlbnRyYWwxX19yb3V0ZV9wcm94eTp2ZXJzaW9uXzEYivSzxbUCIkdwcm9qZWN0cy92ZW5kYS1lLWZhdHVyYW1lbnRvL2xvY2F0aW9ucy91cy1jZW50cmFsMS9mdW5jdGlvbnMvcm91dGVQcm94eSoLCNqwlNMGEJDVyVYyCG5vZGVqczIwOnYKI2djci5pby9nYWUtcnVudGltZXMvbm9kZWpzMjA6c3RhYmxlEk91cy1jZW50cmFsMS1kb2NrZXIucGtnLmRldi9zZXJ2ZXJsZXNzLXJ1bnRpbWVzL2dvb2dsZS0yMi1mdWxsL3J1bnRpbWVzL25vZGVqczIwQAE= for region us-central1
[debug] [2026-07-25T20:11:25.046Z] [update-default-us-central1-routeProxy] Retrying task index 0
[debug] [2026-07-25T20:11:25.046Z] Checked if tokens are valid: true, expires at: 1785013773874
[debug] [2026-07-25T20:11:25.046Z] Checked if tokens are valid: true, expires at: 1785013773874
[debug] [2026-07-25T20:11:25.046Z] >>> [apiv2][query] GET https://cloudfunctions.googleapis.com/v2/projects/venda-e-faturamento/locations/us-central1/operations/operation-1785010229818-6577514ab33c8-3a568a92-5d15deb5 [none]
[debug] [2026-07-25T20:11:26.088Z] <<< [apiv2][status] GET https://cloudfunctions.googleapis.com/v2/projects/venda-e-faturamento/locations/us-central1/operations/operation-1785010229818-6577514ab33c8-3a568a92-5d15deb5 200
[debug] [2026-07-25T20:11:26.088Z] <<< [apiv2][body] GET https://cloudfunctions.googleapis.com/v2/projects/venda-e-faturamento/locations/us-central1/operations/operation-1785010229818-6577514ab33c8-3a568a92-5d15deb5 {"name":"projects/venda-e-faturamento/locations/us-central1/operations/operation-1785010229818-6577514ab33c8-3a568a92-5d15deb5","metadata":{"@type":"type.googleapis.com/google.cloud.functions.v2.OperationMetadata","createTime":"2026-07-25T20:10:30.744936038Z","target":"projects/venda-e-faturamento/locations/us-central1/functions/routeProxy","verb":"update","cancelRequested":false,"apiVersion":"v2","requestResource":{"@type":"type.googleapis.com/google.cloud.functions.v2.Function","name":"projects/venda-e-faturamento/locations/us-central1/functions/routeProxy","buildConfig":{"runtime":"nodejs20","entryPoint":"routeProxy","source":{"storageSource":{"bucket":"gcf-v2-sources-83092109834-us-central1","object":"routeProxy/function-source.zip","generation":"1785010230689401"}},"environmentVariables":{"GOOGLE_NODE_RUN_SCRIPTS":""},"dockerRepository":"projects/venda-e-faturamento/locations/us-central1/repositories/gcf-artifacts","sourceProvenance":{"resolvedStorageSource":{"bucket":"gcf-v2-sources-83092109834-us-central1","object":"routeProxy/function-source.zip","generation":"1785008265376138"}},"dockerRegistry":"ARTIFACT_REGISTRY","serviceAccount":"projects/venda-e-faturamento/serviceAccounts/83092109834-compute@developer.gserviceaccount.com","automaticUpdatePolicy":{}},"serviceConfig":{"service":"projects/venda-e-faturamento/locations/us-central1/services/routeproxy","timeoutSeconds":30,"environmentVariables":{"FIREBASE_CONFIG":"{\"projectId\":\"venda-e-faturamento\",\"databaseURL\":\"https://venda-e-faturamento-default-rtdb.firebaseio.com\",\"storageBucket\":\"venda-e-faturamento.firebasestorage.app\"}","GCLOUD_PROJECT":"venda-e-faturamento","EVENTARC_CLOUD_EVENT_SOURCE":"projects/venda-e-faturamento/locations/us-central1/services/routeProxy","FUNCTION_TARGET":"routeProxy","LOG_EXECUTION_ID":"true"},"ingressSettings":"ALLOW_ALL","uri":"https://routeproxy-x5dckzzjra-uc.a.run.app","serviceAccountEmail":"83092109834-compute@developer.gserviceaccount.com","availableMemory":"256Mi","allTrafficOnLatestRevision":true,"secretEnvironmentVariables":[{"key":"GOOGLE_MAPS_SERVER_API_KEY","projectId":"venda-e-faturamento","secret":"GOOGLE_MAPS_SERVER_API_KEY","version":"3"}],"revision":"routeproxy-00001-juk","maxInstanceRequestConcurrency":80,"availableCpu":"1"},"state":"ACTIVE","labels":{"deployment-tool":"cli-firebase","firebase-functions-hash":"9f9c97e64747198eefda594f792362aa98ca8624"},"environment":"GEN_2","url":"https://us-central1-venda-e-faturamento.cloudfunctions.net/routeProxy","satisfiesPzi":true},"stages":[{"name":"BUILD","message":"Build finished","state":"COMPLETE","resource":"projects/83092109834/locations/us-central1/builds/d767efe1-1246-4e04-bdc0-5ed506c197fe","resourceUri":"https://console.cloud.google.com/cloud-build/builds;region=us-central1/d767efe1-1246-4e04-bdc0-5ed506c197fe?project=83092109834"},{"name":"SERVICE","message":"Updating Cloud Run service","state":"IN_PROGRESS","resource":"projects/venda-e-faturamento/locations/us-central1/services/routeproxy","resourceUri":"https://console.cloud.google.com/run/detail/us-central1/routeproxy?project=venda-e-faturamento","stateMessages":[{"severity":"INFO","type":"CloudRunServiceNewRevisionTrafficInfo","message":"A new revision will be deployed serving with 100% traffic."}]}],"sourceToken":"ClZwcm9qZWN0cy84MzA5MjEwOTgzNC9sb2NhdGlvbnMvdXMtY2VudHJhbDEvYnVpbGRzL2Q3NjdlZmUxLTEyNDYtNGUwNC1iZGMwLTVlZDUwNmMxOTdmZRJ3dXMtY2VudHJhbDEtZG9ja2VyLnBrZy5kZXYvdmVuZGEtZS1mYXR1cmFtZW50by9nY2YtYXJ0aWZhY3RzL3ZlbmRhLS1lLS1mYXR1cmFtZW50b19fdXMtLWNlbnRyYWwxX19yb3V0ZV9wcm94eTp2ZXJzaW9uXzEYivSzxbUCIkdwcm9qZWN0cy92ZW5kYS1lLWZhdHVyYW1lbnRvL2xvY2F0aW9ucy91cy1jZW50cmFsMS9mdW5jdGlvbnMvcm91dGVQcm94eSoLCNqwlNMGEJDVyVYyCG5vZGVqczIwOnYKI2djci5pby9nYWUtcnVudGltZXMvbm9kZWpzMjA6c3RhYmxlEk91cy1jZW50cmFsMS1kb2NrZXIucGtnLmRldi9zZXJ2ZXJsZXNzLXJ1bnRpbWVzL2dvb2dsZS0yMi1mdWxsL3J1bnRpbWVzL25vZGVqczIwQAE=","operationType":"UPDATE_FUNCTION","buildName":"projects/83092109834/locations/us-central1/builds/d767efe1-1246-4e04-bdc0-5ed506c197fe"},"done":false}
[debug] [2026-07-25T20:11:26.089Z] Got source token ClZwcm9qZWN0cy84MzA5MjEwOTgzNC9sb2NhdGlvbnMvdXMtY2VudHJhbDEvYnVpbGRzL2Q3NjdlZmUxLTEyNDYtNGUwNC1iZGMwLTVlZDUwNmMxOTdmZRJ3dXMtY2VudHJhbDEtZG9ja2VyLnBrZy5kZXYvdmVuZGEtZS1mYXR1cmFtZW50by9nY2YtYXJ0aWZhY3RzL3ZlbmRhLS1lLS1mYXR1cmFtZW50b19fdXMtLWNlbnRyYWwxX19yb3V0ZV9wcm94eTp2ZXJzaW9uXzEYivSzxbUCIkdwcm9qZWN0cy92ZW5kYS1lLWZhdHVyYW1lbnRvL2xvY2F0aW9ucy91cy1jZW50cmFsMS9mdW5jdGlvbnMvcm91dGVQcm94eSoLCNqwlNMGEJDVyVYyCG5vZGVqczIwOnYKI2djci5pby9nYWUtcnVudGltZXMvbm9kZWpzMjA6c3RhYmxlEk91cy1jZW50cmFsMS1kb2NrZXIucGtnLmRldi9zZXJ2ZXJsZXNzLXJ1bnRpbWVzL2dvb2dsZS0yMi1mdWxsL3J1bnRpbWVzL25vZGVqczIwQAE= for region us-central1
[debug] [2026-07-25T20:11:36.094Z] [update-default-us-central1-routeProxy] Retrying task index 0
[debug] [2026-07-25T20:11:36.094Z] Checked if tokens are valid: true, expires at: 1785013773874
[debug] [2026-07-25T20:11:36.095Z] Checked if tokens are valid: true, expires at: 1785013773874
[debug] [2026-07-25T20:11:36.095Z] >>> [apiv2][query] GET https://cloudfunctions.googleapis.com/v2/projects/venda-e-faturamento/locations/us-central1/operations/operation-1785010229818-6577514ab33c8-3a568a92-5d15deb5 [none]
[debug] [2026-07-25T20:11:37.093Z] <<< [apiv2][status] GET https://cloudfunctions.googleapis.com/v2/projects/venda-e-faturamento/locations/us-central1/operations/operation-1785010229818-6577514ab33c8-3a568a92-5d15deb5 200
[debug] [2026-07-25T20:11:37.093Z] <<< [apiv2][body] GET https://cloudfunctions.googleapis.com/v2/projects/venda-e-faturamento/locations/us-central1/operations/operation-1785010229818-6577514ab33c8-3a568a92-5d15deb5 {"name":"projects/venda-e-faturamento/locations/us-central1/operations/operation-1785010229818-6577514ab33c8-3a568a92-5d15deb5","metadata":{"@type":"type.googleapis.com/google.cloud.functions.v2.OperationMetadata","createTime":"2026-07-25T20:10:30.744936038Z","target":"projects/venda-e-faturamento/locations/us-central1/functions/routeProxy","verb":"update","cancelRequested":false,"apiVersion":"v2","requestResource":{"@type":"type.googleapis.com/google.cloud.functions.v2.Function","name":"projects/venda-e-faturamento/locations/us-central1/functions/routeProxy","buildConfig":{"runtime":"nodejs20","entryPoint":"routeProxy","source":{"storageSource":{"bucket":"gcf-v2-sources-83092109834-us-central1","object":"routeProxy/function-source.zip","generation":"1785010230689401"}},"environmentVariables":{"GOOGLE_NODE_RUN_SCRIPTS":""},"dockerRepository":"projects/venda-e-faturamento/locations/us-central1/repositories/gcf-artifacts","sourceProvenance":{"resolvedStorageSource":{"bucket":"gcf-v2-sources-83092109834-us-central1","object":"routeProxy/function-source.zip","generation":"1785008265376138"}},"dockerRegistry":"ARTIFACT_REGISTRY","serviceAccount":"projects/venda-e-faturamento/serviceAccounts/83092109834-compute@developer.gserviceaccount.com","automaticUpdatePolicy":{}},"serviceConfig":{"service":"projects/venda-e-faturamento/locations/us-central1/services/routeproxy","timeoutSeconds":30,"environmentVariables":{"FIREBASE_CONFIG":"{\"projectId\":\"venda-e-faturamento\",\"databaseURL\":\"https://venda-e-faturamento-default-rtdb.firebaseio.com\",\"storageBucket\":\"venda-e-faturamento.firebasestorage.app\"}","GCLOUD_PROJECT":"venda-e-faturamento","EVENTARC_CLOUD_EVENT_SOURCE":"projects/venda-e-faturamento/locations/us-central1/services/routeProxy","FUNCTION_TARGET":"routeProxy","LOG_EXECUTION_ID":"true"},"ingressSettings":"ALLOW_ALL","uri":"https://routeproxy-x5dckzzjra-uc.a.run.app","serviceAccountEmail":"83092109834-compute@developer.gserviceaccount.com","availableMemory":"256Mi","allTrafficOnLatestRevision":true,"secretEnvironmentVariables":[{"key":"GOOGLE_MAPS_SERVER_API_KEY","projectId":"venda-e-faturamento","secret":"GOOGLE_MAPS_SERVER_API_KEY","version":"3"}],"revision":"routeproxy-00001-juk","maxInstanceRequestConcurrency":80,"availableCpu":"1"},"state":"ACTIVE","labels":{"deployment-tool":"cli-firebase","firebase-functions-hash":"9f9c97e64747198eefda594f792362aa98ca8624"},"environment":"GEN_2","url":"https://us-central1-venda-e-faturamento.cloudfunctions.net/routeProxy","satisfiesPzi":true},"stages":[{"name":"BUILD","message":"Build finished","state":"COMPLETE","resource":"projects/83092109834/locations/us-central1/builds/d767efe1-1246-4e04-bdc0-5ed506c197fe","resourceUri":"https://console.cloud.google.com/cloud-build/builds;region=us-central1/d767efe1-1246-4e04-bdc0-5ed506c197fe?project=83092109834"},{"name":"SERVICE","message":"Updating Cloud Run service","state":"IN_PROGRESS","resource":"projects/venda-e-faturamento/locations/us-central1/services/routeproxy","resourceUri":"https://console.cloud.google.com/run/detail/us-central1/routeproxy?project=venda-e-faturamento","stateMessages":[{"severity":"INFO","type":"CloudRunServiceNewRevisionTrafficInfo","message":"A new revision will be deployed serving with 100% traffic."}]}],"sourceToken":"ClZwcm9qZWN0cy84MzA5MjEwOTgzNC9sb2NhdGlvbnMvdXMtY2VudHJhbDEvYnVpbGRzL2Q3NjdlZmUxLTEyNDYtNGUwNC1iZGMwLTVlZDUwNmMxOTdmZRJ3dXMtY2VudHJhbDEtZG9ja2VyLnBrZy5kZXYvdmVuZGEtZS1mYXR1cmFtZW50by9nY2YtYXJ0aWZhY3RzL3ZlbmRhLS1lLS1mYXR1cmFtZW50b19fdXMtLWNlbnRyYWwxX19yb3V0ZV9wcm94eTp2ZXJzaW9uXzEYivSzxbUCIkdwcm9qZWN0cy92ZW5kYS1lLWZhdHVyYW1lbnRvL2xvY2F0aW9ucy91cy1jZW50cmFsMS9mdW5jdGlvbnMvcm91dGVQcm94eSoLCNqwlNMGEJDVyVYyCG5vZGVqczIwOnYKI2djci5pby9nYWUtcnVudGltZXMvbm9kZWpzMjA6c3RhYmxlEk91cy1jZW50cmFsMS1kb2NrZXIucGtnLmRldi9zZXJ2ZXJsZXNzLXJ1bnRpbWVzL2dvb2dsZS0yMi1mdWxsL3J1bnRpbWVzL25vZGVqczIwQAE=","operationType":"UPDATE_FUNCTION","buildName":"projects/83092109834/locations/us-central1/builds/d767efe1-1246-4e04-bdc0-5ed506c197fe"},"done":false}
[debug] [2026-07-25T20:11:37.093Z] Got source token ClZwcm9qZWN0cy84MzA5MjEwOTgzNC9sb2NhdGlvbnMvdXMtY2VudHJhbDEvYnVpbGRzL2Q3NjdlZmUxLTEyNDYtNGUwNC1iZGMwLTVlZDUwNmMxOTdmZRJ3dXMtY2VudHJhbDEtZG9ja2VyLnBrZy5kZXYvdmVuZGEtZS1mYXR1cmFtZW50by9nY2YtYXJ0aWZhY3RzL3ZlbmRhLS1lLS1mYXR1cmFtZW50b19fdXMtLWNlbnRyYWwxX19yb3V0ZV9wcm94eTp2ZXJzaW9uXzEYivSzxbUCIkdwcm9qZWN0cy92ZW5kYS1lLWZhdHVyYW1lbnRvL2xvY2F0aW9ucy91cy1jZW50cmFsMS9mdW5jdGlvbnMvcm91dGVQcm94eSoLCNqwlNMGEJDVyVYyCG5vZGVqczIwOnYKI2djci5pby9nYWUtcnVudGltZXMvbm9kZWpzMjA6c3RhYmxlEk91cy1jZW50cmFsMS1kb2NrZXIucGtnLmRldi9zZXJ2ZXJsZXNzLXJ1bnRpbWVzL2dvb2dsZS0yMi1mdWxsL3J1bnRpbWVzL25vZGVqczIwQAE= for region us-central1
[debug] [2026-07-25T20:11:47.103Z] [update-default-us-central1-routeProxy] Retrying task index 0
[debug] [2026-07-25T20:11:47.103Z] Checked if tokens are valid: true, expires at: 1785013773874
[debug] [2026-07-25T20:11:47.103Z] Checked if tokens are valid: true, expires at: 1785013773874
[debug] [2026-07-25T20:11:47.103Z] >>> [apiv2][query] GET https://cloudfunctions.googleapis.com/v2/projects/venda-e-faturamento/locations/us-central1/operations/operation-1785010229818-6577514ab33c8-3a568a92-5d15deb5 [none]
[debug] [2026-07-25T20:11:48.155Z] <<< [apiv2][status] GET https://cloudfunctions.googleapis.com/v2/projects/venda-e-faturamento/locations/us-central1/operations/operation-1785010229818-6577514ab33c8-3a568a92-5d15deb5 200
[debug] [2026-07-25T20:11:48.155Z] <<< [apiv2][body] GET https://cloudfunctions.googleapis.com/v2/projects/venda-e-faturamento/locations/us-central1/operations/operation-1785010229818-6577514ab33c8-3a568a92-5d15deb5 {"name":"projects/venda-e-faturamento/locations/us-central1/operations/operation-1785010229818-6577514ab33c8-3a568a92-5d15deb5","metadata":{"@type":"type.googleapis.com/google.cloud.functions.v2.OperationMetadata","createTime":"2026-07-25T20:10:30.744936038Z","endTime":"2026-07-25T20:11:40.832740374Z","target":"projects/venda-e-faturamento/locations/us-central1/functions/routeProxy","verb":"update","cancelRequested":false,"apiVersion":"v2","requestResource":{"@type":"type.googleapis.com/google.cloud.functions.v2.Function","name":"projects/venda-e-faturamento/locations/us-central1/functions/routeProxy","buildConfig":{"runtime":"nodejs20","entryPoint":"routeProxy","source":{"storageSource":{"bucket":"gcf-v2-sources-83092109834-us-central1","object":"routeProxy/function-source.zip","generation":"1785010230689401"}},"environmentVariables":{"GOOGLE_NODE_RUN_SCRIPTS":""},"dockerRepository":"projects/venda-e-faturamento/locations/us-central1/repositories/gcf-artifacts","sourceProvenance":{"resolvedStorageSource":{"bucket":"gcf-v2-sources-83092109834-us-central1","object":"routeProxy/function-source.zip","generation":"1785008265376138"}},"dockerRegistry":"ARTIFACT_REGISTRY","serviceAccount":"projects/venda-e-faturamento/serviceAccounts/83092109834-compute@developer.gserviceaccount.com","automaticUpdatePolicy":{}},"serviceConfig":{"service":"projects/venda-e-faturamento/locations/us-central1/services/routeproxy","timeoutSeconds":30,"environmentVariables":{"FIREBASE_CONFIG":"{\"projectId\":\"venda-e-faturamento\",\"databaseURL\":\"https://venda-e-faturamento-default-rtdb.firebaseio.com\",\"storageBucket\":\"venda-e-faturamento.firebasestorage.app\"}","GCLOUD_PROJECT":"venda-e-faturamento","EVENTARC_CLOUD_EVENT_SOURCE":"projects/venda-e-faturamento/locations/us-central1/services/routeProxy","FUNCTION_TARGET":"routeProxy","LOG_EXECUTION_ID":"true"},"ingressSettings":"ALLOW_ALL","uri":"https://routeproxy-x5dckzzjra-uc.a.run.app","serviceAccountEmail":"83092109834-compute@developer.gserviceaccount.com","availableMemory":"256Mi","allTrafficOnLatestRevision":true,"secretEnvironmentVariables":[{"key":"GOOGLE_MAPS_SERVER_API_KEY","projectId":"venda-e-faturamento","secret":"GOOGLE_MAPS_SERVER_API_KEY","version":"3"}],"revision":"routeproxy-00001-juk","maxInstanceRequestConcurrency":80,"availableCpu":"1"},"state":"ACTIVE","labels":{"deployment-tool":"cli-firebase","firebase-functions-hash":"9f9c97e64747198eefda594f792362aa98ca8624"},"environment":"GEN_2","url":"https://us-central1-venda-e-faturamento.cloudfunctions.net/routeProxy","satisfiesPzi":true},"stages":[{"name":"BUILD","message":"Build finished","state":"COMPLETE","resource":"projects/83092109834/locations/us-central1/builds/d767efe1-1246-4e04-bdc0-5ed506c197fe","resourceUri":"https://console.cloud.google.com/cloud-build/builds;region=us-central1/d767efe1-1246-4e04-bdc0-5ed506c197fe?project=83092109834"},{"name":"SERVICE","message":"Updating Cloud Run service","state":"COMPLETE","resource":"projects/venda-e-faturamento/locations/us-central1/services/routeproxy","resourceUri":"https://console.cloud.google.com/run/detail/us-central1/routeproxy?project=venda-e-faturamento","stateMessages":[{"severity":"INFO","type":"CloudRunServiceNewRevisionTrafficInfo","message":"A new revision will be deployed serving with 100% traffic."}]}],"sourceToken":"ClZwcm9qZWN0cy84MzA5MjEwOTgzNC9sb2NhdGlvbnMvdXMtY2VudHJhbDEvYnVpbGRzL2Q3NjdlZmUxLTEyNDYtNGUwNC1iZGMwLTVlZDUwNmMxOTdmZRJ3dXMtY2VudHJhbDEtZG9ja2VyLnBrZy5kZXYvdmVuZGEtZS1mYXR1cmFtZW50by9nY2YtYXJ0aWZhY3RzL3ZlbmRhLS1lLS1mYXR1cmFtZW50b19fdXMtLWNlbnRyYWwxX19yb3V0ZV9wcm94eTp2ZXJzaW9uXzEYivSzxbUCIkdwcm9qZWN0cy92ZW5kYS1lLWZhdHVyYW1lbnRvL2xvY2F0aW9ucy91cy1jZW50cmFsMS9mdW5jdGlvbnMvcm91dGVQcm94eSoLCNqwlNMGEJDVyVYyCG5vZGVqczIwOnYKI2djci5pby9nYWUtcnVudGltZXMvbm9kZWpzMjA6c3RhYmxlEk91cy1jZW50cmFsMS1kb2NrZXIucGtnLmRldi9zZXJ2ZXJsZXNzLXJ1bnRpbWVzL2dvb2dsZS0yMi1mdWxsL3J1bnRpbWVzL25vZGVqczIwQAE=","operationType":"UPDATE_FUNCTION","buildName":"projects/83092109834/locations/us-central1/builds/d767efe1-1246-4e04-bdc0-5ed506c197fe"},"done":true,"response":{"@type":"type.googleapis.com/google.cloud.functions.v2.Function","name":"projects/venda-e-faturamento/locations/us-central1/functions/routeProxy","buildConfig":{"build":"projects/83092109834/locations/us-central1/builds/d767efe1-1246-4e04-bdc0-5ed506c197fe","runtime":"nodejs20","entryPoint":"routeProxy","source":{"storageSource":{"bucket":"gcf-v2-sources-83092109834-us-central1","object":"routeProxy/function-source.zip","generation":"1785010230689401"}},"environmentVariables":{"GOOGLE_NODE_RUN_SCRIPTS":""},"dockerRepository":"projects/venda-e-faturamento/locations/us-central1/repositories/gcf-artifacts","sourceProvenance":{"resolvedStorageSource":{"bucket":"gcf-v2-sources-83092109834-us-central1","object":"routeProxy/function-source.zip","generation":"1785010230689401"}},"dockerRegistry":"ARTIFACT_REGISTRY","serviceAccount":"projects/venda-e-faturamento/serviceAccounts/83092109834-compute@developer.gserviceaccount.com","automaticUpdatePolicy":{}},"serviceConfig":{"service":"projects/venda-e-faturamento/locations/us-central1/services/routeproxy","timeoutSeconds":30,"environmentVariables":{"FIREBASE_CONFIG":"{\"projectId\":\"venda-e-faturamento\",\"databaseURL\":\"https://venda-e-faturamento-default-rtdb.firebaseio.com\",\"storageBucket\":\"venda-e-faturamento.firebasestorage.app\"}","GCLOUD_PROJECT":"venda-e-faturamento","EVENTARC_CLOUD_EVENT_SOURCE":"projects/venda-e-faturamento/locations/us-central1/services/routeProxy","FUNCTION_TARGET":"routeProxy","LOG_EXECUTION_ID":"true"},"maxInstanceCount":20,"ingressSettings":"ALLOW_ALL","uri":"https://routeproxy-x5dckzzjra-uc.a.run.app","serviceAccountEmail":"83092109834-compute@developer.gserviceaccount.com","availableMemory":"256Mi","allTrafficOnLatestRevision":true,"secretEnvironmentVariables":[{"key":"GOOGLE_MAPS_SERVER_API_KEY","projectId":"venda-e-faturamento","secret":"GOOGLE_MAPS_SERVER_API_KEY","version":"3"}],"revision":"routeproxy-00002-dip","maxInstanceRequestConcurrency":80,"availableCpu":"1"},"state":"ACTIVE","updateTime":"2026-07-25T20:10:30.747101191Z","labels":{"firebase-functions-hash":"9f9c97e64747198eefda594f792362aa98ca8624","deployment-tool":"cli-firebase"},"environment":"GEN_2","url":"https://us-central1-venda-e-faturamento.cloudfunctions.net/routeProxy","createTime":"2026-07-25T19:37:45.664331491Z","satisfiesPzi":true}}
[debug] [2026-07-25T20:11:48.155Z] Got source token ClZwcm9qZWN0cy84MzA5MjEwOTgzNC9sb2NhdGlvbnMvdXMtY2VudHJhbDEvYnVpbGRzL2Q3NjdlZmUxLTEyNDYtNGUwNC1iZGMwLTVlZDUwNmMxOTdmZRJ3dXMtY2VudHJhbDEtZG9ja2VyLnBrZy5kZXYvdmVuZGEtZS1mYXR1cmFtZW50by9nY2YtYXJ0aWZhY3RzL3ZlbmRhLS1lLS1mYXR1cmFtZW50b19fdXMtLWNlbnRyYWwxX19yb3V0ZV9wcm94eTp2ZXJzaW9uXzEYivSzxbUCIkdwcm9qZWN0cy92ZW5kYS1lLWZhdHVyYW1lbnRvL2xvY2F0aW9ucy91cy1jZW50cmFsMS9mdW5jdGlvbnMvcm91dGVQcm94eSoLCNqwlNMGEJDVyVYyCG5vZGVqczIwOnYKI2djci5pby9nYWUtcnVudGltZXMvbm9kZWpzMjA6c3RhYmxlEk91cy1jZW50cmFsMS1kb2NrZXIucGtnLmRldi9zZXJ2ZXJsZXNzLXJ1bnRpbWVzL2dvb2dsZS0yMi1mdWxsL3J1bnRpbWVzL25vZGVqczIwQAE= for region us-central1
[info] +  functions[routeProxy(us-central1)] Successful update operation. 
[debug] [2026-07-25T20:11:48.160Z] Total Function Deployment time: 78507
[debug] [2026-07-25T20:11:48.160Z] 1 Functions Deployed
[debug] [2026-07-25T20:11:48.161Z] 0 Functions Errored
[debug] [2026-07-25T20:11:48.161Z] 0 Function Deployments Aborted
[debug] [2026-07-25T20:11:48.161Z] Average Function Deployment time: 78506
[info] Function URL (routeProxy(us-central1)): https://routeproxy-x5dckzzjra-uc.a.run.app
[debug] [2026-07-25T20:11:48.295Z] Not printing URL for HTTPS function. Typically this means it didn't match a filter or we failed deployment
[debug] [2026-07-25T20:11:48.295Z] Not printing URL for HTTPS function. Typically this means it didn't match a filter or we failed deployment
[debug] [2026-07-25T20:11:48.295Z] No lifecycle hook configured for event: afterUpdate
[debug] [2026-07-25T20:11:48.295Z] Checked if tokens are valid: true, expires at: 1785013773874
[debug] [2026-07-25T20:11:48.295Z] Checked if tokens are valid: true, expires at: 1785013773874
[debug] [2026-07-25T20:11:48.296Z] >>> [apiv2][query] GET https://artifactregistry.googleapis.com/v1/projects/venda-e-faturamento/locations/us-central1/repositories/gcf-artifacts [none]
[debug] [2026-07-25T20:11:49.422Z] <<< [apiv2][status] GET https://artifactregistry.googleapis.com/v1/projects/venda-e-faturamento/locations/us-central1/repositories/gcf-artifacts 200
[debug] [2026-07-25T20:11:49.423Z] <<< [apiv2][body] GET https://artifactregistry.googleapis.com/v1/projects/venda-e-faturamento/locations/us-central1/repositories/gcf-artifacts {"name":"projects/venda-e-faturamento/locations/us-central1/repositories/gcf-artifacts","format":"DOCKER","description":"This repository is created and used by Cloud Functions for storing function docker images.","labels":{"goog-managed-by":"cloudfunctions"},"createTime":"2026-07-12T23:51:38.900182Z","updateTime":"2026-07-25T20:10:58.092742Z","mode":"STANDARD_REPOSITORY","cleanupPolicies":{"firebase-functions-cleanup":{"id":"firebase-functions-cleanup","action":"DELETE","condition":{"tagState":"ANY","olderThan":"86400s"}}},"sizeBytes":"87924626","vulnerabilityScanningConfig":{"lastEnableTime":"2026-07-12T23:51:27.877305752Z","enablementState":"SCANNING_DISABLED","enablementStateReason":"API containerscanning.googleapis.com is not enabled."},"satisfiesPzi":true,"registryUri":"us-central1-docker.pkg.dev/venda-e-faturamento/gcf-artifacts"}
[info] 
[info] +  Deploy complete! 
[info] 
[info] Project Console: https://console.firebase.google.com/project/venda-e-faturamento/overview
[debug] [2026-07-25T20:15:33.157Z] ----------------------------------------------------------------------
[debug] [2026-07-25T20:15:33.158Z] Command:       C:\Program Files\nodejs\node.exe C:\Users\Luan Rigatti\AppData\Roaming\npm\node_modules\firebase-tools\lib\bin\firebase.js functions:secrets:set GOOGLE_MAPS_SERVER_API_KEY --project venda-e-faturamento
[debug] [2026-07-25T20:15:33.158Z] CLI Version:   15.22.4
[debug] [2026-07-25T20:15:33.158Z] Platform:      win32
[debug] [2026-07-25T20:15:33.158Z] Node Version:  v26.4.0
[debug] [2026-07-25T20:15:33.158Z] Detected Agent: codex_cli
[debug] [2026-07-25T20:15:33.158Z] Time:          Sat Jul 25 2026 17:15:33 GMT-0300 (Horário Padrão de Brasília)
[debug] [2026-07-25T20:15:33.158Z] ----------------------------------------------------------------------
[debug] 
[debug] [2026-07-25T20:15:33.263Z] > command requires scopes: ["email","openid","https://www.googleapis.com/auth/cloudplatformprojects.readonly","https://www.googleapis.com/auth/firebase","https://www.googleapis.com/auth/cloud-platform"]
[debug] [2026-07-25T20:15:33.264Z] > authorizing via signed-in user (luanr.rigatti@gmail.com)
[debug] [2026-07-25T20:15:33.264Z] > command requires scopes: ["email","openid","https://www.googleapis.com/auth/cloudplatformprojects.readonly","https://www.googleapis.com/auth/firebase","https://www.googleapis.com/auth/cloud-platform"]
[debug] [2026-07-25T20:15:33.264Z] > authorizing via signed-in user (luanr.rigatti@gmail.com)
[debug] [2026-07-25T20:15:33.265Z] [iam] checking project venda-e-faturamento for permissions ["firebase.projects.get","secretmanager.secrets.create","secretmanager.secrets.get","secretmanager.secrets.update","secretmanager.versions.add"]
[debug] [2026-07-25T20:15:33.265Z] Checked if tokens are valid: true, expires at: 1785013773874
[debug] [2026-07-25T20:15:33.265Z] Checked if tokens are valid: true, expires at: 1785013773874
[debug] [2026-07-25T20:15:33.266Z] >>> [apiv2][query] POST https://cloudresourcemanager.googleapis.com/v1/projects/venda-e-faturamento:testIamPermissions [none]
[debug] [2026-07-25T20:15:33.266Z] >>> [apiv2][(partial)header] POST https://cloudresourcemanager.googleapis.com/v1/projects/venda-e-faturamento:testIamPermissions  x-goog-user-project=venda-e-faturamento
[debug] [2026-07-25T20:15:33.266Z] >>> [apiv2][body] POST https://cloudresourcemanager.googleapis.com/v1/projects/venda-e-faturamento:testIamPermissions {"permissions":["firebase.projects.get","secretmanager.secrets.create","secretmanager.secrets.get","secretmanager.secrets.update","secretmanager.versions.add"]}
[debug] [2026-07-25T20:15:34.179Z] <<< [apiv2][status] POST https://cloudresourcemanager.googleapis.com/v1/projects/venda-e-faturamento:testIamPermissions 200
[debug] [2026-07-25T20:15:34.179Z] <<< [apiv2][body] POST https://cloudresourcemanager.googleapis.com/v1/projects/venda-e-faturamento:testIamPermissions {"permissions":["firebase.projects.get","secretmanager.secrets.create","secretmanager.secrets.get","secretmanager.secrets.update","secretmanager.versions.add"]}
[debug] [2026-07-25T20:15:34.179Z] Checked if tokens are valid: true, expires at: 1785013773874
[debug] [2026-07-25T20:15:34.180Z] Checked if tokens are valid: true, expires at: 1785013773874
[debug] [2026-07-25T20:15:34.180Z] >>> [apiv2][query] GET https://cloudresourcemanager.googleapis.com/v1/projects/venda-e-faturamento [none]
[debug] [2026-07-25T20:15:34.371Z] <<< [apiv2][status] GET https://cloudresourcemanager.googleapis.com/v1/projects/venda-e-faturamento 200
[debug] [2026-07-25T20:15:34.371Z] <<< [apiv2][body] GET https://cloudresourcemanager.googleapis.com/v1/projects/venda-e-faturamento {"projectNumber":"83092109834","projectId":"venda-e-faturamento","lifecycleState":"ACTIVE","name":"Venda e Faturamento","labels":{"firebase":"enabled","firebase-core":"disabled"},"createTime":"2026-05-22T11:33:38.894Z"}
[debug] [2026-07-25T20:15:34.371Z] Checked if tokens are valid: true, expires at: 1785013773874
[debug] [2026-07-25T20:15:34.371Z] Checked if tokens are valid: true, expires at: 1785013773874
[debug] [2026-07-25T20:15:34.371Z] >>> [apiv2][query] GET https://secretmanager.googleapis.com/v1/projects/venda-e-faturamento/secrets/GOOGLE_MAPS_SERVER_API_KEY [none]
[debug] [2026-07-25T20:15:34.996Z] <<< [apiv2][status] GET https://secretmanager.googleapis.com/v1/projects/venda-e-faturamento/secrets/GOOGLE_MAPS_SERVER_API_KEY 200
[debug] [2026-07-25T20:15:34.996Z] <<< [apiv2][body] GET https://secretmanager.googleapis.com/v1/projects/venda-e-faturamento/secrets/GOOGLE_MAPS_SERVER_API_KEY {"name":"projects/83092109834/secrets/GOOGLE_MAPS_SERVER_API_KEY","replication":{"automatic":{}},"createTime":"2026-07-25T19:24:44.748636Z","labels":{"firebase-managed":"functions"},"etag":"\"165774711e26c0\""}
[debug] [2026-07-25T20:15:34.996Z] Checked if tokens are valid: true, expires at: 1785013773874
[debug] [2026-07-25T20:15:34.996Z] Checked if tokens are valid: true, expires at: 1785013773874
[debug] [2026-07-25T20:15:34.996Z] >>> [apiv2][query] POST https://secretmanager.googleapis.com/v1/projects/venda-e-faturamento/secrets/GOOGLE_MAPS_SERVER_API_KEY:addVersion [none]
[debug] [2026-07-25T20:15:34.996Z] >>> [apiv2][body] POST https://secretmanager.googleapis.com/v1/projects/venda-e-faturamento/secrets/GOOGLE_MAPS_SERVER_API_KEY:addVersion {"payload":{"data":"QUl6YVN5QmVFTEl6TjZNbG5RcTR2aFBuTXFPZmRSQndoX2pTMmhF"}}
[debug] [2026-07-25T20:15:38.755Z] <<< [apiv2][status] POST https://secretmanager.googleapis.com/v1/projects/venda-e-faturamento/secrets/GOOGLE_MAPS_SERVER_API_KEY:addVersion 200
[debug] [2026-07-25T20:15:38.755Z] <<< [apiv2][body] POST https://secretmanager.googleapis.com/v1/projects/venda-e-faturamento/secrets/GOOGLE_MAPS_SERVER_API_KEY:addVersion {"name":"projects/83092109834/secrets/GOOGLE_MAPS_SERVER_API_KEY/versions/4","createTime":"2026-07-25T20:15:37.882145Z","state":"ENABLED","replicationStatus":{"automatic":{}},"etag":"\"1657752707e221\""}
[info] +  Created a new secret version projects/83092109834/secrets/GOOGLE_MAPS_SERVER_API_KEY/versions/4 
[debug] [2026-07-25T20:15:38.756Z] Checked if tokens are valid: true, expires at: 1785013773874
[debug] [2026-07-25T20:15:38.756Z] Checked if tokens are valid: true, expires at: 1785013773874
[debug] [2026-07-25T20:15:38.756Z] >>> [apiv2][query] GET https://cloudfunctions.googleapis.com/v1/projects/venda-e-faturamento/locations/-/functions [none]
[debug] [2026-07-25T20:15:39.850Z] <<< [apiv2][status] GET https://cloudfunctions.googleapis.com/v1/projects/venda-e-faturamento/locations/-/functions 200
[debug] [2026-07-25T20:15:39.850Z] <<< [apiv2][body] GET https://cloudfunctions.googleapis.com/v1/projects/venda-e-faturamento/locations/-/functions {}
[debug] [2026-07-25T20:15:39.850Z] Checked if tokens are valid: true, expires at: 1785013773874
[debug] [2026-07-25T20:15:39.850Z] Checked if tokens are valid: true, expires at: 1785013773874
[debug] [2026-07-25T20:15:39.850Z] >>> [apiv2][query] GET https://cloudfunctions.googleapis.com/v2/projects/venda-e-faturamento/locations/-/functions filter=environment%3D%22GEN_2%22
[debug] [2026-07-25T20:15:41.250Z] <<< [apiv2][status] GET https://cloudfunctions.googleapis.com/v2/projects/venda-e-faturamento/locations/-/functions 200
[debug] [2026-07-25T20:15:41.250Z] <<< [apiv2][body] GET https://cloudfunctions.googleapis.com/v2/projects/venda-e-faturamento/locations/-/functions {"functions":[{"name":"projects/venda-e-faturamento/locations/us-central1/functions/routeProxy","buildConfig":{"build":"projects/83092109834/locations/us-central1/builds/d767efe1-1246-4e04-bdc0-5ed506c197fe","runtime":"nodejs20","entryPoint":"routeProxy","source":{"storageSource":{"bucket":"gcf-v2-sources-83092109834-us-central1","object":"routeProxy/function-source.zip","generation":"1785010230689401"}},"environmentVariables":{"GOOGLE_NODE_RUN_SCRIPTS":""},"dockerRepository":"projects/venda-e-faturamento/locations/us-central1/repositories/gcf-artifacts","sourceProvenance":{"resolvedStorageSource":{"bucket":"gcf-v2-sources-83092109834-us-central1","object":"routeProxy/function-source.zip","generation":"1785010230689401"}},"dockerRegistry":"ARTIFACT_REGISTRY","serviceAccount":"projects/venda-e-faturamento/serviceAccounts/83092109834-compute@developer.gserviceaccount.com","automaticUpdatePolicy":{}},"serviceConfig":{"service":"projects/venda-e-faturamento/locations/us-central1/services/routeproxy","timeoutSeconds":30,"environmentVariables":{"FIREBASE_CONFIG":"{\"projectId\":\"venda-e-faturamento\",\"databaseURL\":\"https://venda-e-faturamento-default-rtdb.firebaseio.com\",\"storageBucket\":\"venda-e-faturamento.firebasestorage.app\"}","GCLOUD_PROJECT":"venda-e-faturamento","EVENTARC_CLOUD_EVENT_SOURCE":"projects/venda-e-faturamento/locations/us-central1/services/routeProxy","FUNCTION_TARGET":"routeProxy","LOG_EXECUTION_ID":"true"},"maxInstanceCount":20,"ingressSettings":"ALLOW_ALL","uri":"https://routeproxy-x5dckzzjra-uc.a.run.app","serviceAccountEmail":"83092109834-compute@developer.gserviceaccount.com","availableMemory":"256Mi","allTrafficOnLatestRevision":true,"secretEnvironmentVariables":[{"key":"GOOGLE_MAPS_SERVER_API_KEY","projectId":"venda-e-faturamento","secret":"GOOGLE_MAPS_SERVER_API_KEY","version":"3"}],"revision":"routeproxy-00002-dip","maxInstanceRequestConcurrency":80,"availableCpu":"1"},"state":"ACTIVE","updateTime":"2026-07-25T20:11:40.968708657Z","labels":{"deployment-tool":"cli-firebase","firebase-functions-hash":"9f9c97e64747198eefda594f792362aa98ca8624"},"environment":"GEN_2","url":"https://us-central1-venda-e-faturamento.cloudfunctions.net/routeProxy","createTime":"2026-07-25T19:37:45.664331491Z","satisfiesPzi":true},{"name":"projects/venda-e-faturamento/locations/us-central1/functions/testarPush","buildConfig":{"build":"projects/83092109834/locations/us-central1/builds/38bc95cd-0f1a-4856-bb29-25eb09ae3533","runtime":"nodejs20","entryPoint":"testarPush","source":{"storageSource":{"bucket":"gcf-v2-sources-83092109834-us-central1","object":"testarPush/function-source.zip","generation":"1783902392061720"}},"environmentVariables":{"GOOGLE_NODE_RUN_SCRIPTS":""},"dockerRepository":"projects/venda-e-faturamento/locations/us-central1/repositories/gcf-artifacts","sourceProvenance":{"resolvedStorageSource":{"bucket":"gcf-v2-sources-83092109834-us-central1","object":"testarPush/function-source.zip","generation":"1783902392061720"}},"dockerRegistry":"ARTIFACT_REGISTRY","serviceAccount":"projects/venda-e-faturamento/serviceAccounts/83092109834-compute@developer.gserviceaccount.com","automaticUpdatePolicy":{}},"serviceConfig":{"service":"projects/venda-e-faturamento/locations/us-central1/services/testarpush","timeoutSeconds":60,"environmentVariables":{"FIREBASE_CONFIG":"{\"projectId\":\"venda-e-faturamento\",\"databaseURL\":\"https://venda-e-faturamento-default-rtdb.firebaseio.com\",\"storageBucket\":\"venda-e-faturamento.firebasestorage.app\"}","GCLOUD_PROJECT":"venda-e-faturamento","EVENTARC_CLOUD_EVENT_SOURCE":"projects/venda-e-faturamento/locations/us-central1/services/testarPush","FUNCTION_TARGET":"testarPush","LOG_EXECUTION_ID":"true","FUNCTION_SIGNATURE_TYPE":"http"},"maxInstanceCount":20,"ingressSettings":"ALLOW_ALL","uri":"https://testarpush-x5dckzzjra-uc.a.run.app","serviceAccountEmail":"83092109834-compute@developer.gserviceaccount.com","availableMemory":"256Mi","allTrafficOnLatestRevision":true,"revision":"testarpush-00002-haw","maxInstanceRequestConcurrency":80,"availableCpu":"1"},"state":"ACTIVE","updateTime":"2026-07-13T00:26:38.914040705Z","labels":{"firebase-functions-hash":"fbd9bb43f35cd408b425fd73c3e5040aaf388b58","deployment-tool":"cli-firebase"},"environment":"GEN_2","url":"https://us-central1-venda-e-faturamento.cloudfunctions.net/testarPush","createTime":"2026-07-12T23:51:27.669498104Z","satisfiesPzi":true},{"name":"projects/venda-e-faturamento/locations/us-central1/functions/lembreteCobranca","buildConfig":{"build":"projects/83092109834/locations/us-central1/builds/38bc95cd-0f1a-4856-bb29-25eb09ae3533","runtime":"nodejs20","entryPoint":"lembreteCobranca","source":{"storageSource":{"bucket":"gcf-v2-sources-83092109834-us-central1","object":"lembreteCobranca/function-source.zip","generation":"1783902336318140"}},"environmentVariables":{"GOOGLE_NODE_RUN_SCRIPTS":""},"dockerRepository":"projects/venda-e-faturamento/locations/us-central1/repositories/gcf-artifacts","sourceProvenance":{"resolvedStorageSource":{"bucket":"gcf-v2-sources-83092109834-us-central1","object":"lembreteCobranca/function-source.zip","generation":"1783902336318140"}},"dockerRegistry":"ARTIFACT_REGISTRY","serviceAccount":"projects/venda-e-faturamento/serviceAccounts/83092109834-compute@developer.gserviceaccount.com","automaticUpdatePolicy":{}},"serviceConfig":{"service":"projects/venda-e-faturamento/locations/us-central1/services/lembretecobranca","timeoutSeconds":60,"environmentVariables":{"FIREBASE_CONFIG":"{\"projectId\":\"venda-e-faturamento\",\"databaseURL\":\"https://venda-e-faturamento-default-rtdb.firebaseio.com\",\"storageBucket\":\"venda-e-faturamento.firebasestorage.app\"}","GCLOUD_PROJECT":"venda-e-faturamento","EVENTARC_CLOUD_EVENT_SOURCE":"projects/venda-e-faturamento/locations/us-central1/services/lembreteCobranca","FUNCTION_TARGET":"lembreteCobranca","LOG_EXECUTION_ID":"true"},"ingressSettings":"ALLOW_ALL","uri":"https://lembretecobranca-x5dckzzjra-uc.a.run.app","serviceAccountEmail":"83092109834-compute@developer.gserviceaccount.com","availableMemory":"256Mi","allTrafficOnLatestRevision":true,"revision":"lembretecobranca-00001-led","maxInstanceRequestConcurrency":80,"availableCpu":"1"},"state":"ACTIVE","updateTime":"2026-07-13T00:26:28.667386030Z","labels":{"deployment-scheduled":"true","firebase-functions-hash":"fbd9bb43f35cd408b425fd73c3e5040aaf388b58","deployment-tool":"cli-firebase"},"environment":"GEN_2","url":"https://us-central1-venda-e-faturamento.cloudfunctions.net/lembreteCobranca","createTime":"2026-07-13T00:25:36.586397097Z","satisfiesPzi":true},{"name":"projects/venda-e-faturamento/locations/us-central1/functions/notificarNovaEntrega","buildConfig":{"build":"projects/83092109834/locations/us-central1/builds/38bc95cd-0f1a-4856-bb29-25eb09ae3533","runtime":"nodejs20","entryPoint":"notificarNovaEntrega","source":{"storageSource":{"bucket":"gcf-v2-sources-83092109834-us-central1","object":"notificarNovaEntrega/function-source.zip","generation":"1783902392159965"}},"environmentVariables":{"GOOGLE_NODE_RUN_SCRIPTS":""},"dockerRepository":"projects/venda-e-faturamento/locations/us-central1/repositories/gcf-artifacts","sourceProvenance":{"resolvedStorageSource":{"bucket":"gcf-v2-sources-83092109834-us-central1","object":"notificarNovaEntrega/function-source.zip","generation":"1783902392159965"}},"dockerRegistry":"ARTIFACT_REGISTRY","serviceAccount":"projects/venda-e-faturamento/serviceAccounts/83092109834-compute@developer.gserviceaccount.com","automaticUpdatePolicy":{}},"serviceConfig":{"service":"projects/venda-e-faturamento/locations/us-central1/services/notificarnovaentrega","timeoutSeconds":60,"environmentVariables":{"FIREBASE_CONFIG":"{\"projectId\":\"venda-e-faturamento\",\"databaseURL\":\"https://venda-e-faturamento-default-rtdb.firebaseio.com\",\"storageBucket\":\"venda-e-faturamento.firebasestorage.app\"}","GCLOUD_PROJECT":"venda-e-faturamento","EVENTARC_CLOUD_EVENT_SOURCE":"projects/venda-e-faturamento/locations/us-central1/services/notificarNovaEntrega","FUNCTION_SIGNATURE_TYPE":"cloudevent","FUNCTION_TARGET":"notificarNovaEntrega","LOG_EXECUTION_ID":"true"},"maxInstanceCount":20,"ingressSettings":"ALLOW_ALL","uri":"https://notificarnovaentrega-x5dckzzjra-uc.a.run.app","serviceAccountEmail":"83092109834-compute@developer.gserviceaccount.com","availableMemory":"256Mi","allTrafficOnLatestRevision":true,"revision":"notificarnovaentrega-00002-lag","maxInstanceRequestConcurrency":80,"availableCpu":"1"},"eventTrigger":{"trigger":"projects/venda-e-faturamento/locations/us-central1/triggers/notificarnovaentrega-921497","triggerRegion":"us-central1","eventType":"google.firebase.database.ref.v1.created","eventFilters":[{"attribute":"instance","value":"*","operator":"match-path-pattern"},{"attribute":"ref","value":"usuarios/{usuarioId}/entregas/{entregaId}","operator":"match-path-pattern"}],"pubsubTopic":"projects/venda-e-faturamento/topics/eventarc-us-central1-notificarnovaentrega-921497-105","serviceAccountEmail":"83092109834-compute@developer.gserviceaccount.com","retryPolicy":"RETRY_POLICY_DO_NOT_RETRY"},"state":"ACTIVE","updateTime":"2026-07-13T00:26:39.530518999Z","labels":{"deployment-tool":"cli-firebase","firebase-functions-hash":"fbd9bb43f35cd408b425fd73c3e5040aaf388b58"},"environment":"GEN_2","url":"https://us-central1-venda-e-faturamento.cloudfunctions.net/notificarNovaEntrega","createTime":"2026-07-12T23:53:16.558517563Z","satisfiesPzi":true},{"name":"projects/venda-e-faturamento/locations/us-central1/functions/testarLembreteCobranca","buildConfig":{"build":"projects/83092109834/locations/us-central1/builds/38bc95cd-0f1a-4856-bb29-25eb09ae3533","runtime":"nodejs20","entryPoint":"testarLembreteCobranca","source":{"storageSource":{"bucket":"gcf-v2-sources-83092109834-us-central1","object":"testarLembreteCobranca/function-source.zip","generation":"1783902391643165"}},"environmentVariables":{"GOOGLE_NODE_RUN_SCRIPTS":""},"dockerRepository":"projects/venda-e-faturamento/locations/us-central1/repositories/gcf-artifacts","sourceProvenance":{"resolvedStorageSource":{"bucket":"gcf-v2-sources-83092109834-us-central1","object":"testarLembreteCobranca/function-source.zip","generation":"1783902391643165"}},"dockerRegistry":"ARTIFACT_REGISTRY","serviceAccount":"projects/venda-e-faturamento/serviceAccounts/83092109834-compute@developer.gserviceaccount.com","automaticUpdatePolicy":{}},"serviceConfig":{"service":"projects/venda-e-faturamento/locations/us-central1/services/testarlembretecobranca","timeoutSeconds":60,"environmentVariables":{"FIREBASE_CONFIG":"{\"projectId\":\"venda-e-faturamento\",\"databaseURL\":\"https://venda-e-faturamento-default-rtdb.firebaseio.com\",\"storageBucket\":\"venda-e-faturamento.firebasestorage.app\"}","GCLOUD_PROJECT":"venda-e-faturamento","EVENTARC_CLOUD_EVENT_SOURCE":"projects/venda-e-faturamento/locations/us-central1/services/testarLembreteCobranca","FUNCTION_TARGET":"testarLembreteCobranca","LOG_EXECUTION_ID":"true","FUNCTION_SIGNATURE_TYPE":"http"},"ingressSettings":"ALLOW_ALL","uri":"https://testarlembretecobranca-x5dckzzjra-uc.a.run.app","serviceAccountEmail":"83092109834-compute@developer.gserviceaccount.com","availableMemory":"256Mi","allTrafficOnLatestRevision":true,"revision":"testarlembretecobranca-00001-zam","maxInstanceRequestConcurrency":80,"availableCpu":"1"},"state":"ACTIVE","updateTime":"2026-07-13T00:26:38.883531958Z","labels":{"firebase-functions-hash":"fbd9bb43f35cd408b425fd73c3e5040aaf388b58","deployment-tool":"cli-firebase"},"environment":"GEN_2","url":"https://us-central1-venda-e-faturamento.cloudfunctions.net/testarLembreteCobranca","createTime":"2026-07-13T00:26:31.870502494Z","satisfiesPzi":true}]}
[info] i  1 functions are using stale version of secret GOOGLE_MAPS_SERVER_API_KEY:
	routeProxy(us-central1) 
[info] i  Please deploy your functions for the change to take effect by running:
	firebase deploy --only functions 
[debug] [2026-07-25T20:15:55.188Z] ----------------------------------------------------------------------
[debug] [2026-07-25T20:15:55.190Z] Command:       C:\Program Files\nodejs\node.exe C:\Users\Luan Rigatti\AppData\Roaming\npm\node_modules\firebase-tools\lib\bin\firebase.js functions:secrets:describe GOOGLE_MAPS_SERVER_API_KEY --project venda-e-faturamento
[debug] [2026-07-25T20:15:55.190Z] CLI Version:   15.22.4
[debug] [2026-07-25T20:15:55.190Z] Platform:      win32
[debug] [2026-07-25T20:15:55.190Z] Node Version:  v26.4.0
[debug] [2026-07-25T20:15:55.190Z] Detected Agent: codex_cli
[debug] [2026-07-25T20:15:55.190Z] Time:          Sat Jul 25 2026 17:15:55 GMT-0300 (Horário Padrão de Brasília)
[debug] [2026-07-25T20:15:55.190Z] ----------------------------------------------------------------------
[debug] 
[debug] [2026-07-25T20:15:55.291Z] > command requires scopes: ["email","openid","https://www.googleapis.com/auth/cloudplatformprojects.readonly","https://www.googleapis.com/auth/firebase","https://www.googleapis.com/auth/cloud-platform"]
[debug] [2026-07-25T20:15:55.292Z] > authorizing via signed-in user (luanr.rigatti@gmail.com)
[debug] [2026-07-25T20:15:55.292Z] > command requires scopes: ["email","openid","https://www.googleapis.com/auth/cloudplatformprojects.readonly","https://www.googleapis.com/auth/firebase","https://www.googleapis.com/auth/cloud-platform"]
[debug] [2026-07-25T20:15:55.292Z] > authorizing via signed-in user (luanr.rigatti@gmail.com)
[debug] [2026-07-25T20:15:55.292Z] [iam] checking project venda-e-faturamento for permissions ["firebase.projects.get","secretmanager.secrets.get"]
[debug] [2026-07-25T20:15:55.293Z] Checked if tokens are valid: true, expires at: 1785013773874
[debug] [2026-07-25T20:15:55.293Z] Checked if tokens are valid: true, expires at: 1785013773874
[debug] [2026-07-25T20:15:55.294Z] >>> [apiv2][query] POST https://cloudresourcemanager.googleapis.com/v1/projects/venda-e-faturamento:testIamPermissions [none]
[debug] [2026-07-25T20:15:55.294Z] >>> [apiv2][(partial)header] POST https://cloudresourcemanager.googleapis.com/v1/projects/venda-e-faturamento:testIamPermissions  x-goog-user-project=venda-e-faturamento
[debug] [2026-07-25T20:15:55.294Z] >>> [apiv2][body] POST https://cloudresourcemanager.googleapis.com/v1/projects/venda-e-faturamento:testIamPermissions {"permissions":["firebase.projects.get","secretmanager.secrets.get"]}
[debug] [2026-07-25T20:15:56.140Z] <<< [apiv2][status] POST https://cloudresourcemanager.googleapis.com/v1/projects/venda-e-faturamento:testIamPermissions 200
[debug] [2026-07-25T20:15:56.140Z] <<< [apiv2][body] POST https://cloudresourcemanager.googleapis.com/v1/projects/venda-e-faturamento:testIamPermissions {"permissions":["firebase.projects.get","secretmanager.secrets.get"]}
[debug] [2026-07-25T20:15:56.140Z] Checked if tokens are valid: true, expires at: 1785013773874
[debug] [2026-07-25T20:15:56.140Z] Checked if tokens are valid: true, expires at: 1785013773874
[debug] [2026-07-25T20:15:56.141Z] >>> [apiv2][query] GET https://secretmanager.googleapis.com/v1/projects/venda-e-faturamento/secrets/GOOGLE_MAPS_SERVER_API_KEY/versions [none]
[debug] [2026-07-25T20:15:56.886Z] <<< [apiv2][status] GET https://secretmanager.googleapis.com/v1/projects/venda-e-faturamento/secrets/GOOGLE_MAPS_SERVER_API_KEY/versions 200
[debug] [2026-07-25T20:15:56.886Z] <<< [apiv2][body] GET https://secretmanager.googleapis.com/v1/projects/venda-e-faturamento/secrets/GOOGLE_MAPS_SERVER_API_KEY/versions {"versions":[{"name":"projects/83092109834/secrets/GOOGLE_MAPS_SERVER_API_KEY/versions/4","createTime":"2026-07-25T20:15:37.882145Z","state":"ENABLED","replicationStatus":{"automatic":{}},"etag":"\"1657752707e221\""},{"name":"projects/83092109834/secrets/GOOGLE_MAPS_SERVER_API_KEY/versions/3","createTime":"2026-07-25T20:09:38.372784Z","state":"ENABLED","replicationStatus":{"automatic":{}},"etag":"\"165775119a34b0\""},{"name":"projects/83092109834/secrets/GOOGLE_MAPS_SERVER_API_KEY/versions/2","createTime":"2026-07-25T19:36:08.757548Z","state":"ENABLED","replicationStatus":{"automatic":{}},"etag":"\"16577499d1e92c\""},{"name":"projects/83092109834/secrets/GOOGLE_MAPS_SERVER_API_KEY/versions/1","createTime":"2026-07-25T19:31:52.200146Z","state":"ENABLED","replicationStatus":{"automatic":{}},"etag":"\"1657748a8727d2\""}],"totalSize":4}
[info] ┌─────────┬─────────┐
│ Version │ State   │
├─────────┼─────────┤
│ 4       │ ENABLED │
├─────────┼─────────┤
│ 3       │ ENABLED │
├─────────┼─────────┤
│ 2       │ ENABLED │
├─────────┼─────────┤
│ 1       │ ENABLED │
└─────────┴─────────┘
[debug] [2026-07-25T20:16:07.827Z] ----------------------------------------------------------------------
[debug] [2026-07-25T20:16:07.828Z] Command:       C:\Program Files\nodejs\node.exe C:\Users\Luan Rigatti\AppData\Roaming\npm\node_modules\firebase-tools\lib\bin\firebase.js deploy --only functions:routeProxy --project venda-e-faturamento
[debug] [2026-07-25T20:16:07.828Z] CLI Version:   15.22.4
[debug] [2026-07-25T20:16:07.828Z] Platform:      win32
[debug] [2026-07-25T20:16:07.828Z] Node Version:  v26.4.0
[debug] [2026-07-25T20:16:07.828Z] Detected Agent: codex_cli
[debug] [2026-07-25T20:16:07.828Z] Time:          Sat Jul 25 2026 17:16:07 GMT-0300 (Horário Padrão de Brasília)
[debug] [2026-07-25T20:16:07.828Z] ----------------------------------------------------------------------
[debug] 
[debug] [2026-07-25T20:16:08.849Z] > command requires scopes: ["email","openid","https://www.googleapis.com/auth/cloudplatformprojects.readonly","https://www.googleapis.com/auth/firebase","https://www.googleapis.com/auth/cloud-platform"]
[debug] [2026-07-25T20:16:08.849Z] > authorizing via signed-in user (luanr.rigatti@gmail.com)
[debug] [2026-07-25T20:16:08.849Z] [iam] checking project venda-e-faturamento for permissions ["cloudfunctions.functions.create","cloudfunctions.functions.delete","cloudfunctions.functions.get","cloudfunctions.functions.list","cloudfunctions.functions.update","cloudfunctions.operations.get","firebase.projects.get"]
[debug] [2026-07-25T20:16:08.850Z] Checked if tokens are valid: true, expires at: 1785013773874
[debug] [2026-07-25T20:16:08.850Z] Checked if tokens are valid: true, expires at: 1785013773874
[debug] [2026-07-25T20:16:08.850Z] >>> [apiv2][query] POST https://cloudresourcemanager.googleapis.com/v1/projects/venda-e-faturamento:testIamPermissions [none]
[debug] [2026-07-25T20:16:08.851Z] >>> [apiv2][(partial)header] POST https://cloudresourcemanager.googleapis.com/v1/projects/venda-e-faturamento:testIamPermissions  x-goog-user-project=venda-e-faturamento
[debug] [2026-07-25T20:16:08.851Z] >>> [apiv2][body] POST https://cloudresourcemanager.googleapis.com/v1/projects/venda-e-faturamento:testIamPermissions {"permissions":["cloudfunctions.functions.create","cloudfunctions.functions.delete","cloudfunctions.functions.get","cloudfunctions.functions.list","cloudfunctions.functions.update","cloudfunctions.operations.get","firebase.projects.get"]}
[debug] [2026-07-25T20:16:09.101Z] <<< [apiv2][status] POST https://cloudresourcemanager.googleapis.com/v1/projects/venda-e-faturamento:testIamPermissions 200
[debug] [2026-07-25T20:16:09.102Z] <<< [apiv2][body] POST https://cloudresourcemanager.googleapis.com/v1/projects/venda-e-faturamento:testIamPermissions {"permissions":["cloudfunctions.functions.create","cloudfunctions.functions.delete","cloudfunctions.functions.get","cloudfunctions.functions.list","cloudfunctions.functions.update","cloudfunctions.operations.get","firebase.projects.get"]}
[debug] [2026-07-25T20:16:09.102Z] Checked if tokens are valid: true, expires at: 1785013773874
[debug] [2026-07-25T20:16:09.102Z] Checked if tokens are valid: true, expires at: 1785013773874
[debug] [2026-07-25T20:16:09.102Z] >>> [apiv2][query] POST https://iam.googleapis.com/v1/projects/venda-e-faturamento/serviceAccounts/venda-e-faturamento@appspot.gserviceaccount.com:testIamPermissions [none]
[debug] [2026-07-25T20:16:09.102Z] >>> [apiv2][body] POST https://iam.googleapis.com/v1/projects/venda-e-faturamento/serviceAccounts/venda-e-faturamento@appspot.gserviceaccount.com:testIamPermissions {"permissions":["iam.serviceAccounts.actAs"]}
[debug] [2026-07-25T20:16:10.065Z] <<< [apiv2][status] POST https://iam.googleapis.com/v1/projects/venda-e-faturamento/serviceAccounts/venda-e-faturamento@appspot.gserviceaccount.com:testIamPermissions 200
[debug] [2026-07-25T20:16:10.065Z] <<< [apiv2][body] POST https://iam.googleapis.com/v1/projects/venda-e-faturamento/serviceAccounts/venda-e-faturamento@appspot.gserviceaccount.com:testIamPermissions {"permissions":["iam.serviceAccounts.actAs"]}
[info] 
[info] === Deploying to 'venda-e-faturamento'...
[info] 
[info] i  deploying functions 
[debug] [2026-07-25T20:16:10.067Z] Checked if tokens are valid: true, expires at: 1785013773874
[debug] [2026-07-25T20:16:10.067Z] Checked if tokens are valid: true, expires at: 1785013773874
[debug] [2026-07-25T20:16:10.067Z] >>> [apiv2][query] GET https://cloudresourcemanager.googleapis.com/v1/projects/venda-e-faturamento [none]
[debug] [2026-07-25T20:16:10.247Z] <<< [apiv2][status] GET https://cloudresourcemanager.googleapis.com/v1/projects/venda-e-faturamento 200
[debug] [2026-07-25T20:16:10.248Z] <<< [apiv2][body] GET https://cloudresourcemanager.googleapis.com/v1/projects/venda-e-faturamento {"projectNumber":"83092109834","projectId":"venda-e-faturamento","lifecycleState":"ACTIVE","name":"Venda e Faturamento","labels":{"firebase":"enabled","firebase-core":"disabled"},"createTime":"2026-05-22T11:33:38.894Z"}
[info] i  functions: preparing codebase default for deployment 
[info] i  functions: ensuring required API cloudfunctions.googleapis.com is enabled... 
[info] i  functions: ensuring required API cloudbuild.googleapis.com is enabled... 
[info] i  artifactregistry: ensuring required API artifactregistry.googleapis.com is enabled... 
[debug] [2026-07-25T20:16:10.250Z] Checked if tokens are valid: true, expires at: 1785013773874
[debug] [2026-07-25T20:16:10.250Z] Checked if tokens are valid: true, expires at: 1785013773874
[debug] [2026-07-25T20:16:10.250Z] >>> [apiv2][query] GET https://firebase.googleapis.com/v1beta1/projects/venda-e-faturamento/adminSdkConfig [none]
[debug] [2026-07-25T20:16:10.669Z] <<< [apiv2][status] GET https://firebase.googleapis.com/v1beta1/projects/venda-e-faturamento/adminSdkConfig 200
[debug] [2026-07-25T20:16:10.670Z] <<< [apiv2][body] GET https://firebase.googleapis.com/v1beta1/projects/venda-e-faturamento/adminSdkConfig {"projectId":"venda-e-faturamento","databaseURL":"https://venda-e-faturamento-default-rtdb.firebaseio.com","storageBucket":"venda-e-faturamento.firebasestorage.app"}
[debug] [2026-07-25T20:16:10.670Z] Checked if tokens are valid: true, expires at: 1785013773874
[debug] [2026-07-25T20:16:10.670Z] Checked if tokens are valid: true, expires at: 1785013773874
[debug] [2026-07-25T20:16:10.670Z] >>> [apiv2][query] GET https://runtimeconfig.googleapis.com/v1beta1/projects/venda-e-faturamento/configs [none]
[debug] [2026-07-25T20:16:11.147Z] <<< [apiv2][status] GET https://runtimeconfig.googleapis.com/v1beta1/projects/venda-e-faturamento/configs 200
[debug] [2026-07-25T20:16:11.147Z] <<< [apiv2][body] GET https://runtimeconfig.googleapis.com/v1beta1/projects/venda-e-faturamento/configs {}
[debug] [2026-07-25T20:16:11.148Z] Validating nodejs source
[warn] !  functions: Runtime Node.js 20 was deprecated on 2026-04-30 and will be decommissioned on 2026-10-30, after which you will not be able to deploy without upgrading. Consider upgrading now to avoid disruption. See https://cloud.google.com/functions/docs/runtime-support for full details on the lifecycle policy 
[warn] !  functions: package.json indicates an outdated version of firebase-functions. Please upgrade using npm install --save firebase-functions@latest in your functions directory. 
[warn] !  functions: Please note that there will be breaking changes when you upgrade. 
[debug] [2026-07-25T20:16:11.733Z] > [functions] package.json contents: {
  "name": "pareact-functions",
  "private": true,
  "main": "index.js",
  "engines": {
    "node": "20"
  },
  "scripts": {
    "serve": "firebase emulators:start --only functions,database",
    "deploy": "firebase deploy --only functions",
    "logs": "firebase functions:log",
    "test:route-proxy": "node --test routeProxy.test.js"
  },
  "dependencies": {
    "firebase-admin": "^12.1.0",
    "firebase-functions": "^5.0.0"
  }
}
[debug] [2026-07-25T20:16:11.733Z] Building nodejs source
[info] i  functions: Loading and analyzing source code for codebase default to determine what to deploy 
[debug] [2026-07-25T20:16:11.734Z] Could not find functions.yaml. Must use http discovery
[debug] [2026-07-25T20:16:11.747Z] Found firebase-functions binary at 'C:\Projetos\PAReact\functions\node_modules\.bin\firebase-functions'
[info] Serving at port 8210

[debug] [2026-07-25T20:16:12.043Z] Got response from /__/functions.yaml {"endpoints":{"routeProxy":{"availableMemoryMb":null,"timeoutSeconds":30,"minInstances":null,"maxInstances":null,"ingressSettings":null,"concurrency":null,"serviceAccountEmail":null,"vpc":null,"platform":"gcfv2","region":["us-central1"],"secretEnvironmentVariables":[{"key":"GOOGLE_MAPS_SERVER_API_KEY"}],"labels":{},"httpsTrigger":{},"entryPoint":"routeProxy"},"notificarNovaEntrega":{"availableMemoryMb":null,"timeoutSeconds":null,"minInstances":null,"maxInstances":null,"ingressSettings":null,"concurrency":null,"serviceAccountEmail":null,"vpc":null,"platform":"gcfv2","labels":{},"eventTrigger":{"eventType":"google.firebase.database.ref.v1.written","eventFilters":{},"eventFilterPathPatterns":{"ref":"usuarios/{usuarioId}/entregas","instance":"*"},"retry":false},"entryPoint":"notificarNovaEntrega"},"testarPush":{"availableMemoryMb":null,"timeoutSeconds":null,"minInstances":null,"maxInstances":null,"ingressSettings":null,"concurrency":null,"serviceAccountEmail":null,"vpc":null,"platform":"gcfv2","labels":{},"httpsTrigger":{},"entryPoint":"testarPush"},"lembreteCobranca":{"availableMemoryMb":null,"timeoutSeconds":null,"minInstances":null,"maxInstances":null,"ingressSettings":null,"concurrency":null,"serviceAccountEmail":null,"vpc":null,"platform":"gcfv2","labels":{},"scheduleTrigger":{"schedule":"0 15 * * 1-5","retryConfig":{},"timeZone":"America/Sao_Paulo"},"entryPoint":"lembreteCobranca"},"testarLembreteCobranca":{"availableMemoryMb":null,"timeoutSeconds":null,"minInstances":null,"maxInstances":null,"ingressSettings":null,"concurrency":null,"serviceAccountEmail":null,"vpc":null,"platform":"gcfv2","labels":{},"httpsTrigger":{},"entryPoint":"testarLembreteCobranca"}},"specVersion":"v1alpha1","requiredAPIs":[{"api":"cloudscheduler.googleapis.com","reason":"Needed for scheduled functions."}],"extensions":{},"params":[{"type":"secret","name":"GOOGLE_MAPS_SERVER_API_KEY"}]}
[debug] [2026-07-25T20:16:16.072Z] Checked if tokens are valid: true, expires at: 1785013773874
[debug] [2026-07-25T20:16:16.072Z] Checked if tokens are valid: true, expires at: 1785013773874
[debug] [2026-07-25T20:16:16.072Z] >>> [apiv2][query] GET https://cloudfunctions.googleapis.com/v1/projects/venda-e-faturamento/locations/-/functions [none]
[debug] [2026-07-25T20:16:17.064Z] <<< [apiv2][status] GET https://cloudfunctions.googleapis.com/v1/projects/venda-e-faturamento/locations/-/functions 200
[debug] [2026-07-25T20:16:17.064Z] <<< [apiv2][body] GET https://cloudfunctions.googleapis.com/v1/projects/venda-e-faturamento/locations/-/functions {}
[debug] [2026-07-25T20:16:17.064Z] Checked if tokens are valid: true, expires at: 1785013773874
[debug] [2026-07-25T20:16:17.064Z] Checked if tokens are valid: true, expires at: 1785013773874
[debug] [2026-07-25T20:16:17.064Z] >>> [apiv2][query] GET https://cloudfunctions.googleapis.com/v2/projects/venda-e-faturamento/locations/-/functions filter=environment%3D%22GEN_2%22
[debug] [2026-07-25T20:16:18.435Z] <<< [apiv2][status] GET https://cloudfunctions.googleapis.com/v2/projects/venda-e-faturamento/locations/-/functions 200
[debug] [2026-07-25T20:16:18.435Z] <<< [apiv2][body] GET https://cloudfunctions.googleapis.com/v2/projects/venda-e-faturamento/locations/-/functions {"functions":[{"name":"projects/venda-e-faturamento/locations/us-central1/functions/routeProxy","buildConfig":{"build":"projects/83092109834/locations/us-central1/builds/d767efe1-1246-4e04-bdc0-5ed506c197fe","runtime":"nodejs20","entryPoint":"routeProxy","source":{"storageSource":{"bucket":"gcf-v2-sources-83092109834-us-central1","object":"routeProxy/function-source.zip","generation":"1785010230689401"}},"environmentVariables":{"GOOGLE_NODE_RUN_SCRIPTS":""},"dockerRepository":"projects/venda-e-faturamento/locations/us-central1/repositories/gcf-artifacts","sourceProvenance":{"resolvedStorageSource":{"bucket":"gcf-v2-sources-83092109834-us-central1","object":"routeProxy/function-source.zip","generation":"1785010230689401"}},"dockerRegistry":"ARTIFACT_REGISTRY","serviceAccount":"projects/venda-e-faturamento/serviceAccounts/83092109834-compute@developer.gserviceaccount.com","automaticUpdatePolicy":{}},"serviceConfig":{"service":"projects/venda-e-faturamento/locations/us-central1/services/routeproxy","timeoutSeconds":30,"environmentVariables":{"FIREBASE_CONFIG":"{\"projectId\":\"venda-e-faturamento\",\"databaseURL\":\"https://venda-e-faturamento-default-rtdb.firebaseio.com\",\"storageBucket\":\"venda-e-faturamento.firebasestorage.app\"}","GCLOUD_PROJECT":"venda-e-faturamento","EVENTARC_CLOUD_EVENT_SOURCE":"projects/venda-e-faturamento/locations/us-central1/services/routeProxy","FUNCTION_TARGET":"routeProxy","LOG_EXECUTION_ID":"true"},"maxInstanceCount":20,"ingressSettings":"ALLOW_ALL","uri":"https://routeproxy-x5dckzzjra-uc.a.run.app","serviceAccountEmail":"83092109834-compute@developer.gserviceaccount.com","availableMemory":"256Mi","allTrafficOnLatestRevision":true,"secretEnvironmentVariables":[{"key":"GOOGLE_MAPS_SERVER_API_KEY","projectId":"venda-e-faturamento","secret":"GOOGLE_MAPS_SERVER_API_KEY","version":"3"}],"revision":"routeproxy-00002-dip","maxInstanceRequestConcurrency":80,"availableCpu":"1"},"state":"ACTIVE","updateTime":"2026-07-25T20:11:40.968708657Z","labels":{"deployment-tool":"cli-firebase","firebase-functions-hash":"9f9c97e64747198eefda594f792362aa98ca8624"},"environment":"GEN_2","url":"https://us-central1-venda-e-faturamento.cloudfunctions.net/routeProxy","createTime":"2026-07-25T19:37:45.664331491Z","satisfiesPzi":true},{"name":"projects/venda-e-faturamento/locations/us-central1/functions/testarPush","buildConfig":{"build":"projects/83092109834/locations/us-central1/builds/38bc95cd-0f1a-4856-bb29-25eb09ae3533","runtime":"nodejs20","entryPoint":"testarPush","source":{"storageSource":{"bucket":"gcf-v2-sources-83092109834-us-central1","object":"testarPush/function-source.zip","generation":"1783902392061720"}},"environmentVariables":{"GOOGLE_NODE_RUN_SCRIPTS":""},"dockerRepository":"projects/venda-e-faturamento/locations/us-central1/repositories/gcf-artifacts","sourceProvenance":{"resolvedStorageSource":{"bucket":"gcf-v2-sources-83092109834-us-central1","object":"testarPush/function-source.zip","generation":"1783902392061720"}},"dockerRegistry":"ARTIFACT_REGISTRY","serviceAccount":"projects/venda-e-faturamento/serviceAccounts/83092109834-compute@developer.gserviceaccount.com","automaticUpdatePolicy":{}},"serviceConfig":{"service":"projects/venda-e-faturamento/locations/us-central1/services/testarpush","timeoutSeconds":60,"environmentVariables":{"FIREBASE_CONFIG":"{\"projectId\":\"venda-e-faturamento\",\"databaseURL\":\"https://venda-e-faturamento-default-rtdb.firebaseio.com\",\"storageBucket\":\"venda-e-faturamento.firebasestorage.app\"}","GCLOUD_PROJECT":"venda-e-faturamento","EVENTARC_CLOUD_EVENT_SOURCE":"projects/venda-e-faturamento/locations/us-central1/services/testarPush","FUNCTION_TARGET":"testarPush","LOG_EXECUTION_ID":"true","FUNCTION_SIGNATURE_TYPE":"http"},"maxInstanceCount":20,"ingressSettings":"ALLOW_ALL","uri":"https://testarpush-x5dckzzjra-uc.a.run.app","serviceAccountEmail":"83092109834-compute@developer.gserviceaccount.com","availableMemory":"256Mi","allTrafficOnLatestRevision":true,"revision":"testarpush-00002-haw","maxInstanceRequestConcurrency":80,"availableCpu":"1"},"state":"ACTIVE","updateTime":"2026-07-13T00:26:38.914040705Z","labels":{"deployment-tool":"cli-firebase","firebase-functions-hash":"fbd9bb43f35cd408b425fd73c3e5040aaf388b58"},"environment":"GEN_2","url":"https://us-central1-venda-e-faturamento.cloudfunctions.net/testarPush","createTime":"2026-07-12T23:51:27.669498104Z","satisfiesPzi":true},{"name":"projects/venda-e-faturamento/locations/us-central1/functions/lembreteCobranca","buildConfig":{"build":"projects/83092109834/locations/us-central1/builds/38bc95cd-0f1a-4856-bb29-25eb09ae3533","runtime":"nodejs20","entryPoint":"lembreteCobranca","source":{"storageSource":{"bucket":"gcf-v2-sources-83092109834-us-central1","object":"lembreteCobranca/function-source.zip","generation":"1783902336318140"}},"environmentVariables":{"GOOGLE_NODE_RUN_SCRIPTS":""},"dockerRepository":"projects/venda-e-faturamento/locations/us-central1/repositories/gcf-artifacts","sourceProvenance":{"resolvedStorageSource":{"bucket":"gcf-v2-sources-83092109834-us-central1","object":"lembreteCobranca/function-source.zip","generation":"1783902336318140"}},"dockerRegistry":"ARTIFACT_REGISTRY","serviceAccount":"projects/venda-e-faturamento/serviceAccounts/83092109834-compute@developer.gserviceaccount.com","automaticUpdatePolicy":{}},"serviceConfig":{"service":"projects/venda-e-faturamento/locations/us-central1/services/lembretecobranca","timeoutSeconds":60,"environmentVariables":{"FIREBASE_CONFIG":"{\"projectId\":\"venda-e-faturamento\",\"databaseURL\":\"https://venda-e-faturamento-default-rtdb.firebaseio.com\",\"storageBucket\":\"venda-e-faturamento.firebasestorage.app\"}","GCLOUD_PROJECT":"venda-e-faturamento","EVENTARC_CLOUD_EVENT_SOURCE":"projects/venda-e-faturamento/locations/us-central1/services/lembreteCobranca","FUNCTION_TARGET":"lembreteCobranca","LOG_EXECUTION_ID":"true"},"ingressSettings":"ALLOW_ALL","uri":"https://lembretecobranca-x5dckzzjra-uc.a.run.app","serviceAccountEmail":"83092109834-compute@developer.gserviceaccount.com","availableMemory":"256Mi","allTrafficOnLatestRevision":true,"revision":"lembretecobranca-00001-led","maxInstanceRequestConcurrency":80,"availableCpu":"1"},"state":"ACTIVE","updateTime":"2026-07-13T00:26:28.667386030Z","labels":{"deployment-scheduled":"true","firebase-functions-hash":"fbd9bb43f35cd408b425fd73c3e5040aaf388b58","deployment-tool":"cli-firebase"},"environment":"GEN_2","url":"https://us-central1-venda-e-faturamento.cloudfunctions.net/lembreteCobranca","createTime":"2026-07-13T00:25:36.586397097Z","satisfiesPzi":true},{"name":"projects/venda-e-faturamento/locations/us-central1/functions/notificarNovaEntrega","buildConfig":{"build":"projects/83092109834/locations/us-central1/builds/38bc95cd-0f1a-4856-bb29-25eb09ae3533","runtime":"nodejs20","entryPoint":"notificarNovaEntrega","source":{"storageSource":{"bucket":"gcf-v2-sources-83092109834-us-central1","object":"notificarNovaEntrega/function-source.zip","generation":"1783902392159965"}},"environmentVariables":{"GOOGLE_NODE_RUN_SCRIPTS":""},"dockerRepository":"projects/venda-e-faturamento/locations/us-central1/repositories/gcf-artifacts","sourceProvenance":{"resolvedStorageSource":{"bucket":"gcf-v2-sources-83092109834-us-central1","object":"notificarNovaEntrega/function-source.zip","generation":"1783902392159965"}},"dockerRegistry":"ARTIFACT_REGISTRY","serviceAccount":"projects/venda-e-faturamento/serviceAccounts/83092109834-compute@developer.gserviceaccount.com","automaticUpdatePolicy":{}},"serviceConfig":{"service":"projects/venda-e-faturamento/locations/us-central1/services/notificarnovaentrega","timeoutSeconds":60,"environmentVariables":{"FIREBASE_CONFIG":"{\"projectId\":\"venda-e-faturamento\",\"databaseURL\":\"https://venda-e-faturamento-default-rtdb.firebaseio.com\",\"storageBucket\":\"venda-e-faturamento.firebasestorage.app\"}","GCLOUD_PROJECT":"venda-e-faturamento","EVENTARC_CLOUD_EVENT_SOURCE":"projects/venda-e-faturamento/locations/us-central1/services/notificarNovaEntrega","FUNCTION_SIGNATURE_TYPE":"cloudevent","FUNCTION_TARGET":"notificarNovaEntrega","LOG_EXECUTION_ID":"true"},"maxInstanceCount":20,"ingressSettings":"ALLOW_ALL","uri":"https://notificarnovaentrega-x5dckzzjra-uc.a.run.app","serviceAccountEmail":"83092109834-compute@developer.gserviceaccount.com","availableMemory":"256Mi","allTrafficOnLatestRevision":true,"revision":"notificarnovaentrega-00002-lag","maxInstanceRequestConcurrency":80,"availableCpu":"1"},"eventTrigger":{"trigger":"projects/venda-e-faturamento/locations/us-central1/triggers/notificarnovaentrega-921497","triggerRegion":"us-central1","eventType":"google.firebase.database.ref.v1.created","eventFilters":[{"attribute":"instance","value":"*","operator":"match-path-pattern"},{"attribute":"ref","value":"usuarios/{usuarioId}/entregas/{entregaId}","operator":"match-path-pattern"}],"pubsubTopic":"projects/venda-e-faturamento/topics/eventarc-us-central1-notificarnovaentrega-921497-105","serviceAccountEmail":"83092109834-compute@developer.gserviceaccount.com","retryPolicy":"RETRY_POLICY_DO_NOT_RETRY"},"state":"ACTIVE","updateTime":"2026-07-13T00:26:39.530518999Z","labels":{"deployment-tool":"cli-firebase","firebase-functions-hash":"fbd9bb43f35cd408b425fd73c3e5040aaf388b58"},"environment":"GEN_2","url":"https://us-central1-venda-e-faturamento.cloudfunctions.net/notificarNovaEntrega","createTime":"2026-07-12T23:53:16.558517563Z","satisfiesPzi":true},{"name":"projects/venda-e-faturamento/locations/us-central1/functions/testarLembreteCobranca","buildConfig":{"build":"projects/83092109834/locations/us-central1/builds/38bc95cd-0f1a-4856-bb29-25eb09ae3533","runtime":"nodejs20","entryPoint":"testarLembreteCobranca","source":{"storageSource":{"bucket":"gcf-v2-sources-83092109834-us-central1","object":"testarLembreteCobranca/function-source.zip","generation":"1783902391643165"}},"environmentVariables":{"GOOGLE_NODE_RUN_SCRIPTS":""},"dockerRepository":"projects/venda-e-faturamento/locations/us-central1/repositories/gcf-artifacts","sourceProvenance":{"resolvedStorageSource":{"bucket":"gcf-v2-sources-83092109834-us-central1","object":"testarLembreteCobranca/function-source.zip","generation":"1783902391643165"}},"dockerRegistry":"ARTIFACT_REGISTRY","serviceAccount":"projects/venda-e-faturamento/serviceAccounts/83092109834-compute@developer.gserviceaccount.com","automaticUpdatePolicy":{}},"serviceConfig":{"service":"projects/venda-e-faturamento/locations/us-central1/services/testarlembretecobranca","timeoutSeconds":60,"environmentVariables":{"FIREBASE_CONFIG":"{\"projectId\":\"venda-e-faturamento\",\"databaseURL\":\"https://venda-e-faturamento-default-rtdb.firebaseio.com\",\"storageBucket\":\"venda-e-faturamento.firebasestorage.app\"}","GCLOUD_PROJECT":"venda-e-faturamento","EVENTARC_CLOUD_EVENT_SOURCE":"projects/venda-e-faturamento/locations/us-central1/services/testarLembreteCobranca","FUNCTION_TARGET":"testarLembreteCobranca","LOG_EXECUTION_ID":"true","FUNCTION_SIGNATURE_TYPE":"http"},"ingressSettings":"ALLOW_ALL","uri":"https://testarlembretecobranca-x5dckzzjra-uc.a.run.app","serviceAccountEmail":"83092109834-compute@developer.gserviceaccount.com","availableMemory":"256Mi","allTrafficOnLatestRevision":true,"revision":"testarlembretecobranca-00001-zam","maxInstanceRequestConcurrency":80,"availableCpu":"1"},"state":"ACTIVE","updateTime":"2026-07-13T00:26:38.883531958Z","labels":{"deployment-tool":"cli-firebase","firebase-functions-hash":"fbd9bb43f35cd408b425fd73c3e5040aaf388b58"},"environment":"GEN_2","url":"https://us-central1-venda-e-faturamento.cloudfunctions.net/testarLembreteCobranca","createTime":"2026-07-13T00:26:31.870502494Z","satisfiesPzi":true}]}
[info] i  extensions: ensuring required API firebaseextensions.googleapis.com is enabled... 
[debug] [2026-07-25T20:16:18.437Z] > command requires scopes: ["email","openid","https://www.googleapis.com/auth/cloudplatformprojects.readonly","https://www.googleapis.com/auth/firebase","https://www.googleapis.com/auth/cloud-platform"]
[debug] [2026-07-25T20:16:18.438Z] > authorizing via signed-in user (luanr.rigatti@gmail.com)
[debug] [2026-07-25T20:16:18.438Z] [iam] checking project venda-e-faturamento for permissions ["firebase.projects.get","firebaseextensions.instances.list"]
[debug] [2026-07-25T20:16:18.438Z] Checked if tokens are valid: true, expires at: 1785013773874
[debug] [2026-07-25T20:16:18.438Z] Checked if tokens are valid: true, expires at: 1785013773874
[debug] [2026-07-25T20:16:18.438Z] >>> [apiv2][query] POST https://cloudresourcemanager.googleapis.com/v1/projects/venda-e-faturamento:testIamPermissions [none]
[debug] [2026-07-25T20:16:18.438Z] >>> [apiv2][(partial)header] POST https://cloudresourcemanager.googleapis.com/v1/projects/venda-e-faturamento:testIamPermissions  x-goog-user-project=venda-e-faturamento
[debug] [2026-07-25T20:16:18.438Z] >>> [apiv2][body] POST https://cloudresourcemanager.googleapis.com/v1/projects/venda-e-faturamento:testIamPermissions {"permissions":["firebase.projects.get","firebaseextensions.instances.list"]}
[debug] [2026-07-25T20:16:19.275Z] <<< [apiv2][status] POST https://cloudresourcemanager.googleapis.com/v1/projects/venda-e-faturamento:testIamPermissions 200
[debug] [2026-07-25T20:16:19.276Z] <<< [apiv2][body] POST https://cloudresourcemanager.googleapis.com/v1/projects/venda-e-faturamento:testIamPermissions {"permissions":["firebase.projects.get","firebaseextensions.instances.list"]}
[debug] [2026-07-25T20:16:19.276Z] Checked if tokens are valid: true, expires at: 1785013773874
[debug] [2026-07-25T20:16:19.276Z] Checked if tokens are valid: true, expires at: 1785013773874
[debug] [2026-07-25T20:16:19.276Z] >>> [apiv2][query] GET https://firebaseextensions.googleapis.com/v1beta/projects/venda-e-faturamento/instances pageSize=100&pageToken=
[debug] [2026-07-25T20:16:20.430Z] <<< [apiv2][status] GET https://firebaseextensions.googleapis.com/v1beta/projects/venda-e-faturamento/instances 200
[debug] [2026-07-25T20:16:20.431Z] <<< [apiv2][body] GET https://firebaseextensions.googleapis.com/v1beta/projects/venda-e-faturamento/instances {}
[debug] [2026-07-25T20:16:20.432Z] Checked if tokens are valid: true, expires at: 1785013773874
[debug] [2026-07-25T20:16:20.432Z] Checked if tokens are valid: true, expires at: 1785013773874
[debug] [2026-07-25T20:16:20.432Z] >>> [apiv2][query] GET https://secretmanager.googleapis.com/v1/projects/venda-e-faturamento/secrets/GOOGLE_MAPS_SERVER_API_KEY [none]
[debug] [2026-07-25T20:16:20.743Z] <<< [apiv2][status] GET https://secretmanager.googleapis.com/v1/projects/venda-e-faturamento/secrets/GOOGLE_MAPS_SERVER_API_KEY 200
[debug] [2026-07-25T20:16:20.743Z] <<< [apiv2][body] GET https://secretmanager.googleapis.com/v1/projects/venda-e-faturamento/secrets/GOOGLE_MAPS_SERVER_API_KEY {"name":"projects/83092109834/secrets/GOOGLE_MAPS_SERVER_API_KEY","replication":{"automatic":{}},"createTime":"2026-07-25T19:24:44.748636Z","labels":{"firebase-managed":"functions"},"etag":"\"165774711e26c0\""}
[debug] [2026-07-25T20:16:20.743Z] Checked if tokens are valid: true, expires at: 1785013773874
[debug] [2026-07-25T20:16:20.743Z] Checked if tokens are valid: true, expires at: 1785013773874
[debug] [2026-07-25T20:16:20.744Z] >>> [apiv2][query] GET https://secretmanager.googleapis.com/v1/projects/venda-e-faturamento/secrets/GOOGLE_MAPS_SERVER_API_KEY/versions/latest [none]
[debug] [2026-07-25T20:16:21.009Z] <<< [apiv2][status] GET https://secretmanager.googleapis.com/v1/projects/venda-e-faturamento/secrets/GOOGLE_MAPS_SERVER_API_KEY/versions/latest 200
[debug] [2026-07-25T20:16:21.010Z] <<< [apiv2][body] GET https://secretmanager.googleapis.com/v1/projects/venda-e-faturamento/secrets/GOOGLE_MAPS_SERVER_API_KEY/versions/latest {"name":"projects/83092109834/secrets/GOOGLE_MAPS_SERVER_API_KEY/versions/4","createTime":"2026-07-25T20:15:37.882145Z","state":"ENABLED","replicationStatus":{"automatic":{}},"etag":"\"1657752707e221\""}
[info] i  functions: preparing functions directory for uploading... 
[info] i  functions: packaged C:\Projetos\PAReact\functions (38.08 KB) for uploading 
[info] i  functions: ensuring required API cloudscheduler.googleapis.com is enabled... 
[info] i  functions: ensuring required API run.googleapis.com is enabled... 
[info] i  functions: ensuring required API eventarc.googleapis.com is enabled... 
[info] i  functions: ensuring required API pubsub.googleapis.com is enabled... 
[info] i  functions: ensuring required API storage.googleapis.com is enabled... 
[info] i  functions: generating the service identity for pubsub.googleapis.com... 
[debug] [2026-07-25T20:16:21.044Z] Checked if tokens are valid: true, expires at: 1785013773874
[debug] [2026-07-25T20:16:21.044Z] Checked if tokens are valid: true, expires at: 1785013773874
[info] i  functions: generating the service identity for eventarc.googleapis.com... 
[debug] [2026-07-25T20:16:21.045Z] Checked if tokens are valid: true, expires at: 1785013773874
[debug] [2026-07-25T20:16:21.045Z] Checked if tokens are valid: true, expires at: 1785013773874
[debug] [2026-07-25T20:16:21.045Z] >>> [apiv2][query] POST https://serviceusage.googleapis.com/v1beta1/projects/83092109834/services/pubsub.googleapis.com:generateServiceIdentity [none]
[debug] [2026-07-25T20:16:21.045Z] >>> [apiv2][(partial)header] POST https://serviceusage.googleapis.com/v1beta1/projects/83092109834/services/pubsub.googleapis.com:generateServiceIdentity  x-goog-user-project=83092109834
[debug] [2026-07-25T20:16:21.045Z] >>> [apiv2][body] POST https://serviceusage.googleapis.com/v1beta1/projects/83092109834/services/pubsub.googleapis.com:generateServiceIdentity {}
[debug] [2026-07-25T20:16:21.046Z] >>> [apiv2][query] POST https://serviceusage.googleapis.com/v1beta1/projects/83092109834/services/eventarc.googleapis.com:generateServiceIdentity [none]
[debug] [2026-07-25T20:16:21.046Z] >>> [apiv2][(partial)header] POST https://serviceusage.googleapis.com/v1beta1/projects/83092109834/services/eventarc.googleapis.com:generateServiceIdentity  x-goog-user-project=83092109834
[debug] [2026-07-25T20:16:21.046Z] >>> [apiv2][body] POST https://serviceusage.googleapis.com/v1beta1/projects/83092109834/services/eventarc.googleapis.com:generateServiceIdentity {}
[debug] [2026-07-25T20:16:22.189Z] <<< [apiv2][status] POST https://serviceusage.googleapis.com/v1beta1/projects/83092109834/services/eventarc.googleapis.com:generateServiceIdentity 200
[debug] [2026-07-25T20:16:22.189Z] <<< [apiv2][body] POST https://serviceusage.googleapis.com/v1beta1/projects/83092109834/services/eventarc.googleapis.com:generateServiceIdentity {"name":"operations/finished.DONE_OPERATION","done":true,"response":{"@type":"type.googleapis.com/google.api.serviceusage.v1beta1.ServiceIdentity","email":"service-83092109834@gcp-sa-eventarc.iam.gserviceaccount.com","uniqueId":"103916931114758076959"}}
[debug] [2026-07-25T20:16:22.260Z] <<< [apiv2][status] POST https://serviceusage.googleapis.com/v1beta1/projects/83092109834/services/pubsub.googleapis.com:generateServiceIdentity 200
[debug] [2026-07-25T20:16:22.260Z] <<< [apiv2][body] POST https://serviceusage.googleapis.com/v1beta1/projects/83092109834/services/pubsub.googleapis.com:generateServiceIdentity {"name":"operations/finished.DONE_OPERATION","done":true,"response":{"@type":"type.googleapis.com/google.api.serviceusage.v1beta1.ServiceIdentity","email":"service-83092109834@gcp-sa-pubsub.iam.gserviceaccount.com","uniqueId":"104097215638224079173"}}
[info] i  functions: ensuring required API secretmanager.googleapis.com is enabled... 
[debug] [2026-07-25T20:16:22.262Z] Checked if tokens are valid: true, expires at: 1785013773874
[debug] [2026-07-25T20:16:22.262Z] Checked if tokens are valid: true, expires at: 1785013773874
[debug] [2026-07-25T20:16:22.262Z] >>> [apiv2][query] GET https://secretmanager.googleapis.com/v1/projects/venda-e-faturamento/secrets/GOOGLE_MAPS_SERVER_API_KEY/versions/latest [none]
[debug] [2026-07-25T20:16:22.514Z] <<< [apiv2][status] GET https://secretmanager.googleapis.com/v1/projects/venda-e-faturamento/secrets/GOOGLE_MAPS_SERVER_API_KEY/versions/latest 200
[debug] [2026-07-25T20:16:22.514Z] <<< [apiv2][body] GET https://secretmanager.googleapis.com/v1/projects/venda-e-faturamento/secrets/GOOGLE_MAPS_SERVER_API_KEY/versions/latest {"name":"projects/83092109834/secrets/GOOGLE_MAPS_SERVER_API_KEY/versions/4","createTime":"2026-07-25T20:15:37.882145Z","state":"ENABLED","replicationStatus":{"automatic":{}},"etag":"\"1657752707e221\""}
[debug] [2026-07-25T20:16:22.514Z] Resolved secret version of GOOGLE_MAPS_SERVER_API_KEY to 4.
[debug] [2026-07-25T20:16:22.515Z] Checked if tokens are valid: true, expires at: 1785013773874
[debug] [2026-07-25T20:16:22.515Z] Checked if tokens are valid: true, expires at: 1785013773874
[debug] [2026-07-25T20:16:22.516Z] >>> [apiv2][query] GET https://cloudresourcemanager.googleapis.com/v1/projects/venda-e-faturamento [none]
[debug] [2026-07-25T20:16:22.718Z] <<< [apiv2][status] GET https://cloudresourcemanager.googleapis.com/v1/projects/venda-e-faturamento 200
[debug] [2026-07-25T20:16:22.718Z] <<< [apiv2][body] GET https://cloudresourcemanager.googleapis.com/v1/projects/venda-e-faturamento {"projectNumber":"83092109834","projectId":"venda-e-faturamento","lifecycleState":"ACTIVE","name":"Venda e Faturamento","labels":{"firebase":"enabled","firebase-core":"disabled"},"createTime":"2026-05-22T11:33:38.894Z"}
[debug] [2026-07-25T20:16:22.718Z] Checked if tokens are valid: true, expires at: 1785013773874
[debug] [2026-07-25T20:16:22.718Z] Checked if tokens are valid: true, expires at: 1785013773874
[debug] [2026-07-25T20:16:22.718Z] >>> [apiv2][query] GET https://compute.googleapis.com/compute/v1/projects/83092109834 [none]
[debug] [2026-07-25T20:16:23.211Z] <<< [apiv2][status] GET https://compute.googleapis.com/compute/v1/projects/83092109834 403
[debug] [2026-07-25T20:16:23.211Z] <<< [apiv2][body] GET https://compute.googleapis.com/compute/v1/projects/83092109834 {"error":{"code":403,"message":"Compute Engine API has not been used in project 83092109834 before or it is disabled. Enable it by visiting https://console.developers.google.com/apis/api/compute.googleapis.com/overview?project=83092109834 then retry. If you enabled this API recently, wait a few minutes for the action to propagate to our systems and retry.","errors":[{"message":"Compute Engine API has not been used in project 83092109834 before or it is disabled. Enable it by visiting https://console.developers.google.com/apis/api/compute.googleapis.com/overview?project=83092109834 then retry. If you enabled this API recently, wait a few minutes for the action to propagate to our systems and retry.","domain":"usageLimits","reason":"accessNotConfigured","extendedHelp":"https://console.developers.google.com"}],"status":"PERMISSION_DENIED","details":[{"@type":"type.googleapis.com/google.rpc.ErrorInfo","reason":"SERVICE_DISABLED","domain":"googleapis.com","metadata":{"containerInfo":"83092109834","service":"compute.googleapis.com","consumer":"projects/83092109834","serviceTitle":"Compute Engine API","activationUrl":"https://console.developers.google.com/apis/api/compute.googleapis.com/overview?project=83092109834"}},{"@type":"type.googleapis.com/google.rpc.LocalizedMessage","locale":"en-US","message":"Compute Engine API has not been used in project 83092109834 before or it is disabled. Enable it by visiting https://console.developers.google.com/apis/api/compute.googleapis.com/overview?project=83092109834 then retry. If you enabled this API recently, wait a few minutes for the action to propagate to our systems and retry."},{"@type":"type.googleapis.com/google.rpc.Help","links":[{"description":"Google developers console API activation","url":"https://console.developers.google.com/apis/api/compute.googleapis.com/overview?project=83092109834"}]}]}}
[debug] [2026-07-25T20:16:23.212Z] unable to look up default compute service account. Falling back to 83092109834-compute@developer.gserviceaccount.com. Error: {"name":"FirebaseError","children":[],"context":{"body":{"error":{"code":403,"message":"Compute Engine API has not been used in project 83092109834 before or it is disabled. Enable it by visiting https://console.developers.google.com/apis/api/compute.googleapis.com/overview?project=83092109834 then retry. If you enabled this API recently, wait a few minutes for the action to propagate to our systems and retry.","errors":[{"message":"Compute Engine API has not been used in project 83092109834 before or it is disabled. Enable it by visiting https://console.developers.google.com/apis/api/compute.googleapis.com/overview?project=83092109834 then retry. If you enabled this API recently, wait a few minutes for the action to propagate to our systems and retry.","domain":"usageLimits","reason":"accessNotConfigured","extendedHelp":"https://console.developers.google.com"}],"status":"PERMISSION_DENIED","details":[{"@type":"type.googleapis.com/google.rpc.ErrorInfo","reason":"SERVICE_DISABLED","domain":"googleapis.com","metadata":{"containerInfo":"83092109834","service":"compute.googleapis.com","consumer":"projects/83092109834","serviceTitle":"Compute Engine API","activationUrl":"https://console.developers.google.com/apis/api/compute.googleapis.com/overview?project=83092109834"}},{"@type":"type.googleapis.com/google.rpc.LocalizedMessage","locale":"en-US","message":"Compute Engine API has not been used in project 83092109834 before or it is disabled. Enable it by visiting https://console.developers.google.com/apis/api/compute.googleapis.com/overview?project=83092109834 then retry. If you enabled this API recently, wait a few minutes for the action to propagate to our systems and retry."},{"@type":"type.googleapis.com/google.rpc.Help","links":[{"description":"Google developers console API activation","url":"https://console.developers.google.com/apis/api/compute.googleapis.com/overview?project=83092109834"}]}]}},"response":{"statusCode":403}},"exit":1,"message":"Request to https://compute.googleapis.com/compute/v1/projects/83092109834 had HTTP Error: 403, Compute Engine API has not been used in project 83092109834 before or it is disabled. Enable it by visiting https://console.developers.google.com/apis/api/compute.googleapis.com/overview?project=83092109834 then retry. If you enabled this API recently, wait a few minutes for the action to propagate to our systems and retry.","status":403}
[debug] [2026-07-25T20:16:23.214Z] Checked if tokens are valid: true, expires at: 1785013773874
[debug] [2026-07-25T20:16:23.214Z] Checked if tokens are valid: true, expires at: 1785013773874
[debug] [2026-07-25T20:16:23.214Z] >>> [apiv2][query] GET https://cloudbilling.googleapis.com/v1/projects/venda-e-faturamento/billingInfo [none]
[debug] [2026-07-25T20:16:23.214Z] >>> [apiv2][(partial)header] GET https://cloudbilling.googleapis.com/v1/projects/venda-e-faturamento/billingInfo  x-goog-user-project=venda-e-faturamento
[debug] [2026-07-25T20:16:24.520Z] <<< [apiv2][status] GET https://cloudbilling.googleapis.com/v1/projects/venda-e-faturamento/billingInfo 200
[debug] [2026-07-25T20:16:24.520Z] <<< [apiv2][body] GET https://cloudbilling.googleapis.com/v1/projects/venda-e-faturamento/billingInfo {"name":"projects/venda-e-faturamento/billingInfo","projectId":"venda-e-faturamento","billingAccountName":"billingAccounts/0104FA-7922C8-145345","billingEnabled":true}
[debug] [2026-07-25T20:16:24.522Z] Checked if tokens are valid: true, expires at: 1785013773874
[debug] [2026-07-25T20:16:24.522Z] Checked if tokens are valid: true, expires at: 1785013773874
[debug] [2026-07-25T20:16:24.522Z] >>> [apiv2][query] POST https://cloudfunctions.googleapis.com/v2/projects/venda-e-faturamento/locations/us-central1/functions:generateUploadUrl [none]
[debug] [2026-07-25T20:16:25.632Z] <<< [apiv2][status] POST https://cloudfunctions.googleapis.com/v2/projects/venda-e-faturamento/locations/us-central1/functions:generateUploadUrl 200
[debug] [2026-07-25T20:16:25.632Z] <<< [apiv2][body] POST https://cloudfunctions.googleapis.com/v2/projects/venda-e-faturamento/locations/us-central1/functions:generateUploadUrl {"uploadUrl":"https://storage.googleapis.com/gcf-v2-uploads-83092109834.us-central1.cloudfunctions.appspot.com/623d8b53-94f0-44eb-8d7e-80efe39b3c0f.zip?GoogleAccessId=service-83092109834@gcf-admin-robot.iam.gserviceaccount.com&Expires=1785012384&Signature=h8%2Buj1qV3SEc6cuOfRuceXIanAc%2BMZnzRzTdnXlX%2BmXz%2Fk38lcg1rFYHHjFzMwIRX04WYgEvfIOZN3%2Bxxm0XLEaMCghxTlg1HbjPjk9BHMWw1xK0Y%2BhkePsz7URzgqTZ96bNuF0FXupwbBSilBIxDBD%2B03G6wdfj1SReMtEX4aITJ%2F2WaWw0U%2BS6RQGWcxn4MMt9BcGJ%2FSLPGAVlK3QNt5B8WtaNpT4MUu9Rs3xP3lItOn3pKftsPjAUDWkPPGV3wfgqsjKwlFHNmWiL8nTHlPs9oxXclnVLvBpIQW70632bos12g9AYflFMtRHsm8w93hMBBIbDVYb4vktOB%2BQcJw%3D%3D","storageSource":{"bucket":"gcf-v2-uploads-83092109834.us-central1.cloudfunctions.appspot.com","object":"623d8b53-94f0-44eb-8d7e-80efe39b3c0f.zip"}}
[debug] [2026-07-25T20:16:25.633Z] >>> [apiv2][query] PUT https://storage.googleapis.com/gcf-v2-uploads-83092109834.us-central1.cloudfunctions.appspot.com/623d8b53-94f0-44eb-8d7e-80efe39b3c0f.zip GoogleAccessId=service-83092109834%40gcf-admin-robot.iam.gserviceaccount.com&Expires=1785012384&Signature=h8%2Buj1qV3SEc6cuOfRuceXIanAc%2BMZnzRzTdnXlX%2BmXz%2Fk38lcg1rFYHHjFzMwIRX04WYgEvfIOZN3%2Bxxm0XLEaMCghxTlg1HbjPjk9BHMWw1xK0Y%2BhkePsz7URzgqTZ96bNuF0FXupwbBSilBIxDBD%2B03G6wdfj1SReMtEX4aITJ%2F2WaWw0U%2BS6RQGWcxn4MMt9BcGJ%2FSLPGAVlK3QNt5B8WtaNpT4MUu9Rs3xP3lItOn3pKftsPjAUDWkPPGV3wfgqsjKwlFHNmWiL8nTHlPs9oxXclnVLvBpIQW70632bos12g9AYflFMtRHsm8w93hMBBIbDVYb4vktOB%2BQcJw%3D%3D
[debug] [2026-07-25T20:16:25.633Z] >>> [apiv2][body] PUT https://storage.googleapis.com/gcf-v2-uploads-83092109834.us-central1.cloudfunctions.appspot.com/623d8b53-94f0-44eb-8d7e-80efe39b3c0f.zip [stream]
[debug] [2026-07-25T20:16:26.157Z] <<< [apiv2][status] PUT https://storage.googleapis.com/gcf-v2-uploads-83092109834.us-central1.cloudfunctions.appspot.com/623d8b53-94f0-44eb-8d7e-80efe39b3c0f.zip 200
[debug] [2026-07-25T20:16:26.157Z] <<< [apiv2][body] PUT https://storage.googleapis.com/gcf-v2-uploads-83092109834.us-central1.cloudfunctions.appspot.com/623d8b53-94f0-44eb-8d7e-80efe39b3c0f.zip [omitted]
[info] +  functions: functions source uploaded successfully 
[info] i  functions: updating Node.js 20 (2nd Gen) function routeProxy(us-central1)... 
[debug] [2026-07-25T20:16:26.161Z] Checked if tokens are valid: true, expires at: 1785013773874
[debug] [2026-07-25T20:16:26.161Z] Checked if tokens are valid: true, expires at: 1785013773874
[debug] [2026-07-25T20:16:26.161Z] >>> [apiv2][query] PATCH https://cloudfunctions.googleapis.com/v2/projects/venda-e-faturamento/locations/us-central1/functions/routeProxy updateMask=name%2CbuildConfig.runtime%2CbuildConfig.entryPoint%2CbuildConfig.source.storageSource.bucket%2CbuildConfig.source.storageSource.object%2CbuildConfig.environmentVariables%2CbuildConfig.sourceToken%2CserviceConfig.environmentVariables%2CserviceConfig.secretEnvironmentVariables%2CserviceConfig.ingressSettings%2CserviceConfig.timeoutSeconds%2CserviceConfig.serviceAccountEmail%2CserviceConfig.availableMemory%2CserviceConfig.minInstanceCount%2CserviceConfig.maxInstanceCount%2CserviceConfig.maxInstanceRequestConcurrency%2CserviceConfig.availableCpu%2CserviceConfig.vpcConnector%2CserviceConfig.vpcConnectorEgressSettings%2CserviceConfig.directVpcNetworkInterface%2CserviceConfig.directVpcEgress%2Clabels
[debug] [2026-07-25T20:16:26.161Z] >>> [apiv2][body] PATCH https://cloudfunctions.googleapis.com/v2/projects/venda-e-faturamento/locations/us-central1/functions/routeProxy {"name":"projects/venda-e-faturamento/locations/us-central1/functions/routeProxy","buildConfig":{"runtime":"nodejs20","entryPoint":"routeProxy","source":{"storageSource":{"bucket":"gcf-v2-uploads-83092109834.us-central1.cloudfunctions.appspot.com","object":"623d8b53-94f0-44eb-8d7e-80efe39b3c0f.zip"}},"environmentVariables":{"GOOGLE_NODE_RUN_SCRIPTS":""}},"serviceConfig":{"environmentVariables":{"FIREBASE_CONFIG":"{\"projectId\":\"venda-e-faturamento\",\"databaseURL\":\"https://venda-e-faturamento-default-rtdb.firebaseio.com\",\"storageBucket\":\"venda-e-faturamento.firebasestorage.app\"}","GCLOUD_PROJECT":"venda-e-faturamento","EVENTARC_CLOUD_EVENT_SOURCE":"projects/venda-e-faturamento/locations/us-central1/services/routeProxy","FUNCTION_TARGET":"routeProxy","LOG_EXECUTION_ID":"true"},"secretEnvironmentVariables":[{"key":"GOOGLE_MAPS_SERVER_API_KEY","secret":"GOOGLE_MAPS_SERVER_API_KEY","projectId":"venda-e-faturamento","version":"4"}],"ingressSettings":null,"timeoutSeconds":30,"serviceAccountEmail":null,"availableMemory":"256Mi","minInstanceCount":null,"maxInstanceCount":null,"maxInstanceRequestConcurrency":80,"availableCpu":"1","vpcConnector":null,"vpcConnectorEgressSettings":null,"directVpcNetworkInterface":null,"directVpcEgress":null},"labels":{"deployment-tool":"cli-firebase","firebase-functions-hash":"07ef2e56a254068d50412c0fd76ef01882caae4b"}}
[debug] [2026-07-25T20:16:27.518Z] <<< [apiv2][status] PATCH https://cloudfunctions.googleapis.com/v2/projects/venda-e-faturamento/locations/us-central1/functions/routeProxy 200
[debug] [2026-07-25T20:16:27.518Z] <<< [apiv2][body] PATCH https://cloudfunctions.googleapis.com/v2/projects/venda-e-faturamento/locations/us-central1/functions/routeProxy {"name":"projects/venda-e-faturamento/locations/us-central1/operations/operation-1785010585563-6577529df7017-40330185-d5d42b45","metadata":{"@type":"type.googleapis.com/google.cloud.functions.v2.OperationMetadata","createTime":"2026-07-25T20:16:26.646269261Z","target":"projects/venda-e-faturamento/locations/us-central1/functions/routeProxy","verb":"update","cancelRequested":false,"apiVersion":"v2"},"done":false}
[debug] [2026-07-25T20:16:27.519Z] Checked if tokens are valid: true, expires at: 1785013773874
[debug] [2026-07-25T20:16:27.519Z] Checked if tokens are valid: true, expires at: 1785013773874
[debug] [2026-07-25T20:16:27.519Z] >>> [apiv2][query] GET https://cloudfunctions.googleapis.com/v2/projects/venda-e-faturamento/locations/us-central1/operations/operation-1785010585563-6577529df7017-40330185-d5d42b45 [none]
[debug] [2026-07-25T20:16:28.473Z] <<< [apiv2][status] GET https://cloudfunctions.googleapis.com/v2/projects/venda-e-faturamento/locations/us-central1/operations/operation-1785010585563-6577529df7017-40330185-d5d42b45 200
[debug] [2026-07-25T20:16:28.473Z] <<< [apiv2][body] GET https://cloudfunctions.googleapis.com/v2/projects/venda-e-faturamento/locations/us-central1/operations/operation-1785010585563-6577529df7017-40330185-d5d42b45 {"name":"projects/venda-e-faturamento/locations/us-central1/operations/operation-1785010585563-6577529df7017-40330185-d5d42b45","metadata":{"@type":"type.googleapis.com/google.cloud.functions.v2.OperationMetadata","createTime":"2026-07-25T20:16:26.646269261Z","target":"projects/venda-e-faturamento/locations/us-central1/functions/routeProxy","verb":"update","cancelRequested":false,"apiVersion":"v2","requestResource":{"@type":"type.googleapis.com/google.cloud.functions.v2.Function","name":"projects/venda-e-faturamento/locations/us-central1/functions/routeProxy","buildConfig":{"runtime":"nodejs20","entryPoint":"routeProxy","source":{"storageSource":{"bucket":"gcf-v2-sources-83092109834-us-central1","object":"routeProxy/function-source.zip","generation":"1785010586583357"}},"environmentVariables":{"GOOGLE_NODE_RUN_SCRIPTS":""},"dockerRepository":"projects/venda-e-faturamento/locations/us-central1/repositories/gcf-artifacts","sourceProvenance":{"resolvedStorageSource":{"bucket":"gcf-v2-sources-83092109834-us-central1","object":"routeProxy/function-source.zip","generation":"1785010230689401"}},"dockerRegistry":"ARTIFACT_REGISTRY","serviceAccount":"projects/venda-e-faturamento/serviceAccounts/83092109834-compute@developer.gserviceaccount.com","automaticUpdatePolicy":{}},"serviceConfig":{"service":"projects/venda-e-faturamento/locations/us-central1/services/routeproxy","timeoutSeconds":30,"environmentVariables":{"FIREBASE_CONFIG":"{\"projectId\":\"venda-e-faturamento\",\"databaseURL\":\"https://venda-e-faturamento-default-rtdb.firebaseio.com\",\"storageBucket\":\"venda-e-faturamento.firebasestorage.app\"}","GCLOUD_PROJECT":"venda-e-faturamento","EVENTARC_CLOUD_EVENT_SOURCE":"projects/venda-e-faturamento/locations/us-central1/services/routeProxy","FUNCTION_TARGET":"routeProxy","LOG_EXECUTION_ID":"true"},"ingressSettings":"ALLOW_ALL","uri":"https://routeproxy-x5dckzzjra-uc.a.run.app","serviceAccountEmail":"83092109834-compute@developer.gserviceaccount.com","availableMemory":"256Mi","allTrafficOnLatestRevision":true,"secretEnvironmentVariables":[{"key":"GOOGLE_MAPS_SERVER_API_KEY","projectId":"venda-e-faturamento","secret":"GOOGLE_MAPS_SERVER_API_KEY","version":"4"}],"revision":"routeproxy-00002-dip","maxInstanceRequestConcurrency":80,"availableCpu":"1"},"state":"ACTIVE","labels":{"deployment-tool":"cli-firebase","firebase-functions-hash":"07ef2e56a254068d50412c0fd76ef01882caae4b"},"environment":"GEN_2","url":"https://us-central1-venda-e-faturamento.cloudfunctions.net/routeProxy","satisfiesPzi":true},"stages":[{"name":"BUILD","message":"Build in progress","state":"IN_PROGRESS","resource":"projects/83092109834/locations/us-central1/builds/5c4f6827-7749-453a-82d3-a595f9d892de","resourceUri":"https://console.cloud.google.com/cloud-build/builds;region=us-central1/5c4f6827-7749-453a-82d3-a595f9d892de?project=83092109834"},{"name":"SERVICE","state":"NOT_STARTED"}],"operationType":"UPDATE_FUNCTION","buildName":"projects/83092109834/locations/us-central1/builds/5c4f6827-7749-453a-82d3-a595f9d892de"},"done":false}
[debug] [2026-07-25T20:16:28.982Z] [update-default-us-central1-routeProxy] Retrying task index 0
[debug] [2026-07-25T20:16:28.982Z] Checked if tokens are valid: true, expires at: 1785013773874
[debug] [2026-07-25T20:16:28.982Z] Checked if tokens are valid: true, expires at: 1785013773874
[debug] [2026-07-25T20:16:28.982Z] >>> [apiv2][query] GET https://cloudfunctions.googleapis.com/v2/projects/venda-e-faturamento/locations/us-central1/operations/operation-1785010585563-6577529df7017-40330185-d5d42b45 [none]
[debug] [2026-07-25T20:16:29.936Z] <<< [apiv2][status] GET https://cloudfunctions.googleapis.com/v2/projects/venda-e-faturamento/locations/us-central1/operations/operation-1785010585563-6577529df7017-40330185-d5d42b45 200
[debug] [2026-07-25T20:16:29.936Z] <<< [apiv2][body] GET https://cloudfunctions.googleapis.com/v2/projects/venda-e-faturamento/locations/us-central1/operations/operation-1785010585563-6577529df7017-40330185-d5d42b45 {"name":"projects/venda-e-faturamento/locations/us-central1/operations/operation-1785010585563-6577529df7017-40330185-d5d42b45","metadata":{"@type":"type.googleapis.com/google.cloud.functions.v2.OperationMetadata","createTime":"2026-07-25T20:16:26.646269261Z","target":"projects/venda-e-faturamento/locations/us-central1/functions/routeProxy","verb":"update","cancelRequested":false,"apiVersion":"v2","requestResource":{"@type":"type.googleapis.com/google.cloud.functions.v2.Function","name":"projects/venda-e-faturamento/locations/us-central1/functions/routeProxy","buildConfig":{"runtime":"nodejs20","entryPoint":"routeProxy","source":{"storageSource":{"bucket":"gcf-v2-sources-83092109834-us-central1","object":"routeProxy/function-source.zip","generation":"1785010586583357"}},"environmentVariables":{"GOOGLE_NODE_RUN_SCRIPTS":""},"dockerRepository":"projects/venda-e-faturamento/locations/us-central1/repositories/gcf-artifacts","sourceProvenance":{"resolvedStorageSource":{"bucket":"gcf-v2-sources-83092109834-us-central1","object":"routeProxy/function-source.zip","generation":"1785010230689401"}},"dockerRegistry":"ARTIFACT_REGISTRY","serviceAccount":"projects/venda-e-faturamento/serviceAccounts/83092109834-compute@developer.gserviceaccount.com","automaticUpdatePolicy":{}},"serviceConfig":{"service":"projects/venda-e-faturamento/locations/us-central1/services/routeproxy","timeoutSeconds":30,"environmentVariables":{"FIREBASE_CONFIG":"{\"projectId\":\"venda-e-faturamento\",\"databaseURL\":\"https://venda-e-faturamento-default-rtdb.firebaseio.com\",\"storageBucket\":\"venda-e-faturamento.firebasestorage.app\"}","GCLOUD_PROJECT":"venda-e-faturamento","EVENTARC_CLOUD_EVENT_SOURCE":"projects/venda-e-faturamento/locations/us-central1/services/routeProxy","FUNCTION_TARGET":"routeProxy","LOG_EXECUTION_ID":"true"},"ingressSettings":"ALLOW_ALL","uri":"https://routeproxy-x5dckzzjra-uc.a.run.app","serviceAccountEmail":"83092109834-compute@developer.gserviceaccount.com","availableMemory":"256Mi","allTrafficOnLatestRevision":true,"secretEnvironmentVariables":[{"key":"GOOGLE_MAPS_SERVER_API_KEY","projectId":"venda-e-faturamento","secret":"GOOGLE_MAPS_SERVER_API_KEY","version":"4"}],"revision":"routeproxy-00002-dip","maxInstanceRequestConcurrency":80,"availableCpu":"1"},"state":"ACTIVE","labels":{"deployment-tool":"cli-firebase","firebase-functions-hash":"07ef2e56a254068d50412c0fd76ef01882caae4b"},"environment":"GEN_2","url":"https://us-central1-venda-e-faturamento.cloudfunctions.net/routeProxy","satisfiesPzi":true},"stages":[{"name":"BUILD","message":"Build in progress","state":"IN_PROGRESS","resource":"projects/83092109834/locations/us-central1/builds/5c4f6827-7749-453a-82d3-a595f9d892de","resourceUri":"https://console.cloud.google.com/cloud-build/builds;region=us-central1/5c4f6827-7749-453a-82d3-a595f9d892de?project=83092109834"},{"name":"SERVICE","state":"NOT_STARTED"}],"operationType":"UPDATE_FUNCTION","buildName":"projects/83092109834/locations/us-central1/builds/5c4f6827-7749-453a-82d3-a595f9d892de"},"done":false}
[debug] [2026-07-25T20:16:30.946Z] [update-default-us-central1-routeProxy] Retrying task index 0
[debug] [2026-07-25T20:16:30.946Z] Checked if tokens are valid: true, expires at: 1785013773874
[debug] [2026-07-25T20:16:30.946Z] Checked if tokens are valid: true, expires at: 1785013773874
[debug] [2026-07-25T20:16:30.946Z] >>> [apiv2][query] GET https://cloudfunctions.googleapis.com/v2/projects/venda-e-faturamento/locations/us-central1/operations/operation-1785010585563-6577529df7017-40330185-d5d42b45 [none]
[debug] [2026-07-25T20:16:31.909Z] <<< [apiv2][status] GET https://cloudfunctions.googleapis.com/v2/projects/venda-e-faturamento/locations/us-central1/operations/operation-1785010585563-6577529df7017-40330185-d5d42b45 200
[debug] [2026-07-25T20:16:31.909Z] <<< [apiv2][body] GET https://cloudfunctions.googleapis.com/v2/projects/venda-e-faturamento/locations/us-central1/operations/operation-1785010585563-6577529df7017-40330185-d5d42b45 {"name":"projects/venda-e-faturamento/locations/us-central1/operations/operation-1785010585563-6577529df7017-40330185-d5d42b45","metadata":{"@type":"type.googleapis.com/google.cloud.functions.v2.OperationMetadata","createTime":"2026-07-25T20:16:26.646269261Z","target":"projects/venda-e-faturamento/locations/us-central1/functions/routeProxy","verb":"update","cancelRequested":false,"apiVersion":"v2","requestResource":{"@type":"type.googleapis.com/google.cloud.functions.v2.Function","name":"projects/venda-e-faturamento/locations/us-central1/functions/routeProxy","buildConfig":{"runtime":"nodejs20","entryPoint":"routeProxy","source":{"storageSource":{"bucket":"gcf-v2-sources-83092109834-us-central1","object":"routeProxy/function-source.zip","generation":"1785010586583357"}},"environmentVariables":{"GOOGLE_NODE_RUN_SCRIPTS":""},"dockerRepository":"projects/venda-e-faturamento/locations/us-central1/repositories/gcf-artifacts","sourceProvenance":{"resolvedStorageSource":{"bucket":"gcf-v2-sources-83092109834-us-central1","object":"routeProxy/function-source.zip","generation":"1785010230689401"}},"dockerRegistry":"ARTIFACT_REGISTRY","serviceAccount":"projects/venda-e-faturamento/serviceAccounts/83092109834-compute@developer.gserviceaccount.com","automaticUpdatePolicy":{}},"serviceConfig":{"service":"projects/venda-e-faturamento/locations/us-central1/services/routeproxy","timeoutSeconds":30,"environmentVariables":{"FIREBASE_CONFIG":"{\"projectId\":\"venda-e-faturamento\",\"databaseURL\":\"https://venda-e-faturamento-default-rtdb.firebaseio.com\",\"storageBucket\":\"venda-e-faturamento.firebasestorage.app\"}","GCLOUD_PROJECT":"venda-e-faturamento","EVENTARC_CLOUD_EVENT_SOURCE":"projects/venda-e-faturamento/locations/us-central1/services/routeProxy","FUNCTION_TARGET":"routeProxy","LOG_EXECUTION_ID":"true"},"ingressSettings":"ALLOW_ALL","uri":"https://routeproxy-x5dckzzjra-uc.a.run.app","serviceAccountEmail":"83092109834-compute@developer.gserviceaccount.com","availableMemory":"256Mi","allTrafficOnLatestRevision":true,"secretEnvironmentVariables":[{"key":"GOOGLE_MAPS_SERVER_API_KEY","projectId":"venda-e-faturamento","secret":"GOOGLE_MAPS_SERVER_API_KEY","version":"4"}],"revision":"routeproxy-00002-dip","maxInstanceRequestConcurrency":80,"availableCpu":"1"},"state":"ACTIVE","labels":{"deployment-tool":"cli-firebase","firebase-functions-hash":"07ef2e56a254068d50412c0fd76ef01882caae4b"},"environment":"GEN_2","url":"https://us-central1-venda-e-faturamento.cloudfunctions.net/routeProxy","satisfiesPzi":true},"stages":[{"name":"BUILD","message":"Build in progress","state":"IN_PROGRESS","resource":"projects/83092109834/locations/us-central1/builds/5c4f6827-7749-453a-82d3-a595f9d892de","resourceUri":"https://console.cloud.google.com/cloud-build/builds;region=us-central1/5c4f6827-7749-453a-82d3-a595f9d892de?project=83092109834"},{"name":"SERVICE","state":"NOT_STARTED"}],"operationType":"UPDATE_FUNCTION","buildName":"projects/83092109834/locations/us-central1/builds/5c4f6827-7749-453a-82d3-a595f9d892de"},"done":false}
[debug] [2026-07-25T20:16:33.910Z] [update-default-us-central1-routeProxy] Retrying task index 0
[debug] [2026-07-25T20:16:33.910Z] Checked if tokens are valid: true, expires at: 1785013773874
[debug] [2026-07-25T20:16:33.910Z] Checked if tokens are valid: true, expires at: 1785013773874
[debug] [2026-07-25T20:16:33.910Z] >>> [apiv2][query] GET https://cloudfunctions.googleapis.com/v2/projects/venda-e-faturamento/locations/us-central1/operations/operation-1785010585563-6577529df7017-40330185-d5d42b45 [none]
[debug] [2026-07-25T20:16:34.172Z] <<< [apiv2][status] GET https://cloudfunctions.googleapis.com/v2/projects/venda-e-faturamento/locations/us-central1/operations/operation-1785010585563-6577529df7017-40330185-d5d42b45 200
[debug] [2026-07-25T20:16:34.172Z] <<< [apiv2][body] GET https://cloudfunctions.googleapis.com/v2/projects/venda-e-faturamento/locations/us-central1/operations/operation-1785010585563-6577529df7017-40330185-d5d42b45 {"name":"projects/venda-e-faturamento/locations/us-central1/operations/operation-1785010585563-6577529df7017-40330185-d5d42b45","metadata":{"@type":"type.googleapis.com/google.cloud.functions.v2.OperationMetadata","createTime":"2026-07-25T20:16:26.646269261Z","target":"projects/venda-e-faturamento/locations/us-central1/functions/routeProxy","verb":"update","cancelRequested":false,"apiVersion":"v2","requestResource":{"@type":"type.googleapis.com/google.cloud.functions.v2.Function","name":"projects/venda-e-faturamento/locations/us-central1/functions/routeProxy","buildConfig":{"runtime":"nodejs20","entryPoint":"routeProxy","source":{"storageSource":{"bucket":"gcf-v2-sources-83092109834-us-central1","object":"routeProxy/function-source.zip","generation":"1785010586583357"}},"environmentVariables":{"GOOGLE_NODE_RUN_SCRIPTS":""},"dockerRepository":"projects/venda-e-faturamento/locations/us-central1/repositories/gcf-artifacts","sourceProvenance":{"resolvedStorageSource":{"bucket":"gcf-v2-sources-83092109834-us-central1","object":"routeProxy/function-source.zip","generation":"1785010230689401"}},"dockerRegistry":"ARTIFACT_REGISTRY","serviceAccount":"projects/venda-e-faturamento/serviceAccounts/83092109834-compute@developer.gserviceaccount.com","automaticUpdatePolicy":{}},"serviceConfig":{"service":"projects/venda-e-faturamento/locations/us-central1/services/routeproxy","timeoutSeconds":30,"environmentVariables":{"FIREBASE_CONFIG":"{\"projectId\":\"venda-e-faturamento\",\"databaseURL\":\"https://venda-e-faturamento-default-rtdb.firebaseio.com\",\"storageBucket\":\"venda-e-faturamento.firebasestorage.app\"}","GCLOUD_PROJECT":"venda-e-faturamento","EVENTARC_CLOUD_EVENT_SOURCE":"projects/venda-e-faturamento/locations/us-central1/services/routeProxy","FUNCTION_TARGET":"routeProxy","LOG_EXECUTION_ID":"true"},"ingressSettings":"ALLOW_ALL","uri":"https://routeproxy-x5dckzzjra-uc.a.run.app","serviceAccountEmail":"83092109834-compute@developer.gserviceaccount.com","availableMemory":"256Mi","allTrafficOnLatestRevision":true,"secretEnvironmentVariables":[{"key":"GOOGLE_MAPS_SERVER_API_KEY","projectId":"venda-e-faturamento","secret":"GOOGLE_MAPS_SERVER_API_KEY","version":"4"}],"revision":"routeproxy-00002-dip","maxInstanceRequestConcurrency":80,"availableCpu":"1"},"state":"ACTIVE","labels":{"deployment-tool":"cli-firebase","firebase-functions-hash":"07ef2e56a254068d50412c0fd76ef01882caae4b"},"environment":"GEN_2","url":"https://us-central1-venda-e-faturamento.cloudfunctions.net/routeProxy","satisfiesPzi":true},"stages":[{"name":"BUILD","message":"Build in progress","state":"IN_PROGRESS","resource":"projects/83092109834/locations/us-central1/builds/5c4f6827-7749-453a-82d3-a595f9d892de","resourceUri":"https://console.cloud.google.com/cloud-build/builds;region=us-central1/5c4f6827-7749-453a-82d3-a595f9d892de?project=83092109834"},{"name":"SERVICE","state":"NOT_STARTED"}],"operationType":"UPDATE_FUNCTION","buildName":"projects/83092109834/locations/us-central1/builds/5c4f6827-7749-453a-82d3-a595f9d892de"},"done":false}
[debug] [2026-07-25T20:16:38.174Z] [update-default-us-central1-routeProxy] Retrying task index 0
[debug] [2026-07-25T20:16:38.175Z] Checked if tokens are valid: true, expires at: 1785013773874
[debug] [2026-07-25T20:16:38.175Z] Checked if tokens are valid: true, expires at: 1785013773874
[debug] [2026-07-25T20:16:38.176Z] >>> [apiv2][query] GET https://cloudfunctions.googleapis.com/v2/projects/venda-e-faturamento/locations/us-central1/operations/operation-1785010585563-6577529df7017-40330185-d5d42b45 [none]
[debug] [2026-07-25T20:16:39.152Z] <<< [apiv2][status] GET https://cloudfunctions.googleapis.com/v2/projects/venda-e-faturamento/locations/us-central1/operations/operation-1785010585563-6577529df7017-40330185-d5d42b45 200
[debug] [2026-07-25T20:16:39.152Z] <<< [apiv2][body] GET https://cloudfunctions.googleapis.com/v2/projects/venda-e-faturamento/locations/us-central1/operations/operation-1785010585563-6577529df7017-40330185-d5d42b45 {"name":"projects/venda-e-faturamento/locations/us-central1/operations/operation-1785010585563-6577529df7017-40330185-d5d42b45","metadata":{"@type":"type.googleapis.com/google.cloud.functions.v2.OperationMetadata","createTime":"2026-07-25T20:16:26.646269261Z","target":"projects/venda-e-faturamento/locations/us-central1/functions/routeProxy","verb":"update","cancelRequested":false,"apiVersion":"v2","requestResource":{"@type":"type.googleapis.com/google.cloud.functions.v2.Function","name":"projects/venda-e-faturamento/locations/us-central1/functions/routeProxy","buildConfig":{"runtime":"nodejs20","entryPoint":"routeProxy","source":{"storageSource":{"bucket":"gcf-v2-sources-83092109834-us-central1","object":"routeProxy/function-source.zip","generation":"1785010586583357"}},"environmentVariables":{"GOOGLE_NODE_RUN_SCRIPTS":""},"dockerRepository":"projects/venda-e-faturamento/locations/us-central1/repositories/gcf-artifacts","sourceProvenance":{"resolvedStorageSource":{"bucket":"gcf-v2-sources-83092109834-us-central1","object":"routeProxy/function-source.zip","generation":"1785010230689401"}},"dockerRegistry":"ARTIFACT_REGISTRY","serviceAccount":"projects/venda-e-faturamento/serviceAccounts/83092109834-compute@developer.gserviceaccount.com","automaticUpdatePolicy":{}},"serviceConfig":{"service":"projects/venda-e-faturamento/locations/us-central1/services/routeproxy","timeoutSeconds":30,"environmentVariables":{"FIREBASE_CONFIG":"{\"projectId\":\"venda-e-faturamento\",\"databaseURL\":\"https://venda-e-faturamento-default-rtdb.firebaseio.com\",\"storageBucket\":\"venda-e-faturamento.firebasestorage.app\"}","GCLOUD_PROJECT":"venda-e-faturamento","EVENTARC_CLOUD_EVENT_SOURCE":"projects/venda-e-faturamento/locations/us-central1/services/routeProxy","FUNCTION_TARGET":"routeProxy","LOG_EXECUTION_ID":"true"},"ingressSettings":"ALLOW_ALL","uri":"https://routeproxy-x5dckzzjra-uc.a.run.app","serviceAccountEmail":"83092109834-compute@developer.gserviceaccount.com","availableMemory":"256Mi","allTrafficOnLatestRevision":true,"secretEnvironmentVariables":[{"key":"GOOGLE_MAPS_SERVER_API_KEY","projectId":"venda-e-faturamento","secret":"GOOGLE_MAPS_SERVER_API_KEY","version":"4"}],"revision":"routeproxy-00002-dip","maxInstanceRequestConcurrency":80,"availableCpu":"1"},"state":"ACTIVE","labels":{"deployment-tool":"cli-firebase","firebase-functions-hash":"07ef2e56a254068d50412c0fd76ef01882caae4b"},"environment":"GEN_2","url":"https://us-central1-venda-e-faturamento.cloudfunctions.net/routeProxy","satisfiesPzi":true},"stages":[{"name":"BUILD","message":"Build in progress","state":"IN_PROGRESS","resource":"projects/83092109834/locations/us-central1/builds/5c4f6827-7749-453a-82d3-a595f9d892de","resourceUri":"https://console.cloud.google.com/cloud-build/builds;region=us-central1/5c4f6827-7749-453a-82d3-a595f9d892de?project=83092109834"},{"name":"SERVICE","state":"NOT_STARTED"}],"operationType":"UPDATE_FUNCTION","buildName":"projects/83092109834/locations/us-central1/builds/5c4f6827-7749-453a-82d3-a595f9d892de"},"done":false}
[debug] [2026-07-25T20:16:47.155Z] [update-default-us-central1-routeProxy] Retrying task index 0
[debug] [2026-07-25T20:16:47.155Z] Checked if tokens are valid: true, expires at: 1785013773874
[debug] [2026-07-25T20:16:47.155Z] Checked if tokens are valid: true, expires at: 1785013773874
[debug] [2026-07-25T20:16:47.155Z] >>> [apiv2][query] GET https://cloudfunctions.googleapis.com/v2/projects/venda-e-faturamento/locations/us-central1/operations/operation-1785010585563-6577529df7017-40330185-d5d42b45 [none]
[debug] [2026-07-25T20:16:48.265Z] <<< [apiv2][status] GET https://cloudfunctions.googleapis.com/v2/projects/venda-e-faturamento/locations/us-central1/operations/operation-1785010585563-6577529df7017-40330185-d5d42b45 200
[debug] [2026-07-25T20:16:48.265Z] <<< [apiv2][body] GET https://cloudfunctions.googleapis.com/v2/projects/venda-e-faturamento/locations/us-central1/operations/operation-1785010585563-6577529df7017-40330185-d5d42b45 {"name":"projects/venda-e-faturamento/locations/us-central1/operations/operation-1785010585563-6577529df7017-40330185-d5d42b45","metadata":{"@type":"type.googleapis.com/google.cloud.functions.v2.OperationMetadata","createTime":"2026-07-25T20:16:26.646269261Z","target":"projects/venda-e-faturamento/locations/us-central1/functions/routeProxy","verb":"update","cancelRequested":false,"apiVersion":"v2","requestResource":{"@type":"type.googleapis.com/google.cloud.functions.v2.Function","name":"projects/venda-e-faturamento/locations/us-central1/functions/routeProxy","buildConfig":{"runtime":"nodejs20","entryPoint":"routeProxy","source":{"storageSource":{"bucket":"gcf-v2-sources-83092109834-us-central1","object":"routeProxy/function-source.zip","generation":"1785010586583357"}},"environmentVariables":{"GOOGLE_NODE_RUN_SCRIPTS":""},"dockerRepository":"projects/venda-e-faturamento/locations/us-central1/repositories/gcf-artifacts","sourceProvenance":{"resolvedStorageSource":{"bucket":"gcf-v2-sources-83092109834-us-central1","object":"routeProxy/function-source.zip","generation":"1785010230689401"}},"dockerRegistry":"ARTIFACT_REGISTRY","serviceAccount":"projects/venda-e-faturamento/serviceAccounts/83092109834-compute@developer.gserviceaccount.com","automaticUpdatePolicy":{}},"serviceConfig":{"service":"projects/venda-e-faturamento/locations/us-central1/services/routeproxy","timeoutSeconds":30,"environmentVariables":{"FIREBASE_CONFIG":"{\"projectId\":\"venda-e-faturamento\",\"databaseURL\":\"https://venda-e-faturamento-default-rtdb.firebaseio.com\",\"storageBucket\":\"venda-e-faturamento.firebasestorage.app\"}","GCLOUD_PROJECT":"venda-e-faturamento","EVENTARC_CLOUD_EVENT_SOURCE":"projects/venda-e-faturamento/locations/us-central1/services/routeProxy","FUNCTION_TARGET":"routeProxy","LOG_EXECUTION_ID":"true"},"ingressSettings":"ALLOW_ALL","uri":"https://routeproxy-x5dckzzjra-uc.a.run.app","serviceAccountEmail":"83092109834-compute@developer.gserviceaccount.com","availableMemory":"256Mi","allTrafficOnLatestRevision":true,"secretEnvironmentVariables":[{"key":"GOOGLE_MAPS_SERVER_API_KEY","projectId":"venda-e-faturamento","secret":"GOOGLE_MAPS_SERVER_API_KEY","version":"4"}],"revision":"routeproxy-00002-dip","maxInstanceRequestConcurrency":80,"availableCpu":"1"},"state":"ACTIVE","labels":{"deployment-tool":"cli-firebase","firebase-functions-hash":"07ef2e56a254068d50412c0fd76ef01882caae4b"},"environment":"GEN_2","url":"https://us-central1-venda-e-faturamento.cloudfunctions.net/routeProxy","satisfiesPzi":true},"stages":[{"name":"BUILD","message":"Build in progress","state":"IN_PROGRESS","resource":"projects/83092109834/locations/us-central1/builds/5c4f6827-7749-453a-82d3-a595f9d892de","resourceUri":"https://console.cloud.google.com/cloud-build/builds;region=us-central1/5c4f6827-7749-453a-82d3-a595f9d892de?project=83092109834"},{"name":"SERVICE","state":"NOT_STARTED"}],"operationType":"UPDATE_FUNCTION","buildName":"projects/83092109834/locations/us-central1/builds/5c4f6827-7749-453a-82d3-a595f9d892de"},"done":false}
[debug] [2026-07-25T20:16:58.270Z] [update-default-us-central1-routeProxy] Retrying task index 0
[debug] [2026-07-25T20:16:58.270Z] Checked if tokens are valid: true, expires at: 1785013773874
[debug] [2026-07-25T20:16:58.270Z] Checked if tokens are valid: true, expires at: 1785013773874
[debug] [2026-07-25T20:16:58.270Z] >>> [apiv2][query] GET https://cloudfunctions.googleapis.com/v2/projects/venda-e-faturamento/locations/us-central1/operations/operation-1785010585563-6577529df7017-40330185-d5d42b45 [none]
[debug] [2026-07-25T20:16:59.307Z] <<< [apiv2][status] GET https://cloudfunctions.googleapis.com/v2/projects/venda-e-faturamento/locations/us-central1/operations/operation-1785010585563-6577529df7017-40330185-d5d42b45 200
[debug] [2026-07-25T20:16:59.307Z] <<< [apiv2][body] GET https://cloudfunctions.googleapis.com/v2/projects/venda-e-faturamento/locations/us-central1/operations/operation-1785010585563-6577529df7017-40330185-d5d42b45 {"name":"projects/venda-e-faturamento/locations/us-central1/operations/operation-1785010585563-6577529df7017-40330185-d5d42b45","metadata":{"@type":"type.googleapis.com/google.cloud.functions.v2.OperationMetadata","createTime":"2026-07-25T20:16:26.646269261Z","target":"projects/venda-e-faturamento/locations/us-central1/functions/routeProxy","verb":"update","cancelRequested":false,"apiVersion":"v2","requestResource":{"@type":"type.googleapis.com/google.cloud.functions.v2.Function","name":"projects/venda-e-faturamento/locations/us-central1/functions/routeProxy","buildConfig":{"runtime":"nodejs20","entryPoint":"routeProxy","source":{"storageSource":{"bucket":"gcf-v2-sources-83092109834-us-central1","object":"routeProxy/function-source.zip","generation":"1785010586583357"}},"environmentVariables":{"GOOGLE_NODE_RUN_SCRIPTS":""},"dockerRepository":"projects/venda-e-faturamento/locations/us-central1/repositories/gcf-artifacts","sourceProvenance":{"resolvedStorageSource":{"bucket":"gcf-v2-sources-83092109834-us-central1","object":"routeProxy/function-source.zip","generation":"1785010230689401"}},"dockerRegistry":"ARTIFACT_REGISTRY","serviceAccount":"projects/venda-e-faturamento/serviceAccounts/83092109834-compute@developer.gserviceaccount.com","automaticUpdatePolicy":{}},"serviceConfig":{"service":"projects/venda-e-faturamento/locations/us-central1/services/routeproxy","timeoutSeconds":30,"environmentVariables":{"FIREBASE_CONFIG":"{\"projectId\":\"venda-e-faturamento\",\"databaseURL\":\"https://venda-e-faturamento-default-rtdb.firebaseio.com\",\"storageBucket\":\"venda-e-faturamento.firebasestorage.app\"}","GCLOUD_PROJECT":"venda-e-faturamento","EVENTARC_CLOUD_EVENT_SOURCE":"projects/venda-e-faturamento/locations/us-central1/services/routeProxy","FUNCTION_TARGET":"routeProxy","LOG_EXECUTION_ID":"true"},"ingressSettings":"ALLOW_ALL","uri":"https://routeproxy-x5dckzzjra-uc.a.run.app","serviceAccountEmail":"83092109834-compute@developer.gserviceaccount.com","availableMemory":"256Mi","allTrafficOnLatestRevision":true,"secretEnvironmentVariables":[{"key":"GOOGLE_MAPS_SERVER_API_KEY","projectId":"venda-e-faturamento","secret":"GOOGLE_MAPS_SERVER_API_KEY","version":"4"}],"revision":"routeproxy-00002-dip","maxInstanceRequestConcurrency":80,"availableCpu":"1"},"state":"ACTIVE","labels":{"deployment-tool":"cli-firebase","firebase-functions-hash":"07ef2e56a254068d50412c0fd76ef01882caae4b"},"environment":"GEN_2","url":"https://us-central1-venda-e-faturamento.cloudfunctions.net/routeProxy","satisfiesPzi":true},"stages":[{"name":"BUILD","message":"Build in progress","state":"IN_PROGRESS","resource":"projects/83092109834/locations/us-central1/builds/5c4f6827-7749-453a-82d3-a595f9d892de","resourceUri":"https://console.cloud.google.com/cloud-build/builds;region=us-central1/5c4f6827-7749-453a-82d3-a595f9d892de?project=83092109834"},{"name":"SERVICE","state":"NOT_STARTED"}],"operationType":"UPDATE_FUNCTION","buildName":"projects/83092109834/locations/us-central1/builds/5c4f6827-7749-453a-82d3-a595f9d892de"},"done":false}
[debug] [2026-07-25T20:17:09.308Z] [update-default-us-central1-routeProxy] Retrying task index 0
[debug] [2026-07-25T20:17:09.308Z] Checked if tokens are valid: true, expires at: 1785013773874
[debug] [2026-07-25T20:17:09.308Z] Checked if tokens are valid: true, expires at: 1785013773874
[debug] [2026-07-25T20:17:09.309Z] >>> [apiv2][query] GET https://cloudfunctions.googleapis.com/v2/projects/venda-e-faturamento/locations/us-central1/operations/operation-1785010585563-6577529df7017-40330185-d5d42b45 [none]
[debug] [2026-07-25T20:17:10.341Z] <<< [apiv2][status] GET https://cloudfunctions.googleapis.com/v2/projects/venda-e-faturamento/locations/us-central1/operations/operation-1785010585563-6577529df7017-40330185-d5d42b45 200
[debug] [2026-07-25T20:17:10.341Z] <<< [apiv2][body] GET https://cloudfunctions.googleapis.com/v2/projects/venda-e-faturamento/locations/us-central1/operations/operation-1785010585563-6577529df7017-40330185-d5d42b45 {"name":"projects/venda-e-faturamento/locations/us-central1/operations/operation-1785010585563-6577529df7017-40330185-d5d42b45","metadata":{"@type":"type.googleapis.com/google.cloud.functions.v2.OperationMetadata","createTime":"2026-07-25T20:16:26.646269261Z","target":"projects/venda-e-faturamento/locations/us-central1/functions/routeProxy","verb":"update","cancelRequested":false,"apiVersion":"v2","requestResource":{"@type":"type.googleapis.com/google.cloud.functions.v2.Function","name":"projects/venda-e-faturamento/locations/us-central1/functions/routeProxy","buildConfig":{"runtime":"nodejs20","entryPoint":"routeProxy","source":{"storageSource":{"bucket":"gcf-v2-sources-83092109834-us-central1","object":"routeProxy/function-source.zip","generation":"1785010586583357"}},"environmentVariables":{"GOOGLE_NODE_RUN_SCRIPTS":""},"dockerRepository":"projects/venda-e-faturamento/locations/us-central1/repositories/gcf-artifacts","sourceProvenance":{"resolvedStorageSource":{"bucket":"gcf-v2-sources-83092109834-us-central1","object":"routeProxy/function-source.zip","generation":"1785010230689401"}},"dockerRegistry":"ARTIFACT_REGISTRY","serviceAccount":"projects/venda-e-faturamento/serviceAccounts/83092109834-compute@developer.gserviceaccount.com","automaticUpdatePolicy":{}},"serviceConfig":{"service":"projects/venda-e-faturamento/locations/us-central1/services/routeproxy","timeoutSeconds":30,"environmentVariables":{"FIREBASE_CONFIG":"{\"projectId\":\"venda-e-faturamento\",\"databaseURL\":\"https://venda-e-faturamento-default-rtdb.firebaseio.com\",\"storageBucket\":\"venda-e-faturamento.firebasestorage.app\"}","GCLOUD_PROJECT":"venda-e-faturamento","EVENTARC_CLOUD_EVENT_SOURCE":"projects/venda-e-faturamento/locations/us-central1/services/routeProxy","FUNCTION_TARGET":"routeProxy","LOG_EXECUTION_ID":"true"},"ingressSettings":"ALLOW_ALL","uri":"https://routeproxy-x5dckzzjra-uc.a.run.app","serviceAccountEmail":"83092109834-compute@developer.gserviceaccount.com","availableMemory":"256Mi","allTrafficOnLatestRevision":true,"secretEnvironmentVariables":[{"key":"GOOGLE_MAPS_SERVER_API_KEY","projectId":"venda-e-faturamento","secret":"GOOGLE_MAPS_SERVER_API_KEY","version":"4"}],"revision":"routeproxy-00002-dip","maxInstanceRequestConcurrency":80,"availableCpu":"1"},"state":"ACTIVE","labels":{"deployment-tool":"cli-firebase","firebase-functions-hash":"07ef2e56a254068d50412c0fd76ef01882caae4b"},"environment":"GEN_2","url":"https://us-central1-venda-e-faturamento.cloudfunctions.net/routeProxy","satisfiesPzi":true},"stages":[{"name":"BUILD","message":"Build finished","state":"COMPLETE","resource":"projects/83092109834/locations/us-central1/builds/5c4f6827-7749-453a-82d3-a595f9d892de","resourceUri":"https://console.cloud.google.com/cloud-build/builds;region=us-central1/5c4f6827-7749-453a-82d3-a595f9d892de?project=83092109834"},{"name":"SERVICE","message":"Updating Cloud Run service","state":"IN_PROGRESS","resource":"projects/venda-e-faturamento/locations/us-central1/services/routeproxy","resourceUri":"https://console.cloud.google.com/run/detail/us-central1/routeproxy?project=venda-e-faturamento","stateMessages":[{"severity":"INFO","type":"CloudRunServiceNewRevisionTrafficInfo","message":"A new revision will be deployed serving with 100% traffic."}]}],"sourceToken":"ClZwcm9qZWN0cy84MzA5MjEwOTgzNC9sb2NhdGlvbnMvdXMtY2VudHJhbDEvYnVpbGRzLzVjNGY2ODI3LTc3NDktNDUzYS04MmQzLWE1OTVmOWQ4OTJkZRJ3dXMtY2VudHJhbDEtZG9ja2VyLnBrZy5kZXYvdmVuZGEtZS1mYXR1cmFtZW50by9nY2YtYXJ0aWZhY3RzL3ZlbmRhLS1lLS1mYXR1cmFtZW50b19fdXMtLWNlbnRyYWwxX19yb3V0ZV9wcm94eTp2ZXJzaW9uXzEYivSzxbUCIkdwcm9qZWN0cy92ZW5kYS1lLWZhdHVyYW1lbnRvL2xvY2F0aW9ucy91cy1jZW50cmFsMS9mdW5jdGlvbnMvcm91dGVQcm94eSoLCMOzlNMGELD3vFoyCG5vZGVqczIwOnYKI2djci5pby9nYWUtcnVudGltZXMvbm9kZWpzMjA6c3RhYmxlEk91cy1jZW50cmFsMS1kb2NrZXIucGtnLmRldi9zZXJ2ZXJsZXNzLXJ1bnRpbWVzL2dvb2dsZS0yMi1mdWxsL3J1bnRpbWVzL25vZGVqczIwQAE=","operationType":"UPDATE_FUNCTION","buildName":"projects/83092109834/locations/us-central1/builds/5c4f6827-7749-453a-82d3-a595f9d892de"},"done":false}
[debug] [2026-07-25T20:17:10.342Z] Got source token ClZwcm9qZWN0cy84MzA5MjEwOTgzNC9sb2NhdGlvbnMvdXMtY2VudHJhbDEvYnVpbGRzLzVjNGY2ODI3LTc3NDktNDUzYS04MmQzLWE1OTVmOWQ4OTJkZRJ3dXMtY2VudHJhbDEtZG9ja2VyLnBrZy5kZXYvdmVuZGEtZS1mYXR1cmFtZW50by9nY2YtYXJ0aWZhY3RzL3ZlbmRhLS1lLS1mYXR1cmFtZW50b19fdXMtLWNlbnRyYWwxX19yb3V0ZV9wcm94eTp2ZXJzaW9uXzEYivSzxbUCIkdwcm9qZWN0cy92ZW5kYS1lLWZhdHVyYW1lbnRvL2xvY2F0aW9ucy91cy1jZW50cmFsMS9mdW5jdGlvbnMvcm91dGVQcm94eSoLCMOzlNMGELD3vFoyCG5vZGVqczIwOnYKI2djci5pby9nYWUtcnVudGltZXMvbm9kZWpzMjA6c3RhYmxlEk91cy1jZW50cmFsMS1kb2NrZXIucGtnLmRldi9zZXJ2ZXJsZXNzLXJ1bnRpbWVzL2dvb2dsZS0yMi1mdWxsL3J1bnRpbWVzL25vZGVqczIwQAE= for region us-central1
[debug] [2026-07-25T20:17:20.356Z] [update-default-us-central1-routeProxy] Retrying task index 0
[debug] [2026-07-25T20:17:20.356Z] Checked if tokens are valid: true, expires at: 1785013773874
[debug] [2026-07-25T20:17:20.357Z] Checked if tokens are valid: true, expires at: 1785013773874
[debug] [2026-07-25T20:17:20.357Z] >>> [apiv2][query] GET https://cloudfunctions.googleapis.com/v2/projects/venda-e-faturamento/locations/us-central1/operations/operation-1785010585563-6577529df7017-40330185-d5d42b45 [none]
[debug] [2026-07-25T20:17:21.362Z] <<< [apiv2][status] GET https://cloudfunctions.googleapis.com/v2/projects/venda-e-faturamento/locations/us-central1/operations/operation-1785010585563-6577529df7017-40330185-d5d42b45 200
[debug] [2026-07-25T20:17:21.362Z] <<< [apiv2][body] GET https://cloudfunctions.googleapis.com/v2/projects/venda-e-faturamento/locations/us-central1/operations/operation-1785010585563-6577529df7017-40330185-d5d42b45 {"name":"projects/venda-e-faturamento/locations/us-central1/operations/operation-1785010585563-6577529df7017-40330185-d5d42b45","metadata":{"@type":"type.googleapis.com/google.cloud.functions.v2.OperationMetadata","createTime":"2026-07-25T20:16:26.646269261Z","target":"projects/venda-e-faturamento/locations/us-central1/functions/routeProxy","verb":"update","cancelRequested":false,"apiVersion":"v2","requestResource":{"@type":"type.googleapis.com/google.cloud.functions.v2.Function","name":"projects/venda-e-faturamento/locations/us-central1/functions/routeProxy","buildConfig":{"runtime":"nodejs20","entryPoint":"routeProxy","source":{"storageSource":{"bucket":"gcf-v2-sources-83092109834-us-central1","object":"routeProxy/function-source.zip","generation":"1785010586583357"}},"environmentVariables":{"GOOGLE_NODE_RUN_SCRIPTS":""},"dockerRepository":"projects/venda-e-faturamento/locations/us-central1/repositories/gcf-artifacts","sourceProvenance":{"resolvedStorageSource":{"bucket":"gcf-v2-sources-83092109834-us-central1","object":"routeProxy/function-source.zip","generation":"1785010230689401"}},"dockerRegistry":"ARTIFACT_REGISTRY","serviceAccount":"projects/venda-e-faturamento/serviceAccounts/83092109834-compute@developer.gserviceaccount.com","automaticUpdatePolicy":{}},"serviceConfig":{"service":"projects/venda-e-faturamento/locations/us-central1/services/routeproxy","timeoutSeconds":30,"environmentVariables":{"FIREBASE_CONFIG":"{\"projectId\":\"venda-e-faturamento\",\"databaseURL\":\"https://venda-e-faturamento-default-rtdb.firebaseio.com\",\"storageBucket\":\"venda-e-faturamento.firebasestorage.app\"}","GCLOUD_PROJECT":"venda-e-faturamento","EVENTARC_CLOUD_EVENT_SOURCE":"projects/venda-e-faturamento/locations/us-central1/services/routeProxy","FUNCTION_TARGET":"routeProxy","LOG_EXECUTION_ID":"true"},"ingressSettings":"ALLOW_ALL","uri":"https://routeproxy-x5dckzzjra-uc.a.run.app","serviceAccountEmail":"83092109834-compute@developer.gserviceaccount.com","availableMemory":"256Mi","allTrafficOnLatestRevision":true,"secretEnvironmentVariables":[{"key":"GOOGLE_MAPS_SERVER_API_KEY","projectId":"venda-e-faturamento","secret":"GOOGLE_MAPS_SERVER_API_KEY","version":"4"}],"revision":"routeproxy-00002-dip","maxInstanceRequestConcurrency":80,"availableCpu":"1"},"state":"ACTIVE","labels":{"deployment-tool":"cli-firebase","firebase-functions-hash":"07ef2e56a254068d50412c0fd76ef01882caae4b"},"environment":"GEN_2","url":"https://us-central1-venda-e-faturamento.cloudfunctions.net/routeProxy","satisfiesPzi":true},"stages":[{"name":"BUILD","message":"Build finished","state":"COMPLETE","resource":"projects/83092109834/locations/us-central1/builds/5c4f6827-7749-453a-82d3-a595f9d892de","resourceUri":"https://console.cloud.google.com/cloud-build/builds;region=us-central1/5c4f6827-7749-453a-82d3-a595f9d892de?project=83092109834"},{"name":"SERVICE","message":"Updating Cloud Run service","state":"IN_PROGRESS","resource":"projects/venda-e-faturamento/locations/us-central1/services/routeproxy","resourceUri":"https://console.cloud.google.com/run/detail/us-central1/routeproxy?project=venda-e-faturamento","stateMessages":[{"severity":"INFO","type":"CloudRunServiceNewRevisionTrafficInfo","message":"A new revision will be deployed serving with 100% traffic."}]}],"sourceToken":"ClZwcm9qZWN0cy84MzA5MjEwOTgzNC9sb2NhdGlvbnMvdXMtY2VudHJhbDEvYnVpbGRzLzVjNGY2ODI3LTc3NDktNDUzYS04MmQzLWE1OTVmOWQ4OTJkZRJ3dXMtY2VudHJhbDEtZG9ja2VyLnBrZy5kZXYvdmVuZGEtZS1mYXR1cmFtZW50by9nY2YtYXJ0aWZhY3RzL3ZlbmRhLS1lLS1mYXR1cmFtZW50b19fdXMtLWNlbnRyYWwxX19yb3V0ZV9wcm94eTp2ZXJzaW9uXzEYivSzxbUCIkdwcm9qZWN0cy92ZW5kYS1lLWZhdHVyYW1lbnRvL2xvY2F0aW9ucy91cy1jZW50cmFsMS9mdW5jdGlvbnMvcm91dGVQcm94eSoLCMOzlNMGELD3vFoyCG5vZGVqczIwOnYKI2djci5pby9nYWUtcnVudGltZXMvbm9kZWpzMjA6c3RhYmxlEk91cy1jZW50cmFsMS1kb2NrZXIucGtnLmRldi9zZXJ2ZXJsZXNzLXJ1bnRpbWVzL2dvb2dsZS0yMi1mdWxsL3J1bnRpbWVzL25vZGVqczIwQAE=","operationType":"UPDATE_FUNCTION","buildName":"projects/83092109834/locations/us-central1/builds/5c4f6827-7749-453a-82d3-a595f9d892de"},"done":false}
[debug] [2026-07-25T20:17:21.362Z] Got source token ClZwcm9qZWN0cy84MzA5MjEwOTgzNC9sb2NhdGlvbnMvdXMtY2VudHJhbDEvYnVpbGRzLzVjNGY2ODI3LTc3NDktNDUzYS04MmQzLWE1OTVmOWQ4OTJkZRJ3dXMtY2VudHJhbDEtZG9ja2VyLnBrZy5kZXYvdmVuZGEtZS1mYXR1cmFtZW50by9nY2YtYXJ0aWZhY3RzL3ZlbmRhLS1lLS1mYXR1cmFtZW50b19fdXMtLWNlbnRyYWwxX19yb3V0ZV9wcm94eTp2ZXJzaW9uXzEYivSzxbUCIkdwcm9qZWN0cy92ZW5kYS1lLWZhdHVyYW1lbnRvL2xvY2F0aW9ucy91cy1jZW50cmFsMS9mdW5jdGlvbnMvcm91dGVQcm94eSoLCMOzlNMGELD3vFoyCG5vZGVqczIwOnYKI2djci5pby9nYWUtcnVudGltZXMvbm9kZWpzMjA6c3RhYmxlEk91cy1jZW50cmFsMS1kb2NrZXIucGtnLmRldi9zZXJ2ZXJsZXNzLXJ1bnRpbWVzL2dvb2dsZS0yMi1mdWxsL3J1bnRpbWVzL25vZGVqczIwQAE= for region us-central1
[debug] [2026-07-25T20:17:31.365Z] [update-default-us-central1-routeProxy] Retrying task index 0
[debug] [2026-07-25T20:17:31.365Z] Checked if tokens are valid: true, expires at: 1785013773874
[debug] [2026-07-25T20:17:31.366Z] Checked if tokens are valid: true, expires at: 1785013773874
[debug] [2026-07-25T20:17:31.366Z] >>> [apiv2][query] GET https://cloudfunctions.googleapis.com/v2/projects/venda-e-faturamento/locations/us-central1/operations/operation-1785010585563-6577529df7017-40330185-d5d42b45 [none]
[debug] [2026-07-25T20:17:32.401Z] <<< [apiv2][status] GET https://cloudfunctions.googleapis.com/v2/projects/venda-e-faturamento/locations/us-central1/operations/operation-1785010585563-6577529df7017-40330185-d5d42b45 200
[debug] [2026-07-25T20:17:32.402Z] <<< [apiv2][body] GET https://cloudfunctions.googleapis.com/v2/projects/venda-e-faturamento/locations/us-central1/operations/operation-1785010585563-6577529df7017-40330185-d5d42b45 {"name":"projects/venda-e-faturamento/locations/us-central1/operations/operation-1785010585563-6577529df7017-40330185-d5d42b45","metadata":{"@type":"type.googleapis.com/google.cloud.functions.v2.OperationMetadata","createTime":"2026-07-25T20:16:26.646269261Z","target":"projects/venda-e-faturamento/locations/us-central1/functions/routeProxy","verb":"update","cancelRequested":false,"apiVersion":"v2","requestResource":{"@type":"type.googleapis.com/google.cloud.functions.v2.Function","name":"projects/venda-e-faturamento/locations/us-central1/functions/routeProxy","buildConfig":{"runtime":"nodejs20","entryPoint":"routeProxy","source":{"storageSource":{"bucket":"gcf-v2-sources-83092109834-us-central1","object":"routeProxy/function-source.zip","generation":"1785010586583357"}},"environmentVariables":{"GOOGLE_NODE_RUN_SCRIPTS":""},"dockerRepository":"projects/venda-e-faturamento/locations/us-central1/repositories/gcf-artifacts","sourceProvenance":{"resolvedStorageSource":{"bucket":"gcf-v2-sources-83092109834-us-central1","object":"routeProxy/function-source.zip","generation":"1785010230689401"}},"dockerRegistry":"ARTIFACT_REGISTRY","serviceAccount":"projects/venda-e-faturamento/serviceAccounts/83092109834-compute@developer.gserviceaccount.com","automaticUpdatePolicy":{}},"serviceConfig":{"service":"projects/venda-e-faturamento/locations/us-central1/services/routeproxy","timeoutSeconds":30,"environmentVariables":{"FIREBASE_CONFIG":"{\"projectId\":\"venda-e-faturamento\",\"databaseURL\":\"https://venda-e-faturamento-default-rtdb.firebaseio.com\",\"storageBucket\":\"venda-e-faturamento.firebasestorage.app\"}","GCLOUD_PROJECT":"venda-e-faturamento","EVENTARC_CLOUD_EVENT_SOURCE":"projects/venda-e-faturamento/locations/us-central1/services/routeProxy","FUNCTION_TARGET":"routeProxy","LOG_EXECUTION_ID":"true"},"ingressSettings":"ALLOW_ALL","uri":"https://routeproxy-x5dckzzjra-uc.a.run.app","serviceAccountEmail":"83092109834-compute@developer.gserviceaccount.com","availableMemory":"256Mi","allTrafficOnLatestRevision":true,"secretEnvironmentVariables":[{"key":"GOOGLE_MAPS_SERVER_API_KEY","projectId":"venda-e-faturamento","secret":"GOOGLE_MAPS_SERVER_API_KEY","version":"4"}],"revision":"routeproxy-00002-dip","maxInstanceRequestConcurrency":80,"availableCpu":"1"},"state":"ACTIVE","labels":{"deployment-tool":"cli-firebase","firebase-functions-hash":"07ef2e56a254068d50412c0fd76ef01882caae4b"},"environment":"GEN_2","url":"https://us-central1-venda-e-faturamento.cloudfunctions.net/routeProxy","satisfiesPzi":true},"stages":[{"name":"BUILD","message":"Build finished","state":"COMPLETE","resource":"projects/83092109834/locations/us-central1/builds/5c4f6827-7749-453a-82d3-a595f9d892de","resourceUri":"https://console.cloud.google.com/cloud-build/builds;region=us-central1/5c4f6827-7749-453a-82d3-a595f9d892de?project=83092109834"},{"name":"SERVICE","message":"Updating Cloud Run service","state":"IN_PROGRESS","resource":"projects/venda-e-faturamento/locations/us-central1/services/routeproxy","resourceUri":"https://console.cloud.google.com/run/detail/us-central1/routeproxy?project=venda-e-faturamento","stateMessages":[{"severity":"INFO","type":"CloudRunServiceNewRevisionTrafficInfo","message":"A new revision will be deployed serving with 100% traffic."}]}],"sourceToken":"ClZwcm9qZWN0cy84MzA5MjEwOTgzNC9sb2NhdGlvbnMvdXMtY2VudHJhbDEvYnVpbGRzLzVjNGY2ODI3LTc3NDktNDUzYS04MmQzLWE1OTVmOWQ4OTJkZRJ3dXMtY2VudHJhbDEtZG9ja2VyLnBrZy5kZXYvdmVuZGEtZS1mYXR1cmFtZW50by9nY2YtYXJ0aWZhY3RzL3ZlbmRhLS1lLS1mYXR1cmFtZW50b19fdXMtLWNlbnRyYWwxX19yb3V0ZV9wcm94eTp2ZXJzaW9uXzEYivSzxbUCIkdwcm9qZWN0cy92ZW5kYS1lLWZhdHVyYW1lbnRvL2xvY2F0aW9ucy91cy1jZW50cmFsMS9mdW5jdGlvbnMvcm91dGVQcm94eSoLCMOzlNMGELD3vFoyCG5vZGVqczIwOnYKI2djci5pby9nYWUtcnVudGltZXMvbm9kZWpzMjA6c3RhYmxlEk91cy1jZW50cmFsMS1kb2NrZXIucGtnLmRldi9zZXJ2ZXJsZXNzLXJ1bnRpbWVzL2dvb2dsZS0yMi1mdWxsL3J1bnRpbWVzL25vZGVqczIwQAE=","operationType":"UPDATE_FUNCTION","buildName":"projects/83092109834/locations/us-central1/builds/5c4f6827-7749-453a-82d3-a595f9d892de"},"done":false}
[debug] [2026-07-25T20:17:32.402Z] Got source token ClZwcm9qZWN0cy84MzA5MjEwOTgzNC9sb2NhdGlvbnMvdXMtY2VudHJhbDEvYnVpbGRzLzVjNGY2ODI3LTc3NDktNDUzYS04MmQzLWE1OTVmOWQ4OTJkZRJ3dXMtY2VudHJhbDEtZG9ja2VyLnBrZy5kZXYvdmVuZGEtZS1mYXR1cmFtZW50by9nY2YtYXJ0aWZhY3RzL3ZlbmRhLS1lLS1mYXR1cmFtZW50b19fdXMtLWNlbnRyYWwxX19yb3V0ZV9wcm94eTp2ZXJzaW9uXzEYivSzxbUCIkdwcm9qZWN0cy92ZW5kYS1lLWZhdHVyYW1lbnRvL2xvY2F0aW9ucy91cy1jZW50cmFsMS9mdW5jdGlvbnMvcm91dGVQcm94eSoLCMOzlNMGELD3vFoyCG5vZGVqczIwOnYKI2djci5pby9nYWUtcnVudGltZXMvbm9kZWpzMjA6c3RhYmxlEk91cy1jZW50cmFsMS1kb2NrZXIucGtnLmRldi9zZXJ2ZXJsZXNzLXJ1bnRpbWVzL2dvb2dsZS0yMi1mdWxsL3J1bnRpbWVzL25vZGVqczIwQAE= for region us-central1
[debug] [2026-07-25T20:17:42.409Z] [update-default-us-central1-routeProxy] Retrying task index 0
[debug] [2026-07-25T20:17:42.409Z] Checked if tokens are valid: true, expires at: 1785013773874
[debug] [2026-07-25T20:17:42.409Z] Checked if tokens are valid: true, expires at: 1785013773874
[debug] [2026-07-25T20:17:42.409Z] >>> [apiv2][query] GET https://cloudfunctions.googleapis.com/v2/projects/venda-e-faturamento/locations/us-central1/operations/operation-1785010585563-6577529df7017-40330185-d5d42b45 [none]
[debug] [2026-07-25T20:17:43.420Z] <<< [apiv2][status] GET https://cloudfunctions.googleapis.com/v2/projects/venda-e-faturamento/locations/us-central1/operations/operation-1785010585563-6577529df7017-40330185-d5d42b45 200
[debug] [2026-07-25T20:17:43.420Z] <<< [apiv2][body] GET https://cloudfunctions.googleapis.com/v2/projects/venda-e-faturamento/locations/us-central1/operations/operation-1785010585563-6577529df7017-40330185-d5d42b45 {"name":"projects/venda-e-faturamento/locations/us-central1/operations/operation-1785010585563-6577529df7017-40330185-d5d42b45","metadata":{"@type":"type.googleapis.com/google.cloud.functions.v2.OperationMetadata","createTime":"2026-07-25T20:16:26.646269261Z","target":"projects/venda-e-faturamento/locations/us-central1/functions/routeProxy","verb":"update","cancelRequested":false,"apiVersion":"v2","requestResource":{"@type":"type.googleapis.com/google.cloud.functions.v2.Function","name":"projects/venda-e-faturamento/locations/us-central1/functions/routeProxy","buildConfig":{"runtime":"nodejs20","entryPoint":"routeProxy","source":{"storageSource":{"bucket":"gcf-v2-sources-83092109834-us-central1","object":"routeProxy/function-source.zip","generation":"1785010586583357"}},"environmentVariables":{"GOOGLE_NODE_RUN_SCRIPTS":""},"dockerRepository":"projects/venda-e-faturamento/locations/us-central1/repositories/gcf-artifacts","sourceProvenance":{"resolvedStorageSource":{"bucket":"gcf-v2-sources-83092109834-us-central1","object":"routeProxy/function-source.zip","generation":"1785010230689401"}},"dockerRegistry":"ARTIFACT_REGISTRY","serviceAccount":"projects/venda-e-faturamento/serviceAccounts/83092109834-compute@developer.gserviceaccount.com","automaticUpdatePolicy":{}},"serviceConfig":{"service":"projects/venda-e-faturamento/locations/us-central1/services/routeproxy","timeoutSeconds":30,"environmentVariables":{"FIREBASE_CONFIG":"{\"projectId\":\"venda-e-faturamento\",\"databaseURL\":\"https://venda-e-faturamento-default-rtdb.firebaseio.com\",\"storageBucket\":\"venda-e-faturamento.firebasestorage.app\"}","GCLOUD_PROJECT":"venda-e-faturamento","EVENTARC_CLOUD_EVENT_SOURCE":"projects/venda-e-faturamento/locations/us-central1/services/routeProxy","FUNCTION_TARGET":"routeProxy","LOG_EXECUTION_ID":"true"},"ingressSettings":"ALLOW_ALL","uri":"https://routeproxy-x5dckzzjra-uc.a.run.app","serviceAccountEmail":"83092109834-compute@developer.gserviceaccount.com","availableMemory":"256Mi","allTrafficOnLatestRevision":true,"secretEnvironmentVariables":[{"key":"GOOGLE_MAPS_SERVER_API_KEY","projectId":"venda-e-faturamento","secret":"GOOGLE_MAPS_SERVER_API_KEY","version":"4"}],"revision":"routeproxy-00002-dip","maxInstanceRequestConcurrency":80,"availableCpu":"1"},"state":"ACTIVE","labels":{"deployment-tool":"cli-firebase","firebase-functions-hash":"07ef2e56a254068d50412c0fd76ef01882caae4b"},"environment":"GEN_2","url":"https://us-central1-venda-e-faturamento.cloudfunctions.net/routeProxy","satisfiesPzi":true},"stages":[{"name":"BUILD","message":"Build finished","state":"COMPLETE","resource":"projects/83092109834/locations/us-central1/builds/5c4f6827-7749-453a-82d3-a595f9d892de","resourceUri":"https://console.cloud.google.com/cloud-build/builds;region=us-central1/5c4f6827-7749-453a-82d3-a595f9d892de?project=83092109834"},{"name":"SERVICE","message":"Updating Cloud Run service","state":"IN_PROGRESS","resource":"projects/venda-e-faturamento/locations/us-central1/services/routeproxy","resourceUri":"https://console.cloud.google.com/run/detail/us-central1/routeproxy?project=venda-e-faturamento","stateMessages":[{"severity":"INFO","type":"CloudRunServiceNewRevisionTrafficInfo","message":"A new revision will be deployed serving with 100% traffic."}]}],"sourceToken":"ClZwcm9qZWN0cy84MzA5MjEwOTgzNC9sb2NhdGlvbnMvdXMtY2VudHJhbDEvYnVpbGRzLzVjNGY2ODI3LTc3NDktNDUzYS04MmQzLWE1OTVmOWQ4OTJkZRJ3dXMtY2VudHJhbDEtZG9ja2VyLnBrZy5kZXYvdmVuZGEtZS1mYXR1cmFtZW50by9nY2YtYXJ0aWZhY3RzL3ZlbmRhLS1lLS1mYXR1cmFtZW50b19fdXMtLWNlbnRyYWwxX19yb3V0ZV9wcm94eTp2ZXJzaW9uXzEYivSzxbUCIkdwcm9qZWN0cy92ZW5kYS1lLWZhdHVyYW1lbnRvL2xvY2F0aW9ucy91cy1jZW50cmFsMS9mdW5jdGlvbnMvcm91dGVQcm94eSoLCMOzlNMGELD3vFoyCG5vZGVqczIwOnYKI2djci5pby9nYWUtcnVudGltZXMvbm9kZWpzMjA6c3RhYmxlEk91cy1jZW50cmFsMS1kb2NrZXIucGtnLmRldi9zZXJ2ZXJsZXNzLXJ1bnRpbWVzL2dvb2dsZS0yMi1mdWxsL3J1bnRpbWVzL25vZGVqczIwQAE=","operationType":"UPDATE_FUNCTION","buildName":"projects/83092109834/locations/us-central1/builds/5c4f6827-7749-453a-82d3-a595f9d892de"},"done":false}
[debug] [2026-07-25T20:17:43.420Z] Got source token ClZwcm9qZWN0cy84MzA5MjEwOTgzNC9sb2NhdGlvbnMvdXMtY2VudHJhbDEvYnVpbGRzLzVjNGY2ODI3LTc3NDktNDUzYS04MmQzLWE1OTVmOWQ4OTJkZRJ3dXMtY2VudHJhbDEtZG9ja2VyLnBrZy5kZXYvdmVuZGEtZS1mYXR1cmFtZW50by9nY2YtYXJ0aWZhY3RzL3ZlbmRhLS1lLS1mYXR1cmFtZW50b19fdXMtLWNlbnRyYWwxX19yb3V0ZV9wcm94eTp2ZXJzaW9uXzEYivSzxbUCIkdwcm9qZWN0cy92ZW5kYS1lLWZhdHVyYW1lbnRvL2xvY2F0aW9ucy91cy1jZW50cmFsMS9mdW5jdGlvbnMvcm91dGVQcm94eSoLCMOzlNMGELD3vFoyCG5vZGVqczIwOnYKI2djci5pby9nYWUtcnVudGltZXMvbm9kZWpzMjA6c3RhYmxlEk91cy1jZW50cmFsMS1kb2NrZXIucGtnLmRldi9zZXJ2ZXJsZXNzLXJ1bnRpbWVzL2dvb2dsZS0yMi1mdWxsL3J1bnRpbWVzL25vZGVqczIwQAE= for region us-central1
[debug] [2026-07-25T20:17:53.426Z] [update-default-us-central1-routeProxy] Retrying task index 0
[debug] [2026-07-25T20:17:53.426Z] Checked if tokens are valid: true, expires at: 1785013773874
[debug] [2026-07-25T20:17:53.426Z] Checked if tokens are valid: true, expires at: 1785013773874
[debug] [2026-07-25T20:17:53.426Z] >>> [apiv2][query] GET https://cloudfunctions.googleapis.com/v2/projects/venda-e-faturamento/locations/us-central1/operations/operation-1785010585563-6577529df7017-40330185-d5d42b45 [none]
[debug] [2026-07-25T20:17:54.466Z] <<< [apiv2][status] GET https://cloudfunctions.googleapis.com/v2/projects/venda-e-faturamento/locations/us-central1/operations/operation-1785010585563-6577529df7017-40330185-d5d42b45 200
[debug] [2026-07-25T20:17:54.466Z] <<< [apiv2][body] GET https://cloudfunctions.googleapis.com/v2/projects/venda-e-faturamento/locations/us-central1/operations/operation-1785010585563-6577529df7017-40330185-d5d42b45 {"name":"projects/venda-e-faturamento/locations/us-central1/operations/operation-1785010585563-6577529df7017-40330185-d5d42b45","metadata":{"@type":"type.googleapis.com/google.cloud.functions.v2.OperationMetadata","createTime":"2026-07-25T20:16:26.646269261Z","endTime":"2026-07-25T20:17:43.503504552Z","target":"projects/venda-e-faturamento/locations/us-central1/functions/routeProxy","verb":"update","cancelRequested":false,"apiVersion":"v2","requestResource":{"@type":"type.googleapis.com/google.cloud.functions.v2.Function","name":"projects/venda-e-faturamento/locations/us-central1/functions/routeProxy","buildConfig":{"runtime":"nodejs20","entryPoint":"routeProxy","source":{"storageSource":{"bucket":"gcf-v2-sources-83092109834-us-central1","object":"routeProxy/function-source.zip","generation":"1785010586583357"}},"environmentVariables":{"GOOGLE_NODE_RUN_SCRIPTS":""},"dockerRepository":"projects/venda-e-faturamento/locations/us-central1/repositories/gcf-artifacts","sourceProvenance":{"resolvedStorageSource":{"bucket":"gcf-v2-sources-83092109834-us-central1","object":"routeProxy/function-source.zip","generation":"1785010230689401"}},"dockerRegistry":"ARTIFACT_REGISTRY","serviceAccount":"projects/venda-e-faturamento/serviceAccounts/83092109834-compute@developer.gserviceaccount.com","automaticUpdatePolicy":{}},"serviceConfig":{"service":"projects/venda-e-faturamento/locations/us-central1/services/routeproxy","timeoutSeconds":30,"environmentVariables":{"FIREBASE_CONFIG":"{\"projectId\":\"venda-e-faturamento\",\"databaseURL\":\"https://venda-e-faturamento-default-rtdb.firebaseio.com\",\"storageBucket\":\"venda-e-faturamento.firebasestorage.app\"}","GCLOUD_PROJECT":"venda-e-faturamento","EVENTARC_CLOUD_EVENT_SOURCE":"projects/venda-e-faturamento/locations/us-central1/services/routeProxy","FUNCTION_TARGET":"routeProxy","LOG_EXECUTION_ID":"true"},"ingressSettings":"ALLOW_ALL","uri":"https://routeproxy-x5dckzzjra-uc.a.run.app","serviceAccountEmail":"83092109834-compute@developer.gserviceaccount.com","availableMemory":"256Mi","allTrafficOnLatestRevision":true,"secretEnvironmentVariables":[{"key":"GOOGLE_MAPS_SERVER_API_KEY","projectId":"venda-e-faturamento","secret":"GOOGLE_MAPS_SERVER_API_KEY","version":"4"}],"revision":"routeproxy-00002-dip","maxInstanceRequestConcurrency":80,"availableCpu":"1"},"state":"ACTIVE","labels":{"deployment-tool":"cli-firebase","firebase-functions-hash":"07ef2e56a254068d50412c0fd76ef01882caae4b"},"environment":"GEN_2","url":"https://us-central1-venda-e-faturamento.cloudfunctions.net/routeProxy","satisfiesPzi":true},"stages":[{"name":"BUILD","message":"Build finished","state":"COMPLETE","resource":"projects/83092109834/locations/us-central1/builds/5c4f6827-7749-453a-82d3-a595f9d892de","resourceUri":"https://console.cloud.google.com/cloud-build/builds;region=us-central1/5c4f6827-7749-453a-82d3-a595f9d892de?project=83092109834"},{"name":"SERVICE","message":"Updating Cloud Run service","state":"COMPLETE","resource":"projects/venda-e-faturamento/locations/us-central1/services/routeproxy","resourceUri":"https://console.cloud.google.com/run/detail/us-central1/routeproxy?project=venda-e-faturamento","stateMessages":[{"severity":"INFO","type":"CloudRunServiceNewRevisionTrafficInfo","message":"A new revision will be deployed serving with 100% traffic."}]}],"sourceToken":"ClZwcm9qZWN0cy84MzA5MjEwOTgzNC9sb2NhdGlvbnMvdXMtY2VudHJhbDEvYnVpbGRzLzVjNGY2ODI3LTc3NDktNDUzYS04MmQzLWE1OTVmOWQ4OTJkZRJ3dXMtY2VudHJhbDEtZG9ja2VyLnBrZy5kZXYvdmVuZGEtZS1mYXR1cmFtZW50by9nY2YtYXJ0aWZhY3RzL3ZlbmRhLS1lLS1mYXR1cmFtZW50b19fdXMtLWNlbnRyYWwxX19yb3V0ZV9wcm94eTp2ZXJzaW9uXzEYivSzxbUCIkdwcm9qZWN0cy92ZW5kYS1lLWZhdHVyYW1lbnRvL2xvY2F0aW9ucy91cy1jZW50cmFsMS9mdW5jdGlvbnMvcm91dGVQcm94eSoLCMOzlNMGELD3vFoyCG5vZGVqczIwOnYKI2djci5pby9nYWUtcnVudGltZXMvbm9kZWpzMjA6c3RhYmxlEk91cy1jZW50cmFsMS1kb2NrZXIucGtnLmRldi9zZXJ2ZXJsZXNzLXJ1bnRpbWVzL2dvb2dsZS0yMi1mdWxsL3J1bnRpbWVzL25vZGVqczIwQAE=","operationType":"UPDATE_FUNCTION","buildName":"projects/83092109834/locations/us-central1/builds/5c4f6827-7749-453a-82d3-a595f9d892de"},"done":true,"response":{"@type":"type.googleapis.com/google.cloud.functions.v2.Function","name":"projects/venda-e-faturamento/locations/us-central1/functions/routeProxy","buildConfig":{"build":"projects/83092109834/locations/us-central1/builds/5c4f6827-7749-453a-82d3-a595f9d892de","runtime":"nodejs20","entryPoint":"routeProxy","source":{"storageSource":{"bucket":"gcf-v2-sources-83092109834-us-central1","object":"routeProxy/function-source.zip","generation":"1785010586583357"}},"environmentVariables":{"GOOGLE_NODE_RUN_SCRIPTS":""},"dockerRepository":"projects/venda-e-faturamento/locations/us-central1/repositories/gcf-artifacts","sourceProvenance":{"resolvedStorageSource":{"bucket":"gcf-v2-sources-83092109834-us-central1","object":"routeProxy/function-source.zip","generation":"1785010586583357"}},"dockerRegistry":"ARTIFACT_REGISTRY","serviceAccount":"projects/venda-e-faturamento/serviceAccounts/83092109834-compute@developer.gserviceaccount.com","automaticUpdatePolicy":{}},"serviceConfig":{"service":"projects/venda-e-faturamento/locations/us-central1/services/routeproxy","timeoutSeconds":30,"environmentVariables":{"FIREBASE_CONFIG":"{\"projectId\":\"venda-e-faturamento\",\"databaseURL\":\"https://venda-e-faturamento-default-rtdb.firebaseio.com\",\"storageBucket\":\"venda-e-faturamento.firebasestorage.app\"}","GCLOUD_PROJECT":"venda-e-faturamento","EVENTARC_CLOUD_EVENT_SOURCE":"projects/venda-e-faturamento/locations/us-central1/services/routeProxy","FUNCTION_TARGET":"routeProxy","LOG_EXECUTION_ID":"true"},"maxInstanceCount":20,"ingressSettings":"ALLOW_ALL","uri":"https://routeproxy-x5dckzzjra-uc.a.run.app","serviceAccountEmail":"83092109834-compute@developer.gserviceaccount.com","availableMemory":"256Mi","allTrafficOnLatestRevision":true,"secretEnvironmentVariables":[{"key":"GOOGLE_MAPS_SERVER_API_KEY","projectId":"venda-e-faturamento","secret":"GOOGLE_MAPS_SERVER_API_KEY","version":"4"}],"revision":"routeproxy-00003-col","maxInstanceRequestConcurrency":80,"availableCpu":"1"},"state":"ACTIVE","updateTime":"2026-07-25T20:16:26.649545231Z","labels":{"deployment-tool":"cli-firebase","firebase-functions-hash":"07ef2e56a254068d50412c0fd76ef01882caae4b"},"environment":"GEN_2","url":"https://us-central1-venda-e-faturamento.cloudfunctions.net/routeProxy","createTime":"2026-07-25T19:37:45.664331491Z","satisfiesPzi":true}}
[debug] [2026-07-25T20:17:54.466Z] Got source token ClZwcm9qZWN0cy84MzA5MjEwOTgzNC9sb2NhdGlvbnMvdXMtY2VudHJhbDEvYnVpbGRzLzVjNGY2ODI3LTc3NDktNDUzYS04MmQzLWE1OTVmOWQ4OTJkZRJ3dXMtY2VudHJhbDEtZG9ja2VyLnBrZy5kZXYvdmVuZGEtZS1mYXR1cmFtZW50by9nY2YtYXJ0aWZhY3RzL3ZlbmRhLS1lLS1mYXR1cmFtZW50b19fdXMtLWNlbnRyYWwxX19yb3V0ZV9wcm94eTp2ZXJzaW9uXzEYivSzxbUCIkdwcm9qZWN0cy92ZW5kYS1lLWZhdHVyYW1lbnRvL2xvY2F0aW9ucy91cy1jZW50cmFsMS9mdW5jdGlvbnMvcm91dGVQcm94eSoLCMOzlNMGELD3vFoyCG5vZGVqczIwOnYKI2djci5pby9nYWUtcnVudGltZXMvbm9kZWpzMjA6c3RhYmxlEk91cy1jZW50cmFsMS1kb2NrZXIucGtnLmRldi9zZXJ2ZXJsZXNzLXJ1bnRpbWVzL2dvb2dsZS0yMi1mdWxsL3J1bnRpbWVzL25vZGVqczIwQAE= for region us-central1
[info] +  functions[routeProxy(us-central1)] Successful update operation. 
[debug] [2026-07-25T20:17:54.473Z] Total Function Deployment time: 88307
[debug] [2026-07-25T20:17:54.473Z] 1 Functions Deployed
[debug] [2026-07-25T20:17:54.474Z] 0 Functions Errored
[debug] [2026-07-25T20:17:54.474Z] 0 Function Deployments Aborted
[debug] [2026-07-25T20:17:54.474Z] Average Function Deployment time: 88307
[info] Function URL (routeProxy(us-central1)): https://routeproxy-x5dckzzjra-uc.a.run.app
[debug] [2026-07-25T20:17:54.615Z] Not printing URL for HTTPS function. Typically this means it didn't match a filter or we failed deployment
[debug] [2026-07-25T20:17:54.615Z] Not printing URL for HTTPS function. Typically this means it didn't match a filter or we failed deployment
[debug] [2026-07-25T20:17:54.616Z] No lifecycle hook configured for event: afterUpdate
[debug] [2026-07-25T20:17:54.616Z] Checked if tokens are valid: true, expires at: 1785013773874
[debug] [2026-07-25T20:17:54.616Z] Checked if tokens are valid: true, expires at: 1785013773874
[debug] [2026-07-25T20:17:54.616Z] >>> [apiv2][query] GET https://artifactregistry.googleapis.com/v1/projects/venda-e-faturamento/locations/us-central1/repositories/gcf-artifacts [none]
[debug] [2026-07-25T20:17:55.706Z] <<< [apiv2][status] GET https://artifactregistry.googleapis.com/v1/projects/venda-e-faturamento/locations/us-central1/repositories/gcf-artifacts 200
[debug] [2026-07-25T20:17:55.706Z] <<< [apiv2][body] GET https://artifactregistry.googleapis.com/v1/projects/venda-e-faturamento/locations/us-central1/repositories/gcf-artifacts {"name":"projects/venda-e-faturamento/locations/us-central1/repositories/gcf-artifacts","format":"DOCKER","description":"This repository is created and used by Cloud Functions for storing function docker images.","labels":{"goog-managed-by":"cloudfunctions"},"createTime":"2026-07-12T23:51:38.900182Z","updateTime":"2026-07-25T20:16:52.589237Z","mode":"STANDARD_REPOSITORY","cleanupPolicies":{"firebase-functions-cleanup":{"id":"firebase-functions-cleanup","action":"DELETE","condition":{"tagState":"ANY","olderThan":"86400s"}}},"sizeBytes":"87971224","vulnerabilityScanningConfig":{"lastEnableTime":"2026-07-12T23:51:27.877305752Z","enablementState":"SCANNING_DISABLED","enablementStateReason":"API containerscanning.googleapis.com is not enabled."},"satisfiesPzi":true,"registryUri":"us-central1-docker.pkg.dev/venda-e-faturamento/gcf-artifacts"}
[info] 
[info] +  Deploy complete! 
[info] 
[info] Project Console: https://console.firebase.google.com/project/venda-e-faturamento/overview
[debug] [2026-07-25T20:22:54.808Z] ----------------------------------------------------------------------
[debug] [2026-07-25T20:22:54.809Z] Command:       C:\Program Files\nodejs\node.exe C:\Users\Luan Rigatti\AppData\Roaming\npm\node_modules\firebase-tools\lib\bin\firebase.js functions:log --only routeProxy --project venda-e-faturamento
[debug] [2026-07-25T20:22:54.809Z] CLI Version:   15.22.4
[debug] [2026-07-25T20:22:54.809Z] Platform:      win32
[debug] [2026-07-25T20:22:54.809Z] Node Version:  v26.4.0
[debug] [2026-07-25T20:22:54.809Z] Detected Agent: codex_cli
[debug] [2026-07-25T20:22:54.809Z] Time:          Sat Jul 25 2026 17:22:54 GMT-0300 (Horário Padrão de Brasília)
[debug] [2026-07-25T20:22:54.809Z] ----------------------------------------------------------------------
[debug] 
[debug] [2026-07-25T20:22:54.897Z] > command requires scopes: ["email","openid","https://www.googleapis.com/auth/cloudplatformprojects.readonly","https://www.googleapis.com/auth/firebase","https://www.googleapis.com/auth/cloud-platform"]
[debug] [2026-07-25T20:22:54.897Z] > authorizing via signed-in user (luanr.rigatti@gmail.com)
[debug] [2026-07-25T20:22:54.897Z] [iam] checking project venda-e-faturamento for permissions ["firebase.projects.get","logging.logEntries.list","logging.logs.list"]
[debug] [2026-07-25T20:22:54.898Z] Checked if tokens are valid: true, expires at: 1785013773874
[debug] [2026-07-25T20:22:54.898Z] Checked if tokens are valid: true, expires at: 1785013773874
[debug] [2026-07-25T20:22:54.899Z] >>> [apiv2][query] POST https://cloudresourcemanager.googleapis.com/v1/projects/venda-e-faturamento:testIamPermissions [none]
[debug] [2026-07-25T20:22:54.899Z] >>> [apiv2][(partial)header] POST https://cloudresourcemanager.googleapis.com/v1/projects/venda-e-faturamento:testIamPermissions  x-goog-user-project=venda-e-faturamento
[debug] [2026-07-25T20:22:54.899Z] >>> [apiv2][body] POST https://cloudresourcemanager.googleapis.com/v1/projects/venda-e-faturamento:testIamPermissions {"permissions":["firebase.projects.get","logging.logEntries.list","logging.logs.list"]}
[debug] [2026-07-25T20:22:55.776Z] <<< [apiv2][status] POST https://cloudresourcemanager.googleapis.com/v1/projects/venda-e-faturamento:testIamPermissions 200
[debug] [2026-07-25T20:22:55.776Z] <<< [apiv2][body] POST https://cloudresourcemanager.googleapis.com/v1/projects/venda-e-faturamento:testIamPermissions {"permissions":["firebase.projects.get","logging.logEntries.list","logging.logs.list"]}
[debug] [2026-07-25T20:22:55.776Z] Checked if tokens are valid: true, expires at: 1785013773874
[debug] [2026-07-25T20:22:55.776Z] Checked if tokens are valid: true, expires at: 1785013773874
[debug] [2026-07-25T20:22:55.776Z] >>> [apiv2][query] POST https://logging.googleapis.com/v2/entries:list [none]
[debug] [2026-07-25T20:22:55.776Z] >>> [apiv2][body] POST https://logging.googleapis.com/v2/entries:list {"resourceNames":["projects/venda-e-faturamento"],"filter":"resource.type=\"cloud_function\" OR (resource.type=\"cloud_run_revision\" AND labels.\"goog-managed-by\"=\"cloudfunctions\")\n(resource.labels.function_name=\"routeProxy\" OR resource.labels.service_name=\"routeProxy\")","orderBy":"timestamp desc","pageSize":35}
[debug] [2026-07-25T20:22:57.701Z] <<< [apiv2][status] POST https://logging.googleapis.com/v2/entries:list 200
[debug] [2026-07-25T20:22:57.702Z] <<< [apiv2][body] POST https://logging.googleapis.com/v2/entries:list {"entries":[{"textPayload":"routeProxy request failed { code: 'maps_request_failed', operation: 'route', status: 502 }\n","insertId":"6a651a710007d55f441d6999","resource":{"type":"cloud_run_revision","labels":{"service_name":"routeproxy","project_id":"venda-e-faturamento","location":"us-central1","configuration_name":"routeproxy","revision_name":"routeproxy-00003-col"}},"timestamp":"2026-07-25T20:20:01.513375Z","labels":{"goog-managed-by":"cloudfunctions","firebase-functions-hash":"07ef2e56a254068d50412c0fd76ef01882caae4b","goog-drz-cloudfunctions-location":"us-central1","goog-drz-cloudfunctions-id":"routeproxy","execution_id":"0tcd8nxvmzpn","run.googleapis.com/base_image_versions":"us-docker.pkg.dev/serverless-runtimes/google-22-full/runtimes/nodejs20:nodejs20_20260615_20_20_2_RC00","instanceId":"001548f729e40c152ae24fc95511cea5ae4eb9b9fdfbc19d7809a80a387253024071a9df042b84860f8f22234880b149eec56c5f60d7514f5fc149df1f73f42f947b21ac938d8114a330adc8719a10"},"logName":"projects/venda-e-faturamento/logs/run.googleapis.com%2Fstderr","writerEmailAddress":"app-engine-appserver@prod.google.com","internalId":{"projectNumber":"83092109834"},"receiveTimestamp":"2026-07-25T20:20:01.519263736Z","spanId":"4770248569673477848","internalMetadata":{"queryAnnotations":{"residentBucketUuid":"83092109834_d","residentBucketEntityId":{"projectNumber":"83092109834"}},"bucketUuid":[{"tcubeShardNames":["global05-us-east1"],"uid":"83092109834_d"}],"billingSize":"964","logBucketWithSinkInfo":[{"uid":"83092109834_d","tcubeShardNames":["global05-us-east1"],"sinkInfo":[{"status":"OK","unmodifiedDefaultSinkInternalId":{"projectNumber":"83092109834"}}],"bucketOwner":{"projectNumber":"83092109834"}}]}},{"insertId":"6a651a710007da9f8517cb16","httpRequest":{"requestMethod":"POST","requestUrl":"https://us-central1-venda-e-faturamento.cloudfunctions.net/routeProxy","requestSize":"2411","status":502,"responseSize":"397","userAgent":"mobile","remoteIp":"2804:d55:831a:cf00:760b:138f:bebd:3c46","referer":"http://localhost:8082/","serverIp":"2001:4860:4802:36::36","latency":"0.102517888s","protocol":"HTTP/1.1"},"resource":{"type":"cloud_run_revision","labels":{"project_id":"venda-e-faturamento","service_name":"routeproxy","location":"us-central1","configuration_name":"routeproxy","revision_name":"routeproxy-00003-col"}},"timestamp":"2026-07-25T20:20:01.409583Z","severity":"ERROR","labels":{"goog-drz-cloudfunctions-location":"us-central1","firebase-functions-hash":"07ef2e56a254068d50412c0fd76ef01882caae4b","goog-managed-by":"cloudfunctions","goog-drz-cloudfunctions-id":"routeproxy","instanceId":"001548f729e40c152ae24fc95511cea5ae4eb9b9fdfbc19d7809a80a387253024071a9df042b84860f8f22234880b149eec56c5f60d7514f5fc149df1f73f42f947b21ac938d8114a330adc8719a10"},"logName":"projects/venda-e-faturamento/logs/run.googleapis.com%2Frequests","writerEmailAddress":"app-engine-appserver@prod.google.com","internalId":{"projectNumber":"83092109834"},"trace":"projects/venda-e-faturamento/traces/b41bc5de9a57b2f7f9b9063b0ca93dfb","receiveTimestamp":"2026-07-25T20:20:01.703417379Z","spanId":"423353ccddb3eed8","internalMetadata":{"queryAnnotations":{"residentBucketUuid":"83092109834_d","residentBucketEntityId":{"projectNumber":"83092109834"}},"bucketUuid":[{"tcubeShardNames":["global05-us-east1"],"uid":"83092109834_d"}],"billingSize":"969","logBucketWithSinkInfo":[{"uid":"83092109834_d","tcubeShardNames":["global05-us-east1"],"sinkInfo":[{"status":"OK","unmodifiedDefaultSinkInternalId":{"projectNumber":"83092109834"}}],"bucketOwner":{"projectNumber":"83092109834"}}]}},{"insertId":"6a651a710002dda57bb855a0","httpRequest":{"requestMethod":"POST","requestUrl":"https://us-central1-venda-e-faturamento.cloudfunctions.net/routeProxy","requestSize":"1922","status":200,"responseSize":"432","userAgent":"mobile","remoteIp":"2804:d55:831a:cf00:760b:138f:bebd:3c46","referer":"http://localhost:8082/","serverIp":"2001:4860:4802:36::36","latency":"0.098036546s","protocol":"HTTP/1.1"},"resource":{"type":"cloud_run_revision","labels":{"revision_name":"routeproxy-00003-col","service_name":"routeproxy","project_id":"venda-e-faturamento","configuration_name":"routeproxy","location":"us-central1"}},"timestamp":"2026-07-25T20:20:01.086259Z","severity":"INFO","labels":{"instanceId":"001548f729e40c152ae24fc95511cea5ae4eb9b9fdfbc19d7809a80a387253024071a9df042b84860f8f22234880b149eec56c5f60d7514f5fc149df1f73f42f947b21ac938d8114a330adc8719a10","goog-drz-cloudfunctions-id":"routeproxy","firebase-functions-hash":"07ef2e56a254068d50412c0fd76ef01882caae4b","goog-drz-cloudfunctions-location":"us-central1","goog-managed-by":"cloudfunctions"},"logName":"projects/venda-e-faturamento/logs/run.googleapis.com%2Frequests","writerEmailAddress":"app-engine-appserver@prod.google.com","internalId":{"projectNumber":"83092109834"},"trace":"projects/venda-e-faturamento/traces/c7837cfcb5da4b23f9b9063b0ca93368","receiveTimestamp":"2026-07-25T20:20:01.371062272Z","spanId":"8189ee7d76e2ad73","internalMetadata":{"queryAnnotations":{"residentBucketUuid":"83092109834_d","residentBucketEntityId":{"projectNumber":"83092109834"}},"bucketUuid":[{"tcubeShardNames":["global05-us-east1"],"uid":"83092109834_d"}],"billingSize":"968","logBucketWithSinkInfo":[{"uid":"83092109834_d","tcubeShardNames":["global05-us-east1"],"sinkInfo":[{"status":"OK","unmodifiedDefaultSinkInternalId":{"projectNumber":"83092109834"}}],"bucketOwner":{"projectNumber":"83092109834"}}]}},{"insertId":"6a651a710002be2eeb92b588","httpRequest":{"requestMethod":"POST","requestUrl":"https://us-central1-venda-e-faturamento.cloudfunctions.net/routeProxy","requestSize":"1925","status":200,"responseSize":"462","userAgent":"mobile","remoteIp":"2804:d55:831a:cf00:760b:138f:bebd:3c46","referer":"http://localhost:8082/","serverIp":"2001:4860:4802:36::36","latency":"0.089783552s","protocol":"HTTP/1.1"},"resource":{"type":"cloud_run_revision","labels":{"project_id":"venda-e-faturamento","service_name":"routeproxy","configuration_name":"routeproxy","location":"us-central1","revision_name":"routeproxy-00003-col"}},"timestamp":"2026-07-25T20:20:01.085161Z","severity":"INFO","labels":{"instanceId":"001548f729e40c152ae24fc95511cea5ae4eb9b9fdfbc19d7809a80a387253024071a9df042b84860f8f22234880b149eec56c5f60d7514f5fc149df1f73f42f947b21ac938d8114a330adc8719a10","goog-drz-cloudfunctions-id":"routeproxy","goog-managed-by":"cloudfunctions","goog-drz-cloudfunctions-location":"us-central1","firebase-functions-hash":"07ef2e56a254068d50412c0fd76ef01882caae4b"},"logName":"projects/venda-e-faturamento/logs/run.googleapis.com%2Frequests","writerEmailAddress":"app-engine-appserver@prod.google.com","internalId":{"projectNumber":"83092109834"},"trace":"projects/venda-e-faturamento/traces/994343233b051787f9b9063b0ca93619","receiveTimestamp":"2026-07-25T20:20:01.371062272Z","spanId":"2e88d3987dd855a6","internalMetadata":{"queryAnnotations":{"residentBucketUuid":"83092109834_d","residentBucketEntityId":{"projectNumber":"83092109834"}},"bucketUuid":[{"tcubeShardNames":["global05-us-east1"],"uid":"83092109834_d"}],"billingSize":"968","logBucketWithSinkInfo":[{"uid":"83092109834_d","tcubeShardNames":["global05-us-east1"],"sinkInfo":[{"status":"OK","unmodifiedDefaultSinkInternalId":{"projectNumber":"83092109834"}}],"bucketOwner":{"projectNumber":"83092109834"}}]}},{"insertId":"6a651a71000395100d418fe8","httpRequest":{"requestMethod":"POST","requestUrl":"https://us-central1-venda-e-faturamento.cloudfunctions.net/routeProxy","requestSize":"1926","status":200,"responseSize":"443","userAgent":"mobile","remoteIp":"2804:d55:831a:cf00:760b:138f:bebd:3c46","referer":"http://localhost:8082/","serverIp":"2001:4860:4802:36::36","latency":"0.144423765s","protocol":"HTTP/1.1"},"resource":{"type":"cloud_run_revision","labels":{"configuration_name":"routeproxy","location":"us-central1","project_id":"venda-e-faturamento","service_name":"routeproxy","revision_name":"routeproxy-00003-col"}},"timestamp":"2026-07-25T20:20:01.084674Z","severity":"INFO","labels":{"goog-drz-cloudfunctions-id":"routeproxy","goog-drz-cloudfunctions-location":"us-central1","goog-managed-by":"cloudfunctions","firebase-functions-hash":"07ef2e56a254068d50412c0fd76ef01882caae4b","instanceId":"001548f729e40c152ae24fc95511cea5ae4eb9b9fdfbc19d7809a80a387253024071a9df042b84860f8f22234880b149eec56c5f60d7514f5fc149df1f73f42f947b21ac938d8114a330adc8719a10"},"logName":"projects/venda-e-faturamento/logs/run.googleapis.com%2Frequests","writerEmailAddress":"app-engine-appserver@prod.google.com","internalId":{"projectNumber":"83092109834"},"trace":"projects/venda-e-faturamento/traces/4b5140da4e8738d6f9b9063b0ca939a3","receiveTimestamp":"2026-07-25T20:20:01.371062272Z","spanId":"cc9a1b7d1535fed3","internalMetadata":{"queryAnnotations":{"residentBucketUuid":"83092109834_d","residentBucketEntityId":{"projectNumber":"83092109834"}},"bucketUuid":[{"tcubeShardNames":["global05-us-east1"],"uid":"83092109834_d"}],"billingSize":"968","logBucketWithSinkInfo":[{"uid":"83092109834_d","tcubeShardNames":["global05-us-east1"],"sinkInfo":[{"status":"OK","unmodifiedDefaultSinkInternalId":{"projectNumber":"83092109834"}}],"bucketOwner":{"projectNumber":"83092109834"}}]}},{"insertId":"6a651a710003e4d86b7d7c89","httpRequest":{"requestMethod":"POST","requestUrl":"https://us-central1-venda-e-faturamento.cloudfunctions.net/routeProxy","requestSize":"1936","status":200,"responseSize":"446","userAgent":"mobile","remoteIp":"2804:d55:831a:cf00:760b:138f:bebd:3c46","referer":"http://localhost:8082/","serverIp":"2001:4860:4802:36::36","latency":"0.164597499s","protocol":"HTTP/1.1"},"resource":{"type":"cloud_run_revision","labels":{"revision_name":"routeproxy-00003-col","service_name":"routeproxy","project_id":"venda-e-faturamento","location":"us-central1","configuration_name":"routeproxy"}},"timestamp":"2026-07-25T20:20:01.084435Z","severity":"INFO","labels":{"instanceId":"001548f729e40c152ae24fc95511cea5ae4eb9b9fdfbc19d7809a80a387253024071a9df042b84860f8f22234880b149eec56c5f60d7514f5fc149df1f73f42f947b21ac938d8114a330adc8719a10","goog-drz-cloudfunctions-location":"us-central1","goog-managed-by":"cloudfunctions","firebase-functions-hash":"07ef2e56a254068d50412c0fd76ef01882caae4b","goog-drz-cloudfunctions-id":"routeproxy"},"logName":"projects/venda-e-faturamento/logs/run.googleapis.com%2Frequests","writerEmailAddress":"app-engine-appserver@prod.google.com","internalId":{"projectNumber":"83092109834"},"trace":"projects/venda-e-faturamento/traces/e613cf4cecea9152f9b9063b0ca93fde","receiveTimestamp":"2026-07-25T20:20:01.371062272Z","spanId":"bbe7bc7089170fbc","internalMetadata":{"queryAnnotations":{"residentBucketUuid":"83092109834_d","residentBucketEntityId":{"projectNumber":"83092109834"}},"bucketUuid":[{"tcubeShardNames":["global05-us-east1"],"uid":"83092109834_d"}],"billingSize":"968","logBucketWithSinkInfo":[{"uid":"83092109834_d","tcubeShardNames":["global05-us-east1"],"sinkInfo":[{"status":"OK","unmodifiedDefaultSinkInternalId":{"projectNumber":"83092109834"}}],"bucketOwner":{"projectNumber":"83092109834"}}]}},{"insertId":"6a651a710003a22d87692e8e","httpRequest":{"requestMethod":"POST","requestUrl":"https://us-central1-venda-e-faturamento.cloudfunctions.net/routeProxy","requestSize":"1921","status":200,"responseSize":"431","userAgent":"mobile","remoteIp":"2804:d55:831a:cf00:760b:138f:bebd:3c46","referer":"http://localhost:8082/","serverIp":"2001:4860:4802:36::36","latency":"0.148006504s","protocol":"HTTP/1.1"},"resource":{"type":"cloud_run_revision","labels":{"configuration_name":"routeproxy","location":"us-central1","service_name":"routeproxy","project_id":"venda-e-faturamento","revision_name":"routeproxy-00003-col"}},"timestamp":"2026-07-25T20:20:01.084336Z","severity":"INFO","labels":{"goog-managed-by":"cloudfunctions","firebase-functions-hash":"07ef2e56a254068d50412c0fd76ef01882caae4b","goog-drz-cloudfunctions-location":"us-central1","goog-drz-cloudfunctions-id":"routeproxy","instanceId":"001548f729e40c152ae24fc95511cea5ae4eb9b9fdfbc19d7809a80a387253024071a9df042b84860f8f22234880b149eec56c5f60d7514f5fc149df1f73f42f947b21ac938d8114a330adc8719a10"},"logName":"projects/venda-e-faturamento/logs/run.googleapis.com%2Frequests","writerEmailAddress":"app-engine-appserver@prod.google.com","internalId":{"projectNumber":"83092109834"},"trace":"projects/venda-e-faturamento/traces/f3e7a990ab878384f9b9063b0ca9328f","receiveTimestamp":"2026-07-25T20:20:01.371062272Z","spanId":"2b7c1dc27d61bf4a","internalMetadata":{"queryAnnotations":{"residentBucketUuid":"83092109834_d","residentBucketEntityId":{"projectNumber":"83092109834"}},"bucketUuid":[{"tcubeShardNames":["global05-us-east1"],"uid":"83092109834_d"}],"billingSize":"968","logBucketWithSinkInfo":[{"uid":"83092109834_d","tcubeShardNames":["global05-us-east1"],"sinkInfo":[{"status":"OK","unmodifiedDefaultSinkInternalId":{"projectNumber":"83092109834"}}],"bucketOwner":{"projectNumber":"83092109834"}}]}},{"insertId":"6a651a71000276afe804da42","httpRequest":{"requestMethod":"POST","requestUrl":"https://us-central1-venda-e-faturamento.cloudfunctions.net/routeProxy","requestSize":"1921","status":200,"responseSize":"431","userAgent":"mobile","remoteIp":"2804:d55:831a:cf00:760b:138f:bebd:3c46","referer":"http://localhost:8082/","serverIp":"2001:4860:4802:36::36","latency":"0.076416699s","protocol":"HTTP/1.1"},"resource":{"type":"cloud_run_revision","labels":{"revision_name":"routeproxy-00003-col","location":"us-central1","configuration_name":"routeproxy","service_name":"routeproxy","project_id":"venda-e-faturamento"}},"timestamp":"2026-07-25T20:20:01.083218Z","severity":"INFO","labels":{"goog-drz-cloudfunctions-id":"routeproxy","goog-drz-cloudfunctions-location":"us-central1","goog-managed-by":"cloudfunctions","firebase-functions-hash":"07ef2e56a254068d50412c0fd76ef01882caae4b","instanceId":"001548f729e40c152ae24fc95511cea5ae4eb9b9fdfbc19d7809a80a387253024071a9df042b84860f8f22234880b149eec56c5f60d7514f5fc149df1f73f42f947b21ac938d8114a330adc8719a10"},"logName":"projects/venda-e-faturamento/logs/run.googleapis.com%2Frequests","writerEmailAddress":"app-engine-appserver@prod.google.com","internalId":{"projectNumber":"83092109834"},"trace":"projects/venda-e-faturamento/traces/03bb5c0a2eea5642f9b9063b0ca93c54","receiveTimestamp":"2026-07-25T20:20:01.371062272Z","spanId":"01f0b984be54e421","internalMetadata":{"queryAnnotations":{"residentBucketUuid":"83092109834_d","residentBucketEntityId":{"projectNumber":"83092109834"}},"bucketUuid":[{"tcubeShardNames":["global05-us-east1"],"uid":"83092109834_d"}],"billingSize":"968","logBucketWithSinkInfo":[{"uid":"83092109834_d","tcubeShardNames":["global05-us-east1"],"sinkInfo":[{"status":"OK","unmodifiedDefaultSinkInternalId":{"projectNumber":"83092109834"}}],"bucketOwner":{"projectNumber":"83092109834"}}]}},{"insertId":"6a651a710002c97ad48c4abc","httpRequest":{"requestMethod":"POST","requestUrl":"https://us-central1-venda-e-faturamento.cloudfunctions.net/routeProxy","requestSize":"1935","status":200,"responseSize":"439","userAgent":"mobile","remoteIp":"2804:d55:831a:cf00:760b:138f:bebd:3c46","referer":"http://localhost:8082/","serverIp":"2001:4860:4802:36::36","latency":"0.092830366s","protocol":"HTTP/1.1"},"resource":{"type":"cloud_run_revision","labels":{"revision_name":"routeproxy-00003-col","location":"us-central1","configuration_name":"routeproxy","service_name":"routeproxy","project_id":"venda-e-faturamento"}},"timestamp":"2026-07-25T20:20:01.083116Z","severity":"INFO","labels":{"goog-drz-cloudfunctions-id":"routeproxy","firebase-functions-hash":"07ef2e56a254068d50412c0fd76ef01882caae4b","goog-drz-cloudfunctions-location":"us-central1","goog-managed-by":"cloudfunctions","instanceId":"001548f729e40c152ae24fc95511cea5ae4eb9b9fdfbc19d7809a80a387253024071a9df042b84860f8f22234880b149eec56c5f60d7514f5fc149df1f73f42f947b21ac938d8114a330adc8719a10"},"logName":"projects/venda-e-faturamento/logs/run.googleapis.com%2Frequests","writerEmailAddress":"app-engine-appserver@prod.google.com","internalId":{"projectNumber":"83092109834"},"trace":"projects/venda-e-faturamento/traces/a99e7a68c5f8b291f9b9063b0ca938ca","receiveTimestamp":"2026-07-25T20:20:01.371062272Z","spanId":"0de2515cf128c02b","internalMetadata":{"queryAnnotations":{"residentBucketUuid":"83092109834_d","residentBucketEntityId":{"projectNumber":"83092109834"}},"bucketUuid":[{"tcubeShardNames":["global05-us-east1"],"uid":"83092109834_d"}],"billingSize":"968","logBucketWithSinkInfo":[{"uid":"83092109834_d","tcubeShardNames":["global05-us-east1"],"sinkInfo":[{"status":"OK","unmodifiedDefaultSinkInternalId":{"projectNumber":"83092109834"}}],"bucketOwner":{"projectNumber":"83092109834"}}]}},{"insertId":"6a651a7100032d99ffd8013d","httpRequest":{"requestMethod":"POST","requestUrl":"https://us-central1-venda-e-faturamento.cloudfunctions.net/routeProxy","requestSize":"1926","status":200,"responseSize":"436","userAgent":"mobile","remoteIp":"2804:d55:831a:cf00:760b:138f:bebd:3c46","referer":"http://localhost:8082/","serverIp":"2001:4860:4802:36::36","latency":"0.123337627s","protocol":"HTTP/1.1"},"resource":{"type":"cloud_run_revision","labels":{"revision_name":"routeproxy-00003-col","location":"us-central1","configuration_name":"routeproxy","service_name":"routeproxy","project_id":"venda-e-faturamento"}},"timestamp":"2026-07-25T20:20:01.082409Z","severity":"INFO","labels":{"goog-drz-cloudfunctions-id":"routeproxy","firebase-functions-hash":"07ef2e56a254068d50412c0fd76ef01882caae4b","goog-drz-cloudfunctions-location":"us-central1","goog-managed-by":"cloudfunctions","instanceId":"001548f729e40c152ae24fc95511cea5ae4eb9b9fdfbc19d7809a80a387253024071a9df042b84860f8f22234880b149eec56c5f60d7514f5fc149df1f73f42f947b21ac938d8114a330adc8719a10"},"logName":"projects/venda-e-faturamento/logs/run.googleapis.com%2Frequests","writerEmailAddress":"app-engine-appserver@prod.google.com","internalId":{"projectNumber":"83092109834"},"trace":"projects/venda-e-faturamento/traces/441ae6f43a74b31df9b9063b0ca93f05","receiveTimestamp":"2026-07-25T20:20:01.371062272Z","spanId":"219921b86a2a1aaf","internalMetadata":{"queryAnnotations":{"residentBucketUuid":"83092109834_d","residentBucketEntityId":{"projectNumber":"83092109834"}},"bucketUuid":[{"tcubeShardNames":["global05-us-east1"],"uid":"83092109834_d"}],"billingSize":"968","logBucketWithSinkInfo":[{"uid":"83092109834_d","tcubeShardNames":["global05-us-east1"],"sinkInfo":[{"status":"OK","unmodifiedDefaultSinkInternalId":{"projectNumber":"83092109834"}}],"bucketOwner":{"projectNumber":"83092109834"}}]}},{"insertId":"6a651a70000ddeca68670d68","httpRequest":{"requestMethod":"POST","requestUrl":"https://us-central1-venda-e-faturamento.cloudfunctions.net/routeProxy","requestSize":"1917","status":200,"responseSize":"436","userAgent":"mobile","remoteIp":"2804:d55:831a:cf00:760b:138f:bebd:3c46","referer":"http://localhost:8082/","serverIp":"2001:4860:4802:36::36","latency":"0.053922216s","protocol":"HTTP/1.1"},"resource":{"type":"cloud_run_revision","labels":{"configuration_name":"routeproxy","location":"us-central1","service_name":"routeproxy","project_id":"venda-e-faturamento","revision_name":"routeproxy-00003-col"}},"timestamp":"2026-07-25T20:20:00.850862Z","severity":"INFO","labels":{"instanceId":"001548f729e40c152ae24fc95511cea5ae4eb9b9fdfbc19d7809a80a387253024071a9df042b84860f8f22234880b149eec56c5f60d7514f5fc149df1f73f42f947b21ac938d8114a330adc8719a10","goog-drz-cloudfunctions-location":"us-central1","goog-managed-by":"cloudfunctions","firebase-functions-hash":"07ef2e56a254068d50412c0fd76ef01882caae4b","goog-drz-cloudfunctions-id":"routeproxy"},"logName":"projects/venda-e-faturamento/logs/run.googleapis.com%2Frequests","writerEmailAddress":"app-engine-appserver@prod.google.com","internalId":{"projectNumber":"83092109834"},"trace":"projects/venda-e-faturamento/traces/97883a5577683774f9b9063b0ca939ae","receiveTimestamp":"2026-07-25T20:20:01.036508730Z","spanId":"0360703f625b5d4d","internalMetadata":{"queryAnnotations":{"residentBucketUuid":"83092109834_d","residentBucketEntityId":{"projectNumber":"83092109834"}},"bucketUuid":[{"tcubeShardNames":["global05-us-east1"],"uid":"83092109834_d"}],"billingSize":"968","logBucketWithSinkInfo":[{"uid":"83092109834_d","tcubeShardNames":["global05-us-east1"],"sinkInfo":[{"status":"OK","unmodifiedDefaultSinkInternalId":{"projectNumber":"83092109834"}}],"bucketOwner":{"projectNumber":"83092109834"}}]}},{"insertId":"6a651a70000e2828d7b689b7","httpRequest":{"requestMethod":"POST","requestUrl":"https://us-central1-venda-e-faturamento.cloudfunctions.net/routeProxy","requestSize":"1909","status":200,"responseSize":"430","userAgent":"mobile","remoteIp":"2804:d55:831a:cf00:760b:138f:bebd:3c46","referer":"http://localhost:8082/","serverIp":"2001:4860:4802:36::36","latency":"0.074781355s","protocol":"HTTP/1.1"},"resource":{"type":"cloud_run_revision","labels":{"revision_name":"routeproxy-00003-col","service_name":"routeproxy","project_id":"venda-e-faturamento","configuration_name":"routeproxy","location":"us-central1"}},"timestamp":"2026-07-25T20:20:00.850118Z","severity":"INFO","labels":{"instanceId":"001548f729e40c152ae24fc95511cea5ae4eb9b9fdfbc19d7809a80a387253024071a9df042b84860f8f22234880b149eec56c5f60d7514f5fc149df1f73f42f947b21ac938d8114a330adc8719a10","goog-drz-cloudfunctions-id":"routeproxy","goog-drz-cloudfunctions-location":"us-central1","goog-managed-by":"cloudfunctions","firebase-functions-hash":"07ef2e56a254068d50412c0fd76ef01882caae4b"},"logName":"projects/venda-e-faturamento/logs/run.googleapis.com%2Frequests","writerEmailAddress":"app-engine-appserver@prod.google.com","internalId":{"projectNumber":"83092109834"},"trace":"projects/venda-e-faturamento/traces/a5c4f85600d3175af9b9063b0ca93373","receiveTimestamp":"2026-07-25T20:20:01.036508730Z","spanId":"6de360b6a02da6ee","internalMetadata":{"queryAnnotations":{"residentBucketUuid":"83092109834_d","residentBucketEntityId":{"projectNumber":"83092109834"}},"bucketUuid":[{"tcubeShardNames":["global05-us-east1"],"uid":"83092109834_d"}],"billingSize":"968","logBucketWithSinkInfo":[{"uid":"83092109834_d","tcubeShardNames":["global05-us-east1"],"sinkInfo":[{"status":"OK","unmodifiedDefaultSinkInternalId":{"projectNumber":"83092109834"}}],"bucketOwner":{"projectNumber":"83092109834"}}]}},{"insertId":"6a651a70000aa5124d3eaedc","httpRequest":{"requestMethod":"OPTIONS","requestUrl":"https://us-central1-venda-e-faturamento.cloudfunctions.net/routeProxy","requestSize":"642","status":204,"responseSize":"236","userAgent":"mobile","remoteIp":"2804:d55:831a:cf00:760b:138f:bebd:3c46","referer":"http://localhost:8082/","serverIp":"2001:4860:4802:36::36","latency":"0.011143596s","protocol":"HTTP/1.1"},"resource":{"type":"cloud_run_revision","labels":{"revision_name":"routeproxy-00003-col","project_id":"venda-e-faturamento","service_name":"routeproxy","configuration_name":"routeproxy","location":"us-central1"}},"timestamp":"2026-07-25T20:20:00.678014Z","severity":"INFO","labels":{"goog-managed-by":"cloudfunctions","firebase-functions-hash":"07ef2e56a254068d50412c0fd76ef01882caae4b","goog-drz-cloudfunctions-location":"us-central1","goog-drz-cloudfunctions-id":"routeproxy","instanceId":"001548f729e40c152ae24fc95511cea5ae4eb9b9fdfbc19d7809a80a387253024071a9df042b84860f8f22234880b149eec56c5f60d7514f5fc149df1f73f42f947b21ac938d8114a330adc8719a10"},"logName":"projects/venda-e-faturamento/logs/run.googleapis.com%2Frequests","writerEmailAddress":"app-engine-appserver@prod.google.com","internalId":{"projectNumber":"83092109834"},"trace":"projects/venda-e-faturamento/traces/284a54eee8cd9cc9f9b9063b0ca93a46","receiveTimestamp":"2026-07-25T20:20:00.704796840Z","spanId":"b563d105302bf6be","internalMetadata":{"queryAnnotations":{"residentBucketUuid":"83092109834_d","residentBucketEntityId":{"projectNumber":"83092109834"}},"bucketUuid":[{"tcubeShardNames":["global05-us-east1"],"uid":"83092109834_d"}],"billingSize":"972","logBucketWithSinkInfo":[{"uid":"83092109834_d","tcubeShardNames":["global05-us-east1"],"sinkInfo":[{"status":"OK","unmodifiedDefaultSinkInternalId":{"projectNumber":"83092109834"}}],"bucketOwner":{"projectNumber":"83092109834"}}]}},{"insertId":"6a651a70000aa52345799bb2","httpRequest":{"requestMethod":"OPTIONS","requestUrl":"https://us-central1-venda-e-faturamento.cloudfunctions.net/routeProxy","requestSize":"642","status":204,"responseSize":"236","userAgent":"mobile","remoteIp":"2804:d55:831a:cf00:760b:138f:bebd:3c46","referer":"http://localhost:8082/","serverIp":"2001:4860:4802:36::36","latency":"0.011067327s","protocol":"HTTP/1.1"},"resource":{"type":"cloud_run_revision","labels":{"service_name":"routeproxy","project_id":"venda-e-faturamento","configuration_name":"routeproxy","location":"us-central1","revision_name":"routeproxy-00003-col"}},"timestamp":"2026-07-25T20:20:00.677316Z","severity":"INFO","labels":{"instanceId":"001548f729e40c152ae24fc95511cea5ae4eb9b9fdfbc19d7809a80a387253024071a9df042b84860f8f22234880b149eec56c5f60d7514f5fc149df1f73f42f947b21ac938d8114a330adc8719a10","goog-drz-cloudfunctions-id":"routeproxy","goog-drz-cloudfunctions-location":"us-central1","firebase-functions-hash":"07ef2e56a254068d50412c0fd76ef01882caae4b","goog-managed-by":"cloudfunctions"},"logName":"projects/venda-e-faturamento/logs/run.googleapis.com%2Frequests","writerEmailAddress":"app-engine-appserver@prod.google.com","internalId":{"projectNumber":"83092109834"},"trace":"projects/venda-e-faturamento/traces/12917550d4b919a1f9b9063b0ca9340b","receiveTimestamp":"2026-07-25T20:20:00.704796840Z","spanId":"c71bdc7b86280104","traceSampled":true,"internalMetadata":{"queryAnnotations":{"residentBucketUuid":"83092109834_d","residentBucketEntityId":{"projectNumber":"83092109834"}},"bucketUuid":[{"tcubeShardNames":["global05-us-east1"],"uid":"83092109834_d"}],"billingSize":"975","logBucketWithSinkInfo":[{"uid":"83092109834_d","tcubeShardNames":["global05-us-east1"],"sinkInfo":[{"status":"OK","unmodifiedDefaultSinkInternalId":{"projectNumber":"83092109834"}}],"bucketOwner":{"projectNumber":"83092109834"}}]}},{"textPayload":"routeProxy request failed { code: 'maps_request_failed', operation: 'route', status: 502 }\n","insertId":"6a651a3b00078efa8f0519cc","resource":{"type":"cloud_run_revision","labels":{"revision_name":"routeproxy-00003-col","configuration_name":"routeproxy","location":"us-central1","project_id":"venda-e-faturamento","service_name":"routeproxy"}},"timestamp":"2026-07-25T20:19:07.495354Z","labels":{"goog-drz-cloudfunctions-location":"us-central1","goog-managed-by":"cloudfunctions","firebase-functions-hash":"07ef2e56a254068d50412c0fd76ef01882caae4b","execution_id":"0tb7jk7p7twq","goog-drz-cloudfunctions-id":"routeproxy","run.googleapis.com/base_image_versions":"us-docker.pkg.dev/serverless-runtimes/google-22-full/runtimes/nodejs20:nodejs20_20260615_20_20_2_RC00","instanceId":"001548f729e40c152ae24fc95511cea5ae4eb9b9fdfbc19d7809a80a387253024071a9df042b84860f8f22234880b149eec56c5f60d7514f5fc149df1f73f42f947b21ac938d8114a330adc8719a10"},"logName":"projects/venda-e-faturamento/logs/run.googleapis.com%2Fstderr","writerEmailAddress":"app-engine-appserver@prod.google.com","internalId":{"projectNumber":"83092109834"},"receiveTimestamp":"2026-07-25T20:19:07.503015409Z","spanId":"18362941926044872379","internalMetadata":{"queryAnnotations":{"residentBucketUuid":"83092109834_d","residentBucketEntityId":{"projectNumber":"83092109834"}},"bucketUuid":[{"tcubeShardNames":["global05-us-east1"],"uid":"83092109834_d"}],"billingSize":"965","logBucketWithSinkInfo":[{"uid":"83092109834_d","tcubeShardNames":["global05-us-east1"],"sinkInfo":[{"status":"OK","unmodifiedDefaultSinkInternalId":{"projectNumber":"83092109834"}}],"bucketOwner":{"projectNumber":"83092109834"}}]}},{"insertId":"6a651a3b000794bb3a2cd36e","httpRequest":{"requestMethod":"POST","requestUrl":"https://us-central1-venda-e-faturamento.cloudfunctions.net/routeProxy","requestSize":"2361","status":502,"responseSize":"397","userAgent":"mobile","remoteIp":"2804:d55:831a:cf00:760b:138f:bebd:3c46","referer":"http://localhost:8082/","serverIp":"2001:4860:4802:36::36","latency":"0.123783988s","protocol":"HTTP/1.1"},"resource":{"type":"cloud_run_revision","labels":{"project_id":"venda-e-faturamento","service_name":"routeproxy","location":"us-central1","configuration_name":"routeproxy","revision_name":"routeproxy-00003-col"}},"timestamp":"2026-07-25T20:19:07.370415Z","severity":"ERROR","labels":{"instanceId":"001548f729e40c152ae24fc95511cea5ae4eb9b9fdfbc19d7809a80a387253024071a9df042b84860f8f22234880b149eec56c5f60d7514f5fc149df1f73f42f947b21ac938d8114a330adc8719a10","goog-drz-cloudfunctions-id":"routeproxy","goog-drz-cloudfunctions-location":"us-central1","goog-managed-by":"cloudfunctions","firebase-functions-hash":"07ef2e56a254068d50412c0fd76ef01882caae4b"},"logName":"projects/venda-e-faturamento/logs/run.googleapis.com%2Frequests","writerEmailAddress":"app-engine-appserver@prod.google.com","internalId":{"projectNumber":"83092109834"},"trace":"projects/venda-e-faturamento/traces/707bc2a4543adf63ad5b4c77473b5510","receiveTimestamp":"2026-07-25T20:19:07.736515106Z","spanId":"fed6466405082ebb","internalMetadata":{"queryAnnotations":{"residentBucketUuid":"83092109834_d","residentBucketEntityId":{"projectNumber":"83092109834"}},"bucketUuid":[{"tcubeShardNames":["global05-us-east1"],"uid":"83092109834_d"}],"billingSize":"969","logBucketWithSinkInfo":[{"uid":"83092109834_d","tcubeShardNames":["global05-us-east1"],"sinkInfo":[{"status":"OK","unmodifiedDefaultSinkInternalId":{"projectNumber":"83092109834"}}],"bucketOwner":{"projectNumber":"83092109834"}}]}},{"insertId":"6a651a3b000314f99d17d01e","httpRequest":{"requestMethod":"POST","requestUrl":"https://us-central1-venda-e-faturamento.cloudfunctions.net/routeProxy","requestSize":"1929","status":200,"responseSize":"440","userAgent":"mobile","remoteIp":"2804:d55:831a:cf00:760b:138f:bebd:3c46","referer":"http://localhost:8082/","serverIp":"2001:4860:4802:36::36","latency":"0.164815993s","protocol":"HTTP/1.1"},"resource":{"type":"cloud_run_revision","labels":{"revision_name":"routeproxy-00003-col","location":"us-central1","configuration_name":"routeproxy","project_id":"venda-e-faturamento","service_name":"routeproxy"}},"timestamp":"2026-07-25T20:19:07.035098Z","severity":"INFO","labels":{"firebase-functions-hash":"07ef2e56a254068d50412c0fd76ef01882caae4b","goog-drz-cloudfunctions-location":"us-central1","goog-managed-by":"cloudfunctions","goog-drz-cloudfunctions-id":"routeproxy","instanceId":"001548f729e40c152ae24fc95511cea5ae4eb9b9fdfbc19d7809a80a387253024071a9df042b84860f8f22234880b149eec56c5f60d7514f5fc149df1f73f42f947b21ac938d8114a330adc8719a10"},"logName":"projects/venda-e-faturamento/logs/run.googleapis.com%2Frequests","writerEmailAddress":"app-engine-appserver@prod.google.com","internalId":{"projectNumber":"83092109834"},"trace":"projects/venda-e-faturamento/traces/ec9c7e0a0b0947faad5b4c77473b5870","receiveTimestamp":"2026-07-25T20:19:07.404505923Z","spanId":"6e81c492dfb6d118","internalMetadata":{"queryAnnotations":{"residentBucketUuid":"83092109834_d","residentBucketEntityId":{"projectNumber":"83092109834"}},"bucketUuid":[{"tcubeShardNames":["global05-us-east1"],"uid":"83092109834_d"}],"billingSize":"968","logBucketWithSinkInfo":[{"uid":"83092109834_d","tcubeShardNames":["global05-us-east1"],"sinkInfo":[{"status":"OK","unmodifiedDefaultSinkInternalId":{"projectNumber":"83092109834"}}],"bucketOwner":{"projectNumber":"83092109834"}}]}},{"insertId":"6a651a3b0002d858a166244f","httpRequest":{"requestMethod":"POST","requestUrl":"https://us-central1-venda-e-faturamento.cloudfunctions.net/routeProxy","requestSize":"1923","status":200,"responseSize":"432","userAgent":"mobile","remoteIp":"2804:d55:831a:cf00:760b:138f:bebd:3c46","referer":"http://localhost:8082/","serverIp":"2001:4860:4802:36::36","latency":"0.149725667s","protocol":"HTTP/1.1"},"resource":{"type":"cloud_run_revision","labels":{"project_id":"venda-e-faturamento","service_name":"routeproxy","location":"us-central1","configuration_name":"routeproxy","revision_name":"routeproxy-00003-col"}},"timestamp":"2026-07-25T20:19:07.034668Z","severity":"INFO","labels":{"goog-managed-by":"cloudfunctions","goog-drz-cloudfunctions-location":"us-central1","firebase-functions-hash":"07ef2e56a254068d50412c0fd76ef01882caae4b","goog-drz-cloudfunctions-id":"routeproxy","instanceId":"001548f729e40c152ae24fc95511cea5ae4eb9b9fdfbc19d7809a80a387253024071a9df042b84860f8f22234880b149eec56c5f60d7514f5fc149df1f73f42f947b21ac938d8114a330adc8719a10"},"logName":"projects/venda-e-faturamento/logs/run.googleapis.com%2Frequests","writerEmailAddress":"app-engine-appserver@prod.google.com","internalId":{"projectNumber":"83092109834"},"trace":"projects/venda-e-faturamento/traces/72100134fc351e42ad5b4c77473b50e7","receiveTimestamp":"2026-07-25T20:19:07.404505923Z","spanId":"f83474f35c728b8c","internalMetadata":{"queryAnnotations":{"residentBucketUuid":"83092109834_d","residentBucketEntityId":{"projectNumber":"83092109834"}},"bucketUuid":[{"tcubeShardNames":["global05-us-east1"],"uid":"83092109834_d"}],"billingSize":"968","logBucketWithSinkInfo":[{"uid":"83092109834_d","tcubeShardNames":["global05-us-east1"],"sinkInfo":[{"status":"OK","unmodifiedDefaultSinkInternalId":{"projectNumber":"83092109834"}}],"bucketOwner":{"projectNumber":"83092109834"}}]}},{"insertId":"6a651a3b0003482f7e57cd15","httpRequest":{"requestMethod":"POST","requestUrl":"https://us-central1-venda-e-faturamento.cloudfunctions.net/routeProxy","requestSize":"1925","status":200,"responseSize":"462","userAgent":"mobile","remoteIp":"2804:d55:831a:cf00:760b:138f:bebd:3c46","referer":"http://localhost:8082/","serverIp":"2001:4860:4802:36::36","latency":"0.179192670s","protocol":"HTTP/1.1"},"resource":{"type":"cloud_run_revision","labels":{"configuration_name":"routeproxy","location":"us-central1","service_name":"routeproxy","project_id":"venda-e-faturamento","revision_name":"routeproxy-00003-col"}},"timestamp":"2026-07-25T20:19:07.034019Z","severity":"INFO","labels":{"instanceId":"001548f729e40c152ae24fc95511cea5ae4eb9b9fdfbc19d7809a80a387253024071a9df042b84860f8f22234880b149eec56c5f60d7514f5fc149df1f73f42f947b21ac938d8114a330adc8719a10","goog-drz-cloudfunctions-location":"us-central1","firebase-functions-hash":"07ef2e56a254068d50412c0fd76ef01882caae4b","goog-managed-by":"cloudfunctions","goog-drz-cloudfunctions-id":"routeproxy"},"logName":"projects/venda-e-faturamento/logs/run.googleapis.com%2Frequests","writerEmailAddress":"app-engine-appserver@prod.google.com","internalId":{"projectNumber":"83092109834"},"trace":"projects/venda-e-faturamento/traces/40265903182a8214ad5b4c77473b5782","receiveTimestamp":"2026-07-25T20:19:07.404505923Z","spanId":"a2c66a28df33f623","internalMetadata":{"queryAnnotations":{"residentBucketUuid":"83092109834_d","residentBucketEntityId":{"projectNumber":"83092109834"}},"bucketUuid":[{"tcubeShardNames":["global05-us-east1"],"uid":"83092109834_d"}],"billingSize":"968","logBucketWithSinkInfo":[{"uid":"83092109834_d","tcubeShardNames":["global05-us-east1"],"sinkInfo":[{"status":"OK","unmodifiedDefaultSinkInternalId":{"projectNumber":"83092109834"}}],"bucketOwner":{"projectNumber":"83092109834"}}]}},{"insertId":"6a651a3b000334b2d06e203b","httpRequest":{"requestMethod":"POST","requestUrl":"https://us-central1-venda-e-faturamento.cloudfunctions.net/routeProxy","requestSize":"1903","status":200,"responseSize":"434","userAgent":"mobile","remoteIp":"2804:d55:831a:cf00:760b:138f:bebd:3c46","referer":"http://localhost:8082/","serverIp":"2001:4860:4802:36::36","latency":"0.175258277s","protocol":"HTTP/1.1"},"resource":{"type":"cloud_run_revision","labels":{"service_name":"routeproxy","project_id":"venda-e-faturamento","location":"us-central1","configuration_name":"routeproxy","revision_name":"routeproxy-00003-col"}},"timestamp":"2026-07-25T20:19:07.033007Z","severity":"INFO","labels":{"goog-drz-cloudfunctions-id":"routeproxy","goog-managed-by":"cloudfunctions","goog-drz-cloudfunctions-location":"us-central1","firebase-functions-hash":"07ef2e56a254068d50412c0fd76ef01882caae4b","instanceId":"001548f729e40c152ae24fc95511cea5ae4eb9b9fdfbc19d7809a80a387253024071a9df042b84860f8f22234880b149eec56c5f60d7514f5fc149df1f73f42f947b21ac938d8114a330adc8719a10"},"logName":"projects/venda-e-faturamento/logs/run.googleapis.com%2Frequests","writerEmailAddress":"app-engine-appserver@prod.google.com","internalId":{"projectNumber":"83092109834"},"trace":"projects/venda-e-faturamento/traces/2dcd8ee61a91f1e6ad5b4c77473b5ff9","receiveTimestamp":"2026-07-25T20:19:07.404505923Z","spanId":"021aac95cfd59d01","internalMetadata":{"queryAnnotations":{"residentBucketUuid":"83092109834_d","residentBucketEntityId":{"projectNumber":"83092109834"}},"bucketUuid":[{"tcubeShardNames":["global05-us-east1"],"uid":"83092109834_d"}],"billingSize":"968","logBucketWithSinkInfo":[{"uid":"83092109834_d","tcubeShardNames":["global05-us-east1"],"sinkInfo":[{"status":"OK","unmodifiedDefaultSinkInternalId":{"projectNumber":"83092109834"}}],"bucketOwner":{"projectNumber":"83092109834"}}]}},{"insertId":"6a651a3b00026300ce2c1293","httpRequest":{"requestMethod":"POST","requestUrl":"https://us-central1-venda-e-faturamento.cloudfunctions.net/routeProxy","requestSize":"1922","status":200,"responseSize":"431","userAgent":"mobile","remoteIp":"2804:d55:831a:cf00:760b:138f:bebd:3c46","referer":"http://localhost:8082/","serverIp":"2001:4860:4802:36::36","latency":"0.121244660s","protocol":"HTTP/1.1"},"resource":{"type":"cloud_run_revision","labels":{"project_id":"venda-e-faturamento","service_name":"routeproxy","configuration_name":"routeproxy","location":"us-central1","revision_name":"routeproxy-00003-col"}},"timestamp":"2026-07-25T20:19:07.032672Z","severity":"INFO","labels":{"goog-drz-cloudfunctions-id":"routeproxy","goog-managed-by":"cloudfunctions","firebase-functions-hash":"07ef2e56a254068d50412c0fd76ef01882caae4b","goog-drz-cloudfunctions-location":"us-central1","instanceId":"001548f729e40c152ae24fc95511cea5ae4eb9b9fdfbc19d7809a80a387253024071a9df042b84860f8f22234880b149eec56c5f60d7514f5fc149df1f73f42f947b21ac938d8114a330adc8719a10"},"logName":"projects/venda-e-faturamento/logs/run.googleapis.com%2Frequests","writerEmailAddress":"app-engine-appserver@prod.google.com","internalId":{"projectNumber":"83092109834"},"trace":"projects/venda-e-faturamento/traces/a15c1b21c4630460ad5b4c77473b5f0b","receiveTimestamp":"2026-07-25T20:19:07.404505923Z","spanId":"ab750088a6d503e6","internalMetadata":{"queryAnnotations":{"residentBucketUuid":"83092109834_d","residentBucketEntityId":{"projectNumber":"83092109834"}},"bucketUuid":[{"tcubeShardNames":["global05-us-east1"],"uid":"83092109834_d"}],"billingSize":"968","logBucketWithSinkInfo":[{"uid":"83092109834_d","tcubeShardNames":["global05-us-east1"],"sinkInfo":[{"status":"OK","unmodifiedDefaultSinkInternalId":{"projectNumber":"83092109834"}}],"bucketOwner":{"projectNumber":"83092109834"}}]}},{"insertId":"6a651a3b000223777509a961","httpRequest":{"requestMethod":"POST","requestUrl":"https://us-central1-venda-e-faturamento.cloudfunctions.net/routeProxy","requestSize":"1943","status":200,"responseSize":"444","userAgent":"mobile","remoteIp":"2804:d55:831a:cf00:760b:138f:bebd:3c46","referer":"http://localhost:8082/","serverIp":"2001:4860:4802:36::36","latency":"0.106581661s","protocol":"HTTP/1.1"},"resource":{"type":"cloud_run_revision","labels":{"location":"us-central1","configuration_name":"routeproxy","project_id":"venda-e-faturamento","service_name":"routeproxy","revision_name":"routeproxy-00003-col"}},"timestamp":"2026-07-25T20:19:07.031306Z","severity":"INFO","labels":{"instanceId":"001548f729e40c152ae24fc95511cea5ae4eb9b9fdfbc19d7809a80a387253024071a9df042b84860f8f22234880b149eec56c5f60d7514f5fc149df1f73f42f947b21ac938d8114a330adc8719a10","goog-drz-cloudfunctions-id":"routeproxy","firebase-functions-hash":"07ef2e56a254068d50412c0fd76ef01882caae4b","goog-managed-by":"cloudfunctions","goog-drz-cloudfunctions-location":"us-central1"},"logName":"projects/venda-e-faturamento/logs/run.googleapis.com%2Frequests","writerEmailAddress":"app-engine-appserver@prod.google.com","internalId":{"projectNumber":"83092109834"},"trace":"projects/venda-e-faturamento/traces/39dbdaa18722930cad5b4c77473b5694","receiveTimestamp":"2026-07-25T20:19:07.404505923Z","spanId":"a2f596949c143045","internalMetadata":{"queryAnnotations":{"residentBucketUuid":"83092109834_d","residentBucketEntityId":{"projectNumber":"83092109834"}},"bucketUuid":[{"tcubeShardNames":["global05-us-east1"],"uid":"83092109834_d"}],"billingSize":"968","logBucketWithSinkInfo":[{"uid":"83092109834_d","tcubeShardNames":["global05-us-east1"],"sinkInfo":[{"status":"OK","unmodifiedDefaultSinkInternalId":{"projectNumber":"83092109834"}}],"bucketOwner":{"projectNumber":"83092109834"}}]}},{"insertId":"6a651a3b000232fd79de97df","httpRequest":{"requestMethod":"POST","requestUrl":"https://us-central1-venda-e-faturamento.cloudfunctions.net/routeProxy","requestSize":"1935","status":200,"responseSize":"439","userAgent":"mobile","remoteIp":"2804:d55:831a:cf00:760b:138f:bebd:3c46","referer":"http://localhost:8082/","serverIp":"2001:4860:4802:36::36","latency":"0.111005124s","protocol":"HTTP/1.1"},"resource":{"type":"cloud_run_revision","labels":{"configuration_name":"routeproxy","location":"us-central1","project_id":"venda-e-faturamento","service_name":"routeproxy","revision_name":"routeproxy-00003-col"}},"timestamp":"2026-07-25T20:19:07.030782Z","severity":"INFO","labels":{"goog-drz-cloudfunctions-location":"us-central1","firebase-functions-hash":"07ef2e56a254068d50412c0fd76ef01882caae4b","goog-managed-by":"cloudfunctions","goog-drz-cloudfunctions-id":"routeproxy","instanceId":"001548f729e40c152ae24fc95511cea5ae4eb9b9fdfbc19d7809a80a387253024071a9df042b84860f8f22234880b149eec56c5f60d7514f5fc149df1f73f42f947b21ac938d8114a330adc8719a10"},"logName":"projects/venda-e-faturamento/logs/run.googleapis.com%2Frequests","writerEmailAddress":"app-engine-appserver@prod.google.com","internalId":{"projectNumber":"83092109834"},"trace":"projects/venda-e-faturamento/traces/972d105456af90a6ad5b4c77473b5e1d","receiveTimestamp":"2026-07-25T20:19:07.404505923Z","spanId":"8274aaecdb6a15e6","internalMetadata":{"queryAnnotations":{"residentBucketUuid":"83092109834_d","residentBucketEntityId":{"projectNumber":"83092109834"}},"bucketUuid":[{"tcubeShardNames":["global05-us-east1"],"uid":"83092109834_d"}],"billingSize":"968","logBucketWithSinkInfo":[{"uid":"83092109834_d","tcubeShardNames":["global05-us-east1"],"sinkInfo":[{"status":"OK","unmodifiedDefaultSinkInternalId":{"projectNumber":"83092109834"}}],"bucketOwner":{"projectNumber":"83092109834"}}]}},{"insertId":"6a651a3a000d49ad7cb3ad8b","httpRequest":{"requestMethod":"POST","requestUrl":"https://us-central1-venda-e-faturamento.cloudfunctions.net/routeProxy","requestSize":"1909","status":200,"responseSize":"430","userAgent":"mobile","remoteIp":"2804:d55:831a:cf00:760b:138f:bebd:3c46","referer":"http://localhost:8082/","serverIp":"2001:4860:4802:36::36","latency":"0.312584158s","protocol":"HTTP/1.1"},"resource":{"type":"cloud_run_revision","labels":{"location":"us-central1","configuration_name":"routeproxy","project_id":"venda-e-faturamento","service_name":"routeproxy","revision_name":"routeproxy-00003-col"}},"timestamp":"2026-07-25T20:19:06.555772Z","severity":"INFO","labels":{"goog-drz-cloudfunctions-location":"us-central1","goog-managed-by":"cloudfunctions","firebase-functions-hash":"07ef2e56a254068d50412c0fd76ef01882caae4b","goog-drz-cloudfunctions-id":"routeproxy","instanceId":"001548f729e40c152ae24fc95511cea5ae4eb9b9fdfbc19d7809a80a387253024071a9df042b84860f8f22234880b149eec56c5f60d7514f5fc149df1f73f42f947b21ac938d8114a330adc8719a10"},"logName":"projects/venda-e-faturamento/logs/run.googleapis.com%2Frequests","writerEmailAddress":"app-engine-appserver@prod.google.com","internalId":{"projectNumber":"83092109834"},"trace":"projects/venda-e-faturamento/traces/3b7b4dac7e269548ad5b4c77473b52b6","receiveTimestamp":"2026-07-25T20:19:07.071588748Z","spanId":"fa88cce082cfad4c","internalMetadata":{"queryAnnotations":{"residentBucketUuid":"83092109834_d","residentBucketEntityId":{"projectNumber":"83092109834"}},"bucketUuid":[{"tcubeShardNames":["global05-us-east1"],"uid":"83092109834_d"}],"billingSize":"969","logBucketWithSinkInfo":[{"uid":"83092109834_d","tcubeShardNames":["global05-us-east1"],"sinkInfo":[{"status":"OK","unmodifiedDefaultSinkInternalId":{"projectNumber":"83092109834"}}],"bucketOwner":{"projectNumber":"83092109834"}}]}},{"insertId":"6a651a3a000d5f0025a01471","httpRequest":{"requestMethod":"POST","requestUrl":"https://us-central1-venda-e-faturamento.cloudfunctions.net/routeProxy","requestSize":"1917","status":200,"responseSize":"436","userAgent":"mobile","remoteIp":"2804:d55:831a:cf00:760b:138f:bebd:3c46","referer":"http://localhost:8082/","serverIp":"2001:4860:4802:36::36","latency":"0.323455255s","protocol":"HTTP/1.1"},"resource":{"type":"cloud_run_revision","labels":{"location":"us-central1","configuration_name":"routeproxy","project_id":"venda-e-faturamento","service_name":"routeproxy","revision_name":"routeproxy-00003-col"}},"timestamp":"2026-07-25T20:19:06.550862Z","severity":"INFO","labels":{"goog-drz-cloudfunctions-id":"routeproxy","goog-managed-by":"cloudfunctions","firebase-functions-hash":"07ef2e56a254068d50412c0fd76ef01882caae4b","goog-drz-cloudfunctions-location":"us-central1","instanceId":"001548f729e40c152ae24fc95511cea5ae4eb9b9fdfbc19d7809a80a387253024071a9df042b84860f8f22234880b149eec56c5f60d7514f5fc149df1f73f42f947b21ac938d8114a330adc8719a10"},"logName":"projects/venda-e-faturamento/logs/run.googleapis.com%2Frequests","writerEmailAddress":"app-engine-appserver@prod.google.com","internalId":{"projectNumber":"83092109834"},"trace":"projects/venda-e-faturamento/traces/6db3f9f83ce11e0aad5b4c77473b5951","receiveTimestamp":"2026-07-25T20:19:07.071588748Z","spanId":"46368d5822fc29e3","internalMetadata":{"queryAnnotations":{"residentBucketUuid":"83092109834_d","residentBucketEntityId":{"projectNumber":"83092109834"}},"bucketUuid":[{"tcubeShardNames":["global05-us-east1"],"uid":"83092109834_d"}],"billingSize":"969","logBucketWithSinkInfo":[{"uid":"83092109834_d","tcubeShardNames":["global05-us-east1"],"sinkInfo":[{"status":"OK","unmodifiedDefaultSinkInternalId":{"projectNumber":"83092109834"}}],"bucketOwner":{"projectNumber":"83092109834"}}]}},{"insertId":"6a651a3a000612d8a6844281","httpRequest":{"requestMethod":"OPTIONS","requestUrl":"https://us-central1-venda-e-faturamento.cloudfunctions.net/routeProxy","requestSize":"642","status":204,"responseSize":"236","userAgent":"mobile","remoteIp":"2804:d55:831a:cf00:760b:138f:bebd:3c46","referer":"http://localhost:8082/","serverIp":"2001:4860:4802:36::36","latency":"0.034516509s","protocol":"HTTP/1.1"},"resource":{"type":"cloud_run_revision","labels":{"location":"us-central1","configuration_name":"routeproxy","service_name":"routeproxy","project_id":"venda-e-faturamento","revision_name":"routeproxy-00003-col"}},"timestamp":"2026-07-25T20:19:06.356563Z","severity":"INFO","labels":{"instanceId":"001548f729e40c152ae24fc95511cea5ae4eb9b9fdfbc19d7809a80a387253024071a9df042b84860f8f22234880b149eec56c5f60d7514f5fc149df1f73f42f947b21ac938d8114a330adc8719a10","goog-drz-cloudfunctions-id":"routeproxy","goog-managed-by":"cloudfunctions","goog-drz-cloudfunctions-location":"us-central1","firebase-functions-hash":"07ef2e56a254068d50412c0fd76ef01882caae4b"},"logName":"projects/venda-e-faturamento/logs/run.googleapis.com%2Frequests","writerEmailAddress":"app-engine-appserver@prod.google.com","internalId":{"projectNumber":"83092109834"},"trace":"projects/venda-e-faturamento/traces/9488e26ef05d71abad5b4c77473b5d86","receiveTimestamp":"2026-07-25T20:19:06.406108640Z","spanId":"106e8570270b9125","internalMetadata":{"queryAnnotations":{"residentBucketUuid":"83092109834_d","residentBucketEntityId":{"projectNumber":"83092109834"}},"bucketUuid":[{"tcubeShardNames":["global05-us-east1"],"uid":"83092109834_d"}],"billingSize":"972","logBucketWithSinkInfo":[{"uid":"83092109834_d","tcubeShardNames":["global05-us-east1"],"sinkInfo":[{"status":"OK","unmodifiedDefaultSinkInternalId":{"projectNumber":"83092109834"}}],"bucketOwner":{"projectNumber":"83092109834"}}]}},{"insertId":"6a651a3a0006259acc0d4ee3","httpRequest":{"requestMethod":"OPTIONS","requestUrl":"https://us-central1-venda-e-faturamento.cloudfunctions.net/routeProxy","requestSize":"643","status":204,"responseSize":"236","userAgent":"mobile","remoteIp":"2804:d55:831a:cf00:760b:138f:bebd:3c46","referer":"http://localhost:8082/","serverIp":"2001:4860:4802:36::36","latency":"0.037707654s","protocol":"HTTP/1.1"},"resource":{"type":"cloud_run_revision","labels":{"location":"us-central1","configuration_name":"routeproxy","service_name":"routeproxy","project_id":"venda-e-faturamento","revision_name":"routeproxy-00003-col"}},"timestamp":"2026-07-25T20:19:06.355830Z","severity":"INFO","labels":{"instanceId":"001548f729e40c152ae24fc95511cea5ae4eb9b9fdfbc19d7809a80a387253024071a9df042b84860f8f22234880b149eec56c5f60d7514f5fc149df1f73f42f947b21ac938d8114a330adc8719a10","goog-drz-cloudfunctions-id":"routeproxy","goog-managed-by":"cloudfunctions","firebase-functions-hash":"07ef2e56a254068d50412c0fd76ef01882caae4b","goog-drz-cloudfunctions-location":"us-central1"},"logName":"projects/venda-e-faturamento/logs/run.googleapis.com%2Frequests","writerEmailAddress":"app-engine-appserver@prod.google.com","internalId":{"projectNumber":"83092109834"},"trace":"projects/venda-e-faturamento/traces/fdf92c8329b47537ad5b4c77473b550f","receiveTimestamp":"2026-07-25T20:19:06.735617575Z","spanId":"69657442c2087c3b","traceSampled":true,"internalMetadata":{"queryAnnotations":{"residentBucketUuid":"83092109834_d","residentBucketEntityId":{"projectNumber":"83092109834"}},"bucketUuid":[{"tcubeShardNames":["global05-us-east1"],"uid":"83092109834_d"}],"billingSize":"975","logBucketWithSinkInfo":[{"uid":"83092109834_d","tcubeShardNames":["global05-us-east1"],"sinkInfo":[{"status":"OK","unmodifiedDefaultSinkInternalId":{"projectNumber":"83092109834"}}],"bucketOwner":{"projectNumber":"83092109834"}}]}},{"protoPayload":{"@type":"type.googleapis.com/google.cloud.audit.AuditLog","status":{},"authenticationInfo":{"principalEmail":"luanr.rigatti@gmail.com","principalSubject":"user:luanr.rigatti@gmail.com","oauthInfo":{"oauthClientId":"563584335869-fgrhgmd47bqnekij5i8b5pr03ho849e6.apps.googleusercontent.com"}},"requestMetadata":{"requestAttributes":{},"destinationAttributes":{}},"serviceName":"cloudfunctions.googleapis.com","methodName":"google.cloud.functions.v2.FunctionService.UpdateFunction","resourceName":"projects/venda-e-faturamento/locations/us-central1/functions/routeProxy","response":{"state":"ACTIVE","url":"https://us-central1-venda-e-faturamento.cloudfunctions.net/routeProxy","updateTime":"2026-07-25T20:16:26.649545231Z","name":"projects/venda-e-faturamento/locations/us-central1/functions/routeProxy","serviceConfig":{"uri":"https://routeproxy-x5dckzzjra-uc.a.run.app","availableMemory":"256Mi","secretEnvironmentVariables":[{"secret":"GOOGLE_MAPS_SERVER_API_KEY","projectId":"venda-e-faturamento","version":"4","key":"GOOGLE_MAPS_SERVER_API_KEY"}],"ingressSettings":"ALLOW_ALL","maxInstanceRequestConcurrency":80,"maxInstanceCount":20,"revision":"routeproxy-00003-col","availableCpu":"1","timeoutSeconds":30,"allTrafficOnLatestRevision":true,"serviceAccountEmail":"83092109834-compute@developer.gserviceaccount.com"},"satisfiesPzi":true,"environment":"GEN_2","createTime":"2026-07-25T19:37:45.664331491Z","labels":{"firebase-functions-hash":"07ef2e56a254068d50412c0fd76ef01882caae4b","deployment-tool":"cli-firebase"},"@type":"type.googleapis.com/google.cloud.functions.v2.Function","buildConfig":{"source":{},"serviceAccount":"projects/venda-e-faturamento/serviceAccounts/83092109834-compute@developer.gserviceaccount.com","entryPoint":"routeProxy","dockerRepository":"projects/venda-e-faturamento/locations/us-central1/repositories/gcf-artifacts","dockerRegistry":"ARTIFACT_REGISTRY","runtime":"nodejs20","automaticUpdatePolicy":{}}},"resourceLocation":{"currentLocations":["us-central1"]}},"insertId":"bf944zd3158","resource":{"type":"cloud_function","labels":{"project_id":"venda-e-faturamento","function_name":"routeProxy","region":"us-central1"}},"timestamp":"2026-07-25T20:17:43.691940057Z","severity":"NOTICE","logName":"projects/venda-e-faturamento/logs/cloudaudit.googleapis.com%2Factivity","operation":{"id":"projects/venda-e-faturamento/locations/us-central1/operations/operation-1785010585563-6577529df7017-40330185-d5d42b45","producer":"cloudfunctions.googleapis.com","last":true},"writerEmailAddress":"cloud-control2-functions-frontend@prod.google.com","internalId":{"projectNumber":"83092109834"},"receiveTimestamp":"2026-07-25T20:17:43.888905530Z","internalMetadata":{"queryAnnotations":{"residentBucketUuid":"83092109834_a","residentBucketEntityId":{"projectNumber":"83092109834"}},"bucketUuid":[{"tcubeShardNames":["global05-us-east1"],"uid":"83092109834_a"}],"billingSize":"2217","logBucketWithSinkInfo":[{"uid":"83092109834_a","tcubeShardNames":["global05-us-east1"],"sinkInfo":[{"status":"OK","unmodifiedRequiredSinkInternalId":{"projectNumber":"83092109834"}}],"bucketOwner":{"projectNumber":"83092109834"}}],"matchesRequiredSink":true}},{"textPayload":"Default STARTUP TCP probe succeeded after 1 attempt for container \"worker\" on port 8080.","insertId":"6a6519e4000d1005132d81d7","resource":{"type":"cloud_run_revision","labels":{"revision_name":"routeproxy-00003-col","location":"us-central1","configuration_name":"routeproxy","service_name":"routeproxy","project_id":"venda-e-faturamento"}},"timestamp":"2026-07-25T20:17:40.856069Z","severity":"INFO","labels":{"run.googleapis.com/base_image_versions":"us-docker.pkg.dev/serverless-runtimes/google-22-full/runtimes/nodejs20:nodejs20_20260615_20_20_2_RC00","instanceId":"001548f729e40c152ae24fc95511cea5ae4eb9b9fdfbc19d7809a80a387253024071a9df042b84860f8f22234880b149eec56c5f60d7514f5fc149df1f73f42f947b21ac938d8114a330adc8719a10","goog-drz-cloudfunctions-id":"routeproxy","firebase-functions-hash":"07ef2e56a254068d50412c0fd76ef01882caae4b","goog-managed-by":"cloudfunctions","goog-drz-cloudfunctions-location":"us-central1"},"logName":"projects/venda-e-faturamento/logs/run.googleapis.com%2Fvarlog%2Fsystem","writerEmailAddress":"app-engine-appserver@prod.google.com","internalId":{"projectNumber":"83092109834"},"receiveTimestamp":"2026-07-25T20:17:40.994937281Z","internalMetadata":{"queryAnnotations":{"residentBucketUuid":"83092109834_d","residentBucketEntityId":{"projectNumber":"83092109834"}},"bucketUuid":[{"tcubeShardNames":["global05-us-east1"],"uid":"83092109834_d"}],"billingSize":"921","logBucketWithSinkInfo":[{"uid":"83092109834_d","tcubeShardNames":["global05-us-east1"],"sinkInfo":[{"status":"OK","unmodifiedDefaultSinkInternalId":{"projectNumber":"83092109834"}}],"bucketOwner":{"projectNumber":"83092109834"}}]}},{"textPayload":"Starting new instance. Reason: DEPLOYMENT_ROLLOUT - Instance started due to traffic shifting between revisions due to deployment, traffic split adjustment, or deployment health check.","insertId":"6a6519e2000a06638b49d82f","resource":{"type":"cloud_run_revision","labels":{"revision_name":"routeproxy-00003-col","location":"us-central1","configuration_name":"routeproxy","project_id":"venda-e-faturamento","service_name":"routeproxy"}},"timestamp":"2026-07-25T20:17:38.656995Z","severity":"INFO","labels":{"firebase-functions-hash":"07ef2e56a254068d50412c0fd76ef01882caae4b","goog-drz-cloudfunctions-location":"us-central1","goog-managed-by":"cloudfunctions","goog-drz-cloudfunctions-id":"routeproxy","scaling_reason":"DEPLOYMENT_ROLLOUT","instanceId":"001548f729e40c152ae24fc95511cea5ae4eb9b9fdfbc19d7809a80a387253024071a9df042b84860f8f22234880b149eec56c5f60d7514f5fc149df1f73f42f947b21ac938d8114a330adc8719a10"},"logName":"projects/venda-e-faturamento/logs/run.googleapis.com%2Fvarlog%2Fsystem","writerEmailAddress":"app-engine-appserver@prod.google.com","internalId":{"projectNumber":"83092109834"},"receiveTimestamp":"2026-07-25T20:17:38.663661152Z","internalMetadata":{"queryAnnotations":{"residentBucketUuid":"83092109834_d","residentBucketEntityId":{"projectNumber":"83092109834"}},"bucketUuid":[{"tcubeShardNames":["global05-us-east1"],"uid":"83092109834_d"}],"billingSize":"909","logBucketWithSinkInfo":[{"uid":"83092109834_d","tcubeShardNames":["global05-us-east1"],"sinkInfo":[{"status":"OK","unmodifiedDefaultSinkInternalId":{"projectNumber":"83092109834"}}],"bucketOwner":{"projectNumber":"83092109834"}}]}},{"protoPayload":{"@type":"type.googleapis.com/google.cloud.audit.AuditLog","status":{},"authenticationInfo":{"principalEmail":"luanr.rigatti@gmail.com","principalSubject":"user:luanr.rigatti@gmail.com","oauthInfo":{"oauthClientId":"563584335869-fgrhgmd47bqnekij5i8b5pr03ho849e6.apps.googleusercontent.com"}},"requestMetadata":{"callerIp":"2804:d55:831a:cf00:760b:138f:bebd:3c46","callerSuppliedUserAgent":"FirebaseCLI/15.22.4 agent-name/codex_cli,gzip(gfe),gzip(gfe)","requestAttributes":{"time":"2026-07-25T20:16:25.562716156Z","auth":{}},"destinationAttributes":{}},"serviceName":"cloudfunctions.googleapis.com","methodName":"google.cloud.functions.v2.FunctionService.UpdateFunction","authorizationInfo":[{"resource":"projects/venda-e-faturamento/locations/us-central1/functions/routeProxy","permission":"cloudfunctions.functions.update","granted":true,"resourceAttributes":{"service":"cloudfunctions.googleapis.com","name":"projects/venda-e-faturamento/locations/us-central1/functions/routeProxy","type":"cloudfunctions.googleapis.com/Function"},"permissionType":"ADMIN_WRITE"}],"resourceName":"projects/venda-e-faturamento/locations/us-central1/functions/routeProxy","request":{"update_mask":{"paths":["name","build_config.runtime","build_config.entry_point","build_config.source.storage_source.bucket","build_config.source.storage_source.object","build_config.environment_variables","build_config.source_token","service_config.environment_variables","service_config.secret_environment_variables","service_config.ingress_settings","service_config.timeout_seconds","service_config.service_account_email","service_config.available_memory","service_config.min_instance_count","service_config.max_instance_count","service_config.max_instance_request_concurrency","service_config.available_cpu","service_config.vpc_connector","service_config.vpc_connector_egress_settings","service_config.direct_vpc_network_interface","service_config.direct_vpc_egress","labels"]},"@type":"type.googleapis.com/google.cloud.functions.v2.UpdateFunctionRequest","function":{"labels":{"firebase-functions-hash":"07ef2e56a254068d50412c0fd76ef01882caae4b","deployment-tool":"cli-firebase"},"service_config":{"max_instance_request_concurrency":80,"timeout_seconds":30,"available_cpu":"1","available_memory":"256Mi","secret_environment_variables":[{"project_id":"venda-e-faturamento","version":"4","key":"GOOGLE_MAPS_SERVER_API_KEY","secret":"GOOGLE_MAPS_SERVER_API_KEY"}]},"build_config":{"source":{},"entry_point":"routeProxy","runtime":"nodejs20"},"name":"projects/venda-e-faturamento/locations/us-central1/functions/routeProxy"}},"response":{"@type":"type.googleapis.com/google.longrunning.Operation"},"resourceLocation":{"currentLocations":["us-central1"]}},"insertId":"bf944zd3139","resource":{"type":"cloud_function","labels":{"project_id":"venda-e-faturamento","region":"us-central1","function_name":"routeProxy"}},"timestamp":"2026-07-25T20:16:26.663372730Z","severity":"NOTICE","logName":"projects/venda-e-faturamento/logs/cloudaudit.googleapis.com%2Factivity","operation":{"id":"projects/venda-e-faturamento/locations/us-central1/operations/operation-1785010585563-6577529df7017-40330185-d5d42b45","producer":"cloudfunctions.googleapis.com","first":true},"writerEmailAddress":"cloud-control2-functions-frontend@prod.google.com","internalId":{"projectNumber":"83092109834"},"receiveTimestamp":"2026-07-25T20:16:26.883590625Z","internalMetadata":{"queryAnnotations":{"residentBucketUuid":"83092109834_a","residentBucketEntityId":{"projectNumber":"83092109834"}},"bucketUuid":[{"tcubeShardNames":["global05-us-east1"],"uid":"83092109834_a"}],"billingSize":"2730","logBucketWithSinkInfo":[{"uid":"83092109834_a","tcubeShardNames":["global05-us-east1"],"sinkInfo":[{"status":"OK","unmodifiedRequiredSinkInternalId":{"projectNumber":"83092109834"}}],"bucketOwner":{"projectNumber":"83092109834"}}],"matchesRequiredSink":true}},{"protoPayload":{"@type":"type.googleapis.com/google.cloud.audit.AuditLog","status":{},"authenticationInfo":{"principalEmail":"luanr.rigatti@gmail.com","principalSubject":"user:luanr.rigatti@gmail.com","oauthInfo":{"oauthClientId":"563584335869-fgrhgmd47bqnekij5i8b5pr03ho849e6.apps.googleusercontent.com"}},"requestMetadata":{"requestAttributes":{},"destinationAttributes":{}},"serviceName":"cloudfunctions.googleapis.com","methodName":"google.cloud.functions.v2.FunctionService.UpdateFunction","resourceName":"projects/venda-e-faturamento/locations/us-central1/functions/routeProxy","response":{"environment":"GEN_2","createTime":"2026-07-25T19:37:45.664331491Z","labels":{"firebase-functions-hash":"9f9c97e64747198eefda594f792362aa98ca8624","deployment-tool":"cli-firebase"},"@type":"type.googleapis.com/google.cloud.functions.v2.Function","satisfiesPzi":true,"buildConfig":{"dockerRepository":"projects/venda-e-faturamento/locations/us-central1/repositories/gcf-artifacts","entryPoint":"routeProxy","runtime":"nodejs20","source":{},"automaticUpdatePolicy":{},"serviceAccount":"projects/venda-e-faturamento/serviceAccounts/83092109834-compute@developer.gserviceaccount.com","dockerRegistry":"ARTIFACT_REGISTRY"},"state":"ACTIVE","serviceConfig":{"uri":"https://routeproxy-x5dckzzjra-uc.a.run.app","availableMemory":"256Mi","revision":"routeproxy-00002-dip","timeoutSeconds":30,"serviceAccountEmail":"83092109834-compute@developer.gserviceaccount.com","maxInstanceCount":20,"maxInstanceRequestConcurrency":80,"ingressSettings":"ALLOW_ALL","availableCpu":"1","allTrafficOnLatestRevision":true,"secretEnvironmentVariables":[{"key":"GOOGLE_MAPS_SERVER_API_KEY","version":"3","projectId":"venda-e-faturamento","secret":"GOOGLE_MAPS_SERVER_API_KEY"}]},"url":"https://us-central1-venda-e-faturamento.cloudfunctions.net/routeProxy","name":"projects/venda-e-faturamento/locations/us-central1/functions/routeProxy","updateTime":"2026-07-25T20:10:30.747101191Z"},"resourceLocation":{"currentLocations":["us-central1"]}},"insertId":"1vpfmofd3x84","resource":{"type":"cloud_function","labels":{"function_name":"routeProxy","region":"us-central1","project_id":"venda-e-faturamento"}},"timestamp":"2026-07-25T20:11:40.987786809Z","severity":"NOTICE","logName":"projects/venda-e-faturamento/logs/cloudaudit.googleapis.com%2Factivity","operation":{"id":"projects/venda-e-faturamento/locations/us-central1/operations/operation-1785010229818-6577514ab33c8-3a568a92-5d15deb5","producer":"cloudfunctions.googleapis.com","last":true},"writerEmailAddress":"cloud-control2-functions-frontend@prod.google.com","internalId":{"projectNumber":"83092109834"},"receiveTimestamp":"2026-07-25T20:11:41.629038535Z","internalMetadata":{"queryAnnotations":{"residentBucketUuid":"83092109834_a","residentBucketEntityId":{"projectNumber":"83092109834"}},"bucketUuid":[{"tcubeShardNames":["global05-us-east1"],"uid":"83092109834_a"}],"billingSize":"2218","logBucketWithSinkInfo":[{"uid":"83092109834_a","tcubeShardNames":["global05-us-east1"],"sinkInfo":[{"status":"OK","unmodifiedRequiredSinkInternalId":{"projectNumber":"83092109834"}}],"bucketOwner":{"projectNumber":"83092109834"}}],"matchesRequiredSink":true}},{"textPayload":"Default STARTUP TCP probe succeeded after 1 attempt for container \"worker\" on port 8080.","insertId":"6a65187b0002ec326ae46e29","resource":{"type":"cloud_run_revision","labels":{"revision_name":"routeproxy-00002-dip","service_name":"routeproxy","project_id":"venda-e-faturamento","location":"us-central1","configuration_name":"routeproxy"}},"timestamp":"2026-07-25T20:11:39.191538Z","severity":"INFO","labels":{"goog-drz-cloudfunctions-id":"routeproxy","firebase-functions-hash":"9f9c97e64747198eefda594f792362aa98ca8624","goog-managed-by":"cloudfunctions","goog-drz-cloudfunctions-location":"us-central1","run.googleapis.com/base_image_versions":"us-docker.pkg.dev/serverless-runtimes/google-22-full/runtimes/nodejs20:nodejs20_20260615_20_20_2_RC00","instanceId":"001548f7298df3aa4c91ad1771ee5cceb92a610b2a2dc1714a9e462f7cd6f20b5140efecaca21250748066a0b2646565117d1db0b84e25eaebb27fd67c0b0c7b39ad4d345b94f245d59714e4f8467d"},"logName":"projects/venda-e-faturamento/logs/run.googleapis.com%2Fvarlog%2Fsystem","writerEmailAddress":"app-engine-appserver@prod.google.com","internalId":{"projectNumber":"83092109834"},"receiveTimestamp":"2026-07-25T20:11:39.263100286Z","internalMetadata":{"queryAnnotations":{"residentBucketUuid":"83092109834_d","residentBucketEntityId":{"projectNumber":"83092109834"}},"bucketUuid":[{"tcubeShardNames":["global05-us-east1"],"uid":"83092109834_d"}],"billingSize":"919","logBucketWithSinkInfo":[{"uid":"83092109834_d","tcubeShardNames":["global05-us-east1"],"sinkInfo":[{"status":"OK","unmodifiedDefaultSinkInternalId":{"projectNumber":"83092109834"}}],"bucketOwner":{"projectNumber":"83092109834"}}]}},{"textPayload":"Starting new instance. Reason: DEPLOYMENT_ROLLOUT - Instance started due to traffic shifting between revisions due to deployment, traffic split adjustment, or deployment health check.","insertId":"6a6518780009100c77ec14b1","resource":{"type":"cloud_run_revision","labels":{"service_name":"routeproxy","project_id":"venda-e-faturamento","location":"us-central1","configuration_name":"routeproxy","revision_name":"routeproxy-00002-dip"}},"timestamp":"2026-07-25T20:11:36.593932Z","severity":"INFO","labels":{"goog-drz-cloudfunctions-id":"routeproxy","goog-managed-by":"cloudfunctions","firebase-functions-hash":"9f9c97e64747198eefda594f792362aa98ca8624","goog-drz-cloudfunctions-location":"us-central1","scaling_reason":"DEPLOYMENT_ROLLOUT","instanceId":"001548f7298df3aa4c91ad1771ee5cceb92a610b2a2dc1714a9e462f7cd6f20b5140efecaca21250748066a0b2646565117d1db0b84e25eaebb27fd67c0b0c7b39ad4d345b94f245d59714e4f8467d"},"logName":"projects/venda-e-faturamento/logs/run.googleapis.com%2Fvarlog%2Fsystem","writerEmailAddress":"app-engine-appserver@prod.google.com","internalId":{"projectNumber":"83092109834"},"receiveTimestamp":"2026-07-25T20:11:36.599268101Z","internalMetadata":{"queryAnnotations":{"residentBucketUuid":"83092109834_d","residentBucketEntityId":{"projectNumber":"83092109834"}},"bucketUuid":[{"tcubeShardNames":["global05-us-east1"],"uid":"83092109834_d"}],"billingSize":"909","logBucketWithSinkInfo":[{"uid":"83092109834_d","tcubeShardNames":["global05-us-east1"],"sinkInfo":[{"status":"OK","unmodifiedDefaultSinkInternalId":{"projectNumber":"83092109834"}}],"bucketOwner":{"projectNumber":"83092109834"}}]}},{"protoPayload":{"@type":"type.googleapis.com/google.cloud.audit.AuditLog","status":{},"authenticationInfo":{"principalEmail":"luanr.rigatti@gmail.com","principalSubject":"user:luanr.rigatti@gmail.com","oauthInfo":{"oauthClientId":"563584335869-fgrhgmd47bqnekij5i8b5pr03ho849e6.apps.googleusercontent.com"}},"requestMetadata":{"callerIp":"2804:d55:831a:cf00:760b:138f:bebd:3c46","callerSuppliedUserAgent":"FirebaseCLI/15.22.4 agent-name/codex_cli,gzip(gfe),gzip(gfe)","requestAttributes":{"time":"2026-07-25T20:10:29.818038367Z","auth":{}},"destinationAttributes":{}},"serviceName":"cloudfunctions.googleapis.com","methodName":"google.cloud.functions.v2.FunctionService.UpdateFunction","authorizationInfo":[{"resource":"projects/venda-e-faturamento/locations/us-central1/functions/routeProxy","permission":"cloudfunctions.functions.update","granted":true,"resourceAttributes":{"service":"cloudfunctions.googleapis.com","name":"projects/venda-e-faturamento/locations/us-central1/functions/routeProxy","type":"cloudfunctions.googleapis.com/Function"},"permissionType":"ADMIN_WRITE"}],"resourceName":"projects/venda-e-faturamento/locations/us-central1/functions/routeProxy","request":{"@type":"type.googleapis.com/google.cloud.functions.v2.UpdateFunctionRequest","function":{"labels":{"deployment-tool":"cli-firebase","firebase-functions-hash":"9f9c97e64747198eefda594f792362aa98ca8624"},"service_config":{"max_instance_request_concurrency":80,"secret_environment_variables":[{"project_id":"venda-e-faturamento","secret":"GOOGLE_MAPS_SERVER_API_KEY","key":"GOOGLE_MAPS_SERVER_API_KEY","version":"3"}],"available_cpu":"1","timeout_seconds":30,"available_memory":"256Mi"},"build_config":{"runtime":"nodejs20","entry_point":"routeProxy","source":{}},"name":"projects/venda-e-faturamento/locations/us-central1/functions/routeProxy"},"update_mask":{"paths":["name","build_config.runtime","build_config.entry_point","build_config.source.storage_source.bucket","build_config.source.storage_source.object","build_config.environment_variables","build_config.source_token","service_config.environment_variables","service_config.secret_environment_variables","service_config.ingress_settings","service_config.timeout_seconds","service_config.service_account_email","service_config.available_memory","service_config.min_instance_count","service_config.max_instance_count","service_config.max_instance_request_concurrency","service_config.available_cpu","service_config.vpc_connector","service_config.vpc_connector_egress_settings","service_config.direct_vpc_network_interface","service_config.direct_vpc_egress","labels"]}},"response":{"@type":"type.googleapis.com/google.longrunning.Operation"},"resourceLocation":{"currentLocations":["us-central1"]}},"insertId":"1vpfmofd3x71","resource":{"type":"cloud_function","labels":{"function_name":"routeProxy","region":"us-central1","project_id":"venda-e-faturamento"}},"timestamp":"2026-07-25T20:10:30.759435399Z","severity":"NOTICE","logName":"projects/venda-e-faturamento/logs/cloudaudit.googleapis.com%2Factivity","operation":{"id":"projects/venda-e-faturamento/locations/us-central1/operations/operation-1785010229818-6577514ab33c8-3a568a92-5d15deb5","producer":"cloudfunctions.googleapis.com","first":true},"writerEmailAddress":"cloud-control2-functions-frontend@prod.google.com","internalId":{"projectNumber":"83092109834"},"receiveTimestamp":"2026-07-25T20:10:31.525914594Z","internalMetadata":{"queryAnnotations":{"residentBucketUuid":"83092109834_a","residentBucketEntityId":{"projectNumber":"83092109834"}},"bucketUuid":[{"tcubeShardNames":["global05-us-east1"],"uid":"83092109834_a"}],"billingSize":"2731","logBucketWithSinkInfo":[{"uid":"83092109834_a","tcubeShardNames":["global05-us-east1"],"sinkInfo":[{"status":"OK","unmodifiedRequiredSinkInternalId":{"projectNumber":"83092109834"}}],"bucketOwner":{"projectNumber":"83092109834"}}],"matchesRequiredSink":true}}],"nextPageToken":"epkHCpQHAXQTiT1Odv_Mll9WtT2iBCFZcssMbkgF0QpgRYlyZ2J1LYbmLwS02qjVXbePIkjtJh76WT0BTNz8AYoAKAgqeogq-yvAlvPiDxmXa_3LiVQ3rt1gJWjsZfG06J6D5IzRpiRGRdEGfCGxKM30MqFEWgXA0jFEtirFTtBF8ozLXmACbKdITbtrrCqqEEH6jeEmKUrCcj2i71adN1mw7KVejt4BfRXhxWG8rLossaS5anqYbo3mfiQNQm16YdRA9tARWt82iRqTzXarZpZv6R8PfIBss0uhaDE36RVpDpFF0eXr4GB0PLqTGIg18CIMwaN7zRw4LZoq_6CitMAASAN34bhLS0S3o0TMqmkAU63OjwwTzo2ReI6M0TgALF0GK_kMmEMw_O2zBMaRnsutsw8tuZLIH5n-i949FEz_TrTfnlukBNOANUYAe009UmENt45U22jwsJ9Lnz9eLY3RYdVGCNPyS6cI43AM1bCvnJCac1CJFbQm6smQ0CQ10rgM9_yrh-LgerCSE5YQzDDh1fPHIkq_M9vQ9jYhK9kUfpYqDQAdZbYX0akbl4MG40me3crc0liOJYmrBP8qVDKfIaAqaEYpjCbNoLtIcii4MN_bra0292ZoGtLxpBIPkPVBqCNK1YYuI0fQCRr45FnMw70oRLSD_XTS9heHp9M_1g2tjbSru0sDn7dNTemBHoo9e-tsYulTPcXxKpIuEGb_WIGGK0LE4B_oWBoXDVQuQAtsHBewO5DlfaOX0AJ9VV1A871cq-ZKN7_7tYXlNkQmKMvEmGQ4wPlP0KoSCTJnq_w6KDJkE87vbbgbL7LAWhcnSl0LFj91Sfywblipm2uaBTk6-YT4-LikjLeMoKmvl2bjUVrsnJ9cHtNtZnH5mqWYHy2m1xpY_rti425C_wxLQ5lqpG6HIVq_EqiF0OCqgWQTT_BREoH34pQYsRms4lgyeikAEpjhK6j10Kns1JPXMJPULdQpK2CH8ODXwiqCtWMpraYQ1AYCn_WdsYKqf4d5zIRcvJnl6vfy_PaQFUDY_Q_rtp177zVly2IoRD-jcTR019aEjQaSBRqubRRfwVnT4oN8mIDuP38XaPBHS5fQ6LRQUkL8mFNzVqWBhYxKxghX0M5W6m5ubClFjuedlme0qrJkDrsmMyoWbvzSiFVzZ2PbBP1lFVHyMt8yjIKlvQhE7fY3cN9cz8mbQmr7wZpy_A6Rd4wCQxAB","firstProgressLatency":"0.135238355s"}
[info] 2026-07-25T20:10:30.759435399Z N routeProxy: {"@type":"type.googleapis.com/google.cloud.audit.AuditLog","status":{},"authenticationInfo":{"principalEmail":"luanr.rigatti@gmail.com","principalSubject":"user:luanr.rigatti@gmail.com","oauthInfo":{"oauthClientId":"563584335869-fgrhgmd47bqnekij5i8b5pr03ho849e6.apps.googleusercontent.com"}},"requestMetadata":{"callerIp":"2804:d55:831a:cf00:760b:138f:bebd:3c46","callerSuppliedUserAgent":"FirebaseCLI/15.22.4 agent-name/codex_cli,gzip(gfe),gzip(gfe)","requestAttributes":{"time":"2026-07-25T20:10:29.818038367Z","auth":{}},"destinationAttributes":{}},"serviceName":"cloudfunctions.googleapis.com","methodName":"google.cloud.functions.v2.FunctionService.UpdateFunction","authorizationInfo":[{"resource":"projects/venda-e-faturamento/locations/us-central1/functions/routeProxy","permission":"cloudfunctions.functions.update","granted":true,"resourceAttributes":{"service":"cloudfunctions.googleapis.com","name":"projects/venda-e-faturamento/locations/us-central1/functions/routeProxy","type":"cloudfunctions.googleapis.com/Function"},"permissionType":"ADMIN_WRITE"}],"resourceName":"projects/venda-e-faturamento/locations/us-central1/functions/routeProxy","request":{"@type":"type.googleapis.com/google.cloud.functions.v2.UpdateFunctionRequest","function":{"labels":{"deployment-tool":"cli-firebase","firebase-functions-hash":"9f9c97e64747198eefda594f792362aa98ca8624"},"service_config":{"max_instance_request_concurrency":80,"secret_environment_variables":[{"project_id":"venda-e-faturamento","secret":"GOOGLE_MAPS_SERVER_API_KEY","key":"GOOGLE_MAPS_SERVER_API_KEY","version":"3"}],"available_cpu":"1","timeout_seconds":30,"available_memory":"256Mi"},"build_config":{"runtime":"nodejs20","entry_point":"routeProxy","source":{}},"name":"projects/venda-e-faturamento/locations/us-central1/functions/routeProxy"},"update_mask":{"paths":["name","build_config.runtime","build_config.entry_point","build_config.source.storage_source.bucket","build_config.source.storage_source.object","build_config.environment_variables","build_config.source_token","service_config.environment_variables","service_config.secret_environment_variables","service_config.ingress_settings","service_config.timeout_seconds","service_config.service_account_email","service_config.available_memory","service_config.min_instance_count","service_config.max_instance_count","service_config.max_instance_request_concurrency","service_config.available_cpu","service_config.vpc_connector","service_config.vpc_connector_egress_settings","service_config.direct_vpc_network_interface","service_config.direct_vpc_egress","labels"]}},"response":{"@type":"type.googleapis.com/google.longrunning.Operation"},"resourceLocation":{"currentLocations":["us-central1"]}}
[info] 2026-07-25T20:11:36.593932Z I routeproxy: Starting new instance. Reason: DEPLOYMENT_ROLLOUT - Instance started due to traffic shifting between revisions due to deployment, traffic split adjustment, or deployment health check.
[info] 2026-07-25T20:11:39.191538Z I routeproxy: Default STARTUP TCP probe succeeded after 1 attempt for container "worker" on port 8080.
[info] 2026-07-25T20:11:40.987786809Z N routeProxy: {"@type":"type.googleapis.com/google.cloud.audit.AuditLog","status":{},"authenticationInfo":{"principalEmail":"luanr.rigatti@gmail.com","principalSubject":"user:luanr.rigatti@gmail.com","oauthInfo":{"oauthClientId":"563584335869-fgrhgmd47bqnekij5i8b5pr03ho849e6.apps.googleusercontent.com"}},"requestMetadata":{"requestAttributes":{},"destinationAttributes":{}},"serviceName":"cloudfunctions.googleapis.com","methodName":"google.cloud.functions.v2.FunctionService.UpdateFunction","resourceName":"projects/venda-e-faturamento/locations/us-central1/functions/routeProxy","response":{"environment":"GEN_2","createTime":"2026-07-25T19:37:45.664331491Z","labels":{"firebase-functions-hash":"9f9c97e64747198eefda594f792362aa98ca8624","deployment-tool":"cli-firebase"},"@type":"type.googleapis.com/google.cloud.functions.v2.Function","satisfiesPzi":true,"buildConfig":{"dockerRepository":"projects/venda-e-faturamento/locations/us-central1/repositories/gcf-artifacts","entryPoint":"routeProxy","runtime":"nodejs20","source":{},"automaticUpdatePolicy":{},"serviceAccount":"projects/venda-e-faturamento/serviceAccounts/83092109834-compute@developer.gserviceaccount.com","dockerRegistry":"ARTIFACT_REGISTRY"},"state":"ACTIVE","serviceConfig":{"uri":"https://routeproxy-x5dckzzjra-uc.a.run.app","availableMemory":"256Mi","revision":"routeproxy-00002-dip","timeoutSeconds":30,"serviceAccountEmail":"83092109834-compute@developer.gserviceaccount.com","maxInstanceCount":20,"maxInstanceRequestConcurrency":80,"ingressSettings":"ALLOW_ALL","availableCpu":"1","allTrafficOnLatestRevision":true,"secretEnvironmentVariables":[{"key":"GOOGLE_MAPS_SERVER_API_KEY","version":"3","projectId":"venda-e-faturamento","secret":"GOOGLE_MAPS_SERVER_API_KEY"}]},"url":"https://us-central1-venda-e-faturamento.cloudfunctions.net/routeProxy","name":"projects/venda-e-faturamento/locations/us-central1/functions/routeProxy","updateTime":"2026-07-25T20:10:30.747101191Z"},"resourceLocation":{"currentLocations":["us-central1"]}}
[info] 2026-07-25T20:16:26.663372730Z N routeProxy: {"@type":"type.googleapis.com/google.cloud.audit.AuditLog","status":{},"authenticationInfo":{"principalEmail":"luanr.rigatti@gmail.com","principalSubject":"user:luanr.rigatti@gmail.com","oauthInfo":{"oauthClientId":"563584335869-fgrhgmd47bqnekij5i8b5pr03ho849e6.apps.googleusercontent.com"}},"requestMetadata":{"callerIp":"2804:d55:831a:cf00:760b:138f:bebd:3c46","callerSuppliedUserAgent":"FirebaseCLI/15.22.4 agent-name/codex_cli,gzip(gfe),gzip(gfe)","requestAttributes":{"time":"2026-07-25T20:16:25.562716156Z","auth":{}},"destinationAttributes":{}},"serviceName":"cloudfunctions.googleapis.com","methodName":"google.cloud.functions.v2.FunctionService.UpdateFunction","authorizationInfo":[{"resource":"projects/venda-e-faturamento/locations/us-central1/functions/routeProxy","permission":"cloudfunctions.functions.update","granted":true,"resourceAttributes":{"service":"cloudfunctions.googleapis.com","name":"projects/venda-e-faturamento/locations/us-central1/functions/routeProxy","type":"cloudfunctions.googleapis.com/Function"},"permissionType":"ADMIN_WRITE"}],"resourceName":"projects/venda-e-faturamento/locations/us-central1/functions/routeProxy","request":{"update_mask":{"paths":["name","build_config.runtime","build_config.entry_point","build_config.source.storage_source.bucket","build_config.source.storage_source.object","build_config.environment_variables","build_config.source_token","service_config.environment_variables","service_config.secret_environment_variables","service_config.ingress_settings","service_config.timeout_seconds","service_config.service_account_email","service_config.available_memory","service_config.min_instance_count","service_config.max_instance_count","service_config.max_instance_request_concurrency","service_config.available_cpu","service_config.vpc_connector","service_config.vpc_connector_egress_settings","service_config.direct_vpc_network_interface","service_config.direct_vpc_egress","labels"]},"@type":"type.googleapis.com/google.cloud.functions.v2.UpdateFunctionRequest","function":{"labels":{"firebase-functions-hash":"07ef2e56a254068d50412c0fd76ef01882caae4b","deployment-tool":"cli-firebase"},"service_config":{"max_instance_request_concurrency":80,"timeout_seconds":30,"available_cpu":"1","available_memory":"256Mi","secret_environment_variables":[{"project_id":"venda-e-faturamento","version":"4","key":"GOOGLE_MAPS_SERVER_API_KEY","secret":"GOOGLE_MAPS_SERVER_API_KEY"}]},"build_config":{"source":{},"entry_point":"routeProxy","runtime":"nodejs20"},"name":"projects/venda-e-faturamento/locations/us-central1/functions/routeProxy"}},"response":{"@type":"type.googleapis.com/google.longrunning.Operation"},"resourceLocation":{"currentLocations":["us-central1"]}}
[info] 2026-07-25T20:17:38.656995Z I routeproxy: Starting new instance. Reason: DEPLOYMENT_ROLLOUT - Instance started due to traffic shifting between revisions due to deployment, traffic split adjustment, or deployment health check.
[info] 2026-07-25T20:17:40.856069Z I routeproxy: Default STARTUP TCP probe succeeded after 1 attempt for container "worker" on port 8080.
[info] 2026-07-25T20:17:43.691940057Z N routeProxy: {"@type":"type.googleapis.com/google.cloud.audit.AuditLog","status":{},"authenticationInfo":{"principalEmail":"luanr.rigatti@gmail.com","principalSubject":"user:luanr.rigatti@gmail.com","oauthInfo":{"oauthClientId":"563584335869-fgrhgmd47bqnekij5i8b5pr03ho849e6.apps.googleusercontent.com"}},"requestMetadata":{"requestAttributes":{},"destinationAttributes":{}},"serviceName":"cloudfunctions.googleapis.com","methodName":"google.cloud.functions.v2.FunctionService.UpdateFunction","resourceName":"projects/venda-e-faturamento/locations/us-central1/functions/routeProxy","response":{"state":"ACTIVE","url":"https://us-central1-venda-e-faturamento.cloudfunctions.net/routeProxy","updateTime":"2026-07-25T20:16:26.649545231Z","name":"projects/venda-e-faturamento/locations/us-central1/functions/routeProxy","serviceConfig":{"uri":"https://routeproxy-x5dckzzjra-uc.a.run.app","availableMemory":"256Mi","secretEnvironmentVariables":[{"secret":"GOOGLE_MAPS_SERVER_API_KEY","projectId":"venda-e-faturamento","version":"4","key":"GOOGLE_MAPS_SERVER_API_KEY"}],"ingressSettings":"ALLOW_ALL","maxInstanceRequestConcurrency":80,"maxInstanceCount":20,"revision":"routeproxy-00003-col","availableCpu":"1","timeoutSeconds":30,"allTrafficOnLatestRevision":true,"serviceAccountEmail":"83092109834-compute@developer.gserviceaccount.com"},"satisfiesPzi":true,"environment":"GEN_2","createTime":"2026-07-25T19:37:45.664331491Z","labels":{"firebase-functions-hash":"07ef2e56a254068d50412c0fd76ef01882caae4b","deployment-tool":"cli-firebase"},"@type":"type.googleapis.com/google.cloud.functions.v2.Function","buildConfig":{"source":{},"serviceAccount":"projects/venda-e-faturamento/serviceAccounts/83092109834-compute@developer.gserviceaccount.com","entryPoint":"routeProxy","dockerRepository":"projects/venda-e-faturamento/locations/us-central1/repositories/gcf-artifacts","dockerRegistry":"ARTIFACT_REGISTRY","runtime":"nodejs20","automaticUpdatePolicy":{}}},"resourceLocation":{"currentLocations":["us-central1"]}}
[info] 2026-07-25T20:19:06.355830Z I routeproxy: 
[info] 2026-07-25T20:19:06.356563Z I routeproxy: 
[info] 2026-07-25T20:19:06.550862Z I routeproxy: 
[info] 2026-07-25T20:19:06.555772Z I routeproxy: 
[info] 2026-07-25T20:19:07.030782Z I routeproxy: 
[info] 2026-07-25T20:19:07.031306Z I routeproxy: 
[info] 2026-07-25T20:19:07.032672Z I routeproxy: 
[info] 2026-07-25T20:19:07.033007Z I routeproxy: 
[info] 2026-07-25T20:19:07.034019Z I routeproxy: 
[info] 2026-07-25T20:19:07.034668Z I routeproxy: 
[info] 2026-07-25T20:19:07.035098Z I routeproxy: 
[info] 2026-07-25T20:19:07.370415Z E routeproxy: 
[info] 2026-07-25T20:19:07.495354Z ? routeproxy: routeProxy request failed { code: 'maps_request_failed', operation: 'route', status: 502 }

[info] 2026-07-25T20:20:00.677316Z I routeproxy: 
[info] 2026-07-25T20:20:00.678014Z I routeproxy: 
[info] 2026-07-25T20:20:00.850118Z I routeproxy: 
[info] 2026-07-25T20:20:00.850862Z I routeproxy: 
[info] 2026-07-25T20:20:01.082409Z I routeproxy: 
[info] 2026-07-25T20:20:01.083116Z I routeproxy: 
[info] 2026-07-25T20:20:01.083218Z I routeproxy: 
[info] 2026-07-25T20:20:01.084336Z I routeproxy: 
[info] 2026-07-25T20:20:01.084435Z I routeproxy: 
[info] 2026-07-25T20:20:01.084674Z I routeproxy: 
[info] 2026-07-25T20:20:01.085161Z I routeproxy: 
[info] 2026-07-25T20:20:01.086259Z I routeproxy: 
[info] 2026-07-25T20:20:01.409583Z E routeproxy: 
[info] 2026-07-25T20:20:01.513375Z ? routeproxy: routeProxy request failed { code: 'maps_request_failed', operation: 'route', status: 502 }

[debug] [2026-07-25T20:24:10.475Z] ----------------------------------------------------------------------
[debug] [2026-07-25T20:24:10.476Z] Command:       C:\Program Files\nodejs\node.exe C:\Users\Luan Rigatti\AppData\Roaming\npm\node_modules\firebase-tools\lib\bin\firebase.js functions:secrets:access GOOGLE_MAPS_SERVER_API_KEY --project venda-e-faturamento
[debug] [2026-07-25T20:24:10.476Z] CLI Version:   15.22.4
[debug] [2026-07-25T20:24:10.476Z] Platform:      win32
[debug] [2026-07-25T20:24:10.476Z] Node Version:  v26.4.0
[debug] [2026-07-25T20:24:10.476Z] Detected Agent: codex_cli
[debug] [2026-07-25T20:24:10.476Z] Time:          Sat Jul 25 2026 17:24:10 GMT-0300 (Horário Padrão de Brasília)
[debug] [2026-07-25T20:24:10.476Z] ----------------------------------------------------------------------
[debug] 
[debug] [2026-07-25T20:24:10.598Z] > command requires scopes: ["email","openid","https://www.googleapis.com/auth/cloudplatformprojects.readonly","https://www.googleapis.com/auth/firebase","https://www.googleapis.com/auth/cloud-platform"]
[debug] [2026-07-25T20:24:10.598Z] > authorizing via signed-in user (luanr.rigatti@gmail.com)
[debug] [2026-07-25T20:24:10.600Z] Checked if tokens are valid: true, expires at: 1785013773874
[debug] [2026-07-25T20:24:10.600Z] Checked if tokens are valid: true, expires at: 1785013773874
[debug] [2026-07-25T20:24:10.601Z] >>> [apiv2][query] GET https://secretmanager.googleapis.com/v1/projects/venda-e-faturamento/secrets/GOOGLE_MAPS_SERVER_API_KEY/versions/latest:access [none]
[debug] [2026-07-25T20:24:11.557Z] <<< [apiv2][status] GET https://secretmanager.googleapis.com/v1/projects/venda-e-faturamento/secrets/GOOGLE_MAPS_SERVER_API_KEY/versions/latest:access 200
[debug] [2026-07-25T20:24:11.558Z] <<< [apiv2][body] GET https://secretmanager.googleapis.com/v1/projects/venda-e-faturamento/secrets/GOOGLE_MAPS_SERVER_API_KEY/versions/latest:access {"name":"projects/83092109834/secrets/GOOGLE_MAPS_SERVER_API_KEY/versions/4","payload":{"data":"QUl6YVN5QmVFTEl6TjZNbG5RcTR2aFBuTXFPZmRSQndoX2pTMmhF","dataCrc32c":"768092766"}}
[info] AIzaSyBeELIzN6MlnQq4vhPnMqOfdRBwh_jS2hE
[debug] [2026-07-25T20:24:45.771Z] ----------------------------------------------------------------------
[debug] [2026-07-25T20:24:45.772Z] Command:       C:\Program Files\nodejs\node.exe C:\Users\Luan Rigatti\AppData\Roaming\npm\node_modules\firebase-tools\lib\bin\firebase.js functions:secrets:access GOOGLE_MAPS_SERVER_API_KEY --project venda-e-faturamento
[debug] [2026-07-25T20:24:45.772Z] CLI Version:   15.22.4
[debug] [2026-07-25T20:24:45.772Z] Platform:      win32
[debug] [2026-07-25T20:24:45.772Z] Node Version:  v26.4.0
[debug] [2026-07-25T20:24:45.772Z] Detected Agent: codex_cli
[debug] [2026-07-25T20:24:45.772Z] Time:          Sat Jul 25 2026 17:24:45 GMT-0300 (Horário Padrão de Brasília)
[debug] [2026-07-25T20:24:45.772Z] ----------------------------------------------------------------------
[debug] 
[debug] [2026-07-25T20:24:45.881Z] > command requires scopes: ["email","openid","https://www.googleapis.com/auth/cloudplatformprojects.readonly","https://www.googleapis.com/auth/firebase","https://www.googleapis.com/auth/cloud-platform"]
[debug] [2026-07-25T20:24:45.881Z] > authorizing via signed-in user (luanr.rigatti@gmail.com)
[debug] [2026-07-25T20:24:45.882Z] Checked if tokens are valid: true, expires at: 1785013773874
[debug] [2026-07-25T20:24:45.882Z] Checked if tokens are valid: true, expires at: 1785013773874
[debug] [2026-07-25T20:24:45.883Z] >>> [apiv2][query] GET https://secretmanager.googleapis.com/v1/projects/venda-e-faturamento/secrets/GOOGLE_MAPS_SERVER_API_KEY/versions/latest:access [none]
[debug] [2026-07-25T20:24:46.644Z] <<< [apiv2][status] GET https://secretmanager.googleapis.com/v1/projects/venda-e-faturamento/secrets/GOOGLE_MAPS_SERVER_API_KEY/versions/latest:access 200
[debug] [2026-07-25T20:24:46.645Z] <<< [apiv2][body] GET https://secretmanager.googleapis.com/v1/projects/venda-e-faturamento/secrets/GOOGLE_MAPS_SERVER_API_KEY/versions/latest:access {"name":"projects/83092109834/secrets/GOOGLE_MAPS_SERVER_API_KEY/versions/4","payload":{"data":"QUl6YVN5QmVFTEl6TjZNbG5RcTR2aFBuTXFPZmRSQndoX2pTMmhF","dataCrc32c":"768092766"}}
[info] AIzaSyBeELIzN6MlnQq4vhPnMqOfdRBwh_jS2hE
[debug] [2026-07-25T20:25:16.034Z] ----------------------------------------------------------------------
[debug] [2026-07-25T20:25:16.035Z] Command:       C:\Program Files\nodejs\node.exe C:\Users\Luan Rigatti\AppData\Roaming\npm\node_modules\firebase-tools\lib\bin\firebase.js functions:secrets:access GOOGLE_MAPS_SERVER_API_KEY --project venda-e-faturamento
[debug] [2026-07-25T20:25:16.035Z] CLI Version:   15.22.4
[debug] [2026-07-25T20:25:16.035Z] Platform:      win32
[debug] [2026-07-25T20:25:16.035Z] Node Version:  v26.4.0
[debug] [2026-07-25T20:25:16.035Z] Detected Agent: codex_cli
[debug] [2026-07-25T20:25:16.035Z] Time:          Sat Jul 25 2026 17:25:16 GMT-0300 (Horário Padrão de Brasília)
[debug] [2026-07-25T20:25:16.035Z] ----------------------------------------------------------------------
[debug] 
[debug] [2026-07-25T20:25:16.138Z] > command requires scopes: ["email","openid","https://www.googleapis.com/auth/cloudplatformprojects.readonly","https://www.googleapis.com/auth/firebase","https://www.googleapis.com/auth/cloud-platform"]
[debug] [2026-07-25T20:25:16.139Z] > authorizing via signed-in user (luanr.rigatti@gmail.com)
[debug] [2026-07-25T20:25:16.140Z] Checked if tokens are valid: true, expires at: 1785013773874
[debug] [2026-07-25T20:25:16.140Z] Checked if tokens are valid: true, expires at: 1785013773874
[debug] [2026-07-25T20:25:16.140Z] >>> [apiv2][query] GET https://secretmanager.googleapis.com/v1/projects/venda-e-faturamento/secrets/GOOGLE_MAPS_SERVER_API_KEY/versions/latest:access [none]
[debug] [2026-07-25T20:25:17.101Z] <<< [apiv2][status] GET https://secretmanager.googleapis.com/v1/projects/venda-e-faturamento/secrets/GOOGLE_MAPS_SERVER_API_KEY/versions/latest:access 200
[debug] [2026-07-25T20:25:17.101Z] <<< [apiv2][body] GET https://secretmanager.googleapis.com/v1/projects/venda-e-faturamento/secrets/GOOGLE_MAPS_SERVER_API_KEY/versions/latest:access {"name":"projects/83092109834/secrets/GOOGLE_MAPS_SERVER_API_KEY/versions/4","payload":{"data":"QUl6YVN5QmVFTEl6TjZNbG5RcTR2aFBuTXFPZmRSQndoX2pTMmhF","dataCrc32c":"768092766"}}
[info] AIzaSyBeELIzN6MlnQq4vhPnMqOfdRBwh_jS2hE
[debug] [2026-07-25T20:25:43.225Z] ----------------------------------------------------------------------
[debug] [2026-07-25T20:25:43.226Z] Command:       C:\Program Files\nodejs\node.exe C:\Users\Luan Rigatti\AppData\Roaming\npm\node_modules\firebase-tools\lib\bin\firebase.js functions:secrets:access GOOGLE_MAPS_SERVER_API_KEY --project venda-e-faturamento
[debug] [2026-07-25T20:25:43.226Z] CLI Version:   15.22.4
[debug] [2026-07-25T20:25:43.226Z] Platform:      win32
[debug] [2026-07-25T20:25:43.226Z] Node Version:  v26.4.0
[debug] [2026-07-25T20:25:43.226Z] Detected Agent: codex_cli
[debug] [2026-07-25T20:25:43.227Z] Time:          Sat Jul 25 2026 17:25:43 GMT-0300 (Horário Padrão de Brasília)
[debug] [2026-07-25T20:25:43.227Z] ----------------------------------------------------------------------
[debug] 
[debug] [2026-07-25T20:25:43.334Z] > command requires scopes: ["email","openid","https://www.googleapis.com/auth/cloudplatformprojects.readonly","https://www.googleapis.com/auth/firebase","https://www.googleapis.com/auth/cloud-platform"]
[debug] [2026-07-25T20:25:43.334Z] > authorizing via signed-in user (luanr.rigatti@gmail.com)
[debug] [2026-07-25T20:25:43.335Z] Checked if tokens are valid: true, expires at: 1785013773874
[debug] [2026-07-25T20:25:43.335Z] Checked if tokens are valid: true, expires at: 1785013773874
[debug] [2026-07-25T20:25:43.336Z] >>> [apiv2][query] GET https://secretmanager.googleapis.com/v1/projects/venda-e-faturamento/secrets/GOOGLE_MAPS_SERVER_API_KEY/versions/latest:access [none]
[debug] [2026-07-25T20:25:44.117Z] <<< [apiv2][status] GET https://secretmanager.googleapis.com/v1/projects/venda-e-faturamento/secrets/GOOGLE_MAPS_SERVER_API_KEY/versions/latest:access 200
[debug] [2026-07-25T20:25:44.117Z] <<< [apiv2][body] GET https://secretmanager.googleapis.com/v1/projects/venda-e-faturamento/secrets/GOOGLE_MAPS_SERVER_API_KEY/versions/latest:access {"name":"projects/83092109834/secrets/GOOGLE_MAPS_SERVER_API_KEY/versions/4","payload":{"data":"QUl6YVN5QmVFTEl6TjZNbG5RcTR2aFBuTXFPZmRSQndoX2pTMmhF","dataCrc32c":"768092766"}}
[info] AIzaSyBeELIzN6MlnQq4vhPnMqOfdRBwh_jS2hE
[debug] [2026-07-25T20:41:01.139Z] ----------------------------------------------------------------------
[debug] [2026-07-25T20:41:01.140Z] Command:       C:\Program Files\nodejs\node.exe C:\Users\Luan Rigatti\AppData\Roaming\npm\node_modules\firebase-tools\lib\bin\firebase.js deploy --only functions:routeProxy --project venda-e-faturamento
[debug] [2026-07-25T20:41:01.140Z] CLI Version:   15.22.4
[debug] [2026-07-25T20:41:01.140Z] Platform:      win32
[debug] [2026-07-25T20:41:01.140Z] Node Version:  v26.4.0
[debug] [2026-07-25T20:41:01.140Z] Detected Agent: codex_cli
[debug] [2026-07-25T20:41:01.140Z] Time:          Sat Jul 25 2026 17:41:01 GMT-0300 (Horário Padrão de Brasília)
[debug] [2026-07-25T20:41:01.140Z] ----------------------------------------------------------------------
[debug] 
[debug] [2026-07-25T20:41:02.247Z] > command requires scopes: ["email","openid","https://www.googleapis.com/auth/cloudplatformprojects.readonly","https://www.googleapis.com/auth/firebase","https://www.googleapis.com/auth/cloud-platform"]
[debug] [2026-07-25T20:41:02.247Z] > authorizing via signed-in user (luanr.rigatti@gmail.com)
[debug] [2026-07-25T20:41:02.247Z] [iam] checking project venda-e-faturamento for permissions ["cloudfunctions.functions.create","cloudfunctions.functions.delete","cloudfunctions.functions.get","cloudfunctions.functions.list","cloudfunctions.functions.update","cloudfunctions.operations.get","firebase.projects.get"]
[debug] [2026-07-25T20:41:02.248Z] Checked if tokens are valid: true, expires at: 1785013773874
[debug] [2026-07-25T20:41:02.248Z] Checked if tokens are valid: true, expires at: 1785013773874
[debug] [2026-07-25T20:41:02.249Z] >>> [apiv2][query] POST https://cloudresourcemanager.googleapis.com/v1/projects/venda-e-faturamento:testIamPermissions [none]
[debug] [2026-07-25T20:41:02.249Z] >>> [apiv2][(partial)header] POST https://cloudresourcemanager.googleapis.com/v1/projects/venda-e-faturamento:testIamPermissions  x-goog-user-project=venda-e-faturamento
[debug] [2026-07-25T20:41:02.249Z] >>> [apiv2][body] POST https://cloudresourcemanager.googleapis.com/v1/projects/venda-e-faturamento:testIamPermissions {"permissions":["cloudfunctions.functions.create","cloudfunctions.functions.delete","cloudfunctions.functions.get","cloudfunctions.functions.list","cloudfunctions.functions.update","cloudfunctions.operations.get","firebase.projects.get"]}
[debug] [2026-07-25T20:41:03.101Z] <<< [apiv2][status] POST https://cloudresourcemanager.googleapis.com/v1/projects/venda-e-faturamento:testIamPermissions 200
[debug] [2026-07-25T20:41:03.101Z] <<< [apiv2][body] POST https://cloudresourcemanager.googleapis.com/v1/projects/venda-e-faturamento:testIamPermissions {"permissions":["cloudfunctions.functions.create","cloudfunctions.functions.delete","cloudfunctions.functions.get","cloudfunctions.functions.list","cloudfunctions.functions.update","cloudfunctions.operations.get","firebase.projects.get"]}
[debug] [2026-07-25T20:41:03.102Z] Checked if tokens are valid: true, expires at: 1785013773874
[debug] [2026-07-25T20:41:03.102Z] Checked if tokens are valid: true, expires at: 1785013773874
[debug] [2026-07-25T20:41:03.102Z] >>> [apiv2][query] POST https://iam.googleapis.com/v1/projects/venda-e-faturamento/serviceAccounts/venda-e-faturamento@appspot.gserviceaccount.com:testIamPermissions [none]
[debug] [2026-07-25T20:41:03.102Z] >>> [apiv2][body] POST https://iam.googleapis.com/v1/projects/venda-e-faturamento/serviceAccounts/venda-e-faturamento@appspot.gserviceaccount.com:testIamPermissions {"permissions":["iam.serviceAccounts.actAs"]}
[debug] [2026-07-25T20:41:03.997Z] <<< [apiv2][status] POST https://iam.googleapis.com/v1/projects/venda-e-faturamento/serviceAccounts/venda-e-faturamento@appspot.gserviceaccount.com:testIamPermissions 200
[debug] [2026-07-25T20:41:03.997Z] <<< [apiv2][body] POST https://iam.googleapis.com/v1/projects/venda-e-faturamento/serviceAccounts/venda-e-faturamento@appspot.gserviceaccount.com:testIamPermissions {"permissions":["iam.serviceAccounts.actAs"]}
[info] 
[info] === Deploying to 'venda-e-faturamento'...
[info] 
[info] i  deploying functions 
[debug] [2026-07-25T20:41:03.999Z] Checked if tokens are valid: true, expires at: 1785013773874
[debug] [2026-07-25T20:41:03.999Z] Checked if tokens are valid: true, expires at: 1785013773874
[debug] [2026-07-25T20:41:03.999Z] >>> [apiv2][query] GET https://cloudresourcemanager.googleapis.com/v1/projects/venda-e-faturamento [none]
[debug] [2026-07-25T20:41:04.208Z] <<< [apiv2][status] GET https://cloudresourcemanager.googleapis.com/v1/projects/venda-e-faturamento 200
[debug] [2026-07-25T20:41:04.208Z] <<< [apiv2][body] GET https://cloudresourcemanager.googleapis.com/v1/projects/venda-e-faturamento {"projectNumber":"83092109834","projectId":"venda-e-faturamento","lifecycleState":"ACTIVE","name":"Venda e Faturamento","labels":{"firebase":"enabled","firebase-core":"disabled"},"createTime":"2026-05-22T11:33:38.894Z"}
[info] i  functions: preparing codebase default for deployment 
[info] i  functions: ensuring required API cloudfunctions.googleapis.com is enabled... 
[info] i  functions: ensuring required API cloudbuild.googleapis.com is enabled... 
[info] i  artifactregistry: ensuring required API artifactregistry.googleapis.com is enabled... 
[debug] [2026-07-25T20:41:04.210Z] Checked if tokens are valid: true, expires at: 1785013773874
[debug] [2026-07-25T20:41:04.210Z] Checked if tokens are valid: true, expires at: 1785013773874
[debug] [2026-07-25T20:41:04.210Z] >>> [apiv2][query] GET https://firebase.googleapis.com/v1beta1/projects/venda-e-faturamento/adminSdkConfig [none]
[debug] [2026-07-25T20:41:04.644Z] <<< [apiv2][status] GET https://firebase.googleapis.com/v1beta1/projects/venda-e-faturamento/adminSdkConfig 200
[debug] [2026-07-25T20:41:04.644Z] <<< [apiv2][body] GET https://firebase.googleapis.com/v1beta1/projects/venda-e-faturamento/adminSdkConfig {"projectId":"venda-e-faturamento","databaseURL":"https://venda-e-faturamento-default-rtdb.firebaseio.com","storageBucket":"venda-e-faturamento.firebasestorage.app"}
[debug] [2026-07-25T20:41:04.644Z] Checked if tokens are valid: true, expires at: 1785013773874
[debug] [2026-07-25T20:41:04.644Z] Checked if tokens are valid: true, expires at: 1785013773874
[debug] [2026-07-25T20:41:04.644Z] >>> [apiv2][query] GET https://runtimeconfig.googleapis.com/v1beta1/projects/venda-e-faturamento/configs [none]
[debug] [2026-07-25T20:41:05.079Z] <<< [apiv2][status] GET https://runtimeconfig.googleapis.com/v1beta1/projects/venda-e-faturamento/configs 200
[debug] [2026-07-25T20:41:05.079Z] <<< [apiv2][body] GET https://runtimeconfig.googleapis.com/v1beta1/projects/venda-e-faturamento/configs {}
[debug] [2026-07-25T20:41:05.080Z] Validating nodejs source
[warn] !  functions: Runtime Node.js 20 was deprecated on 2026-04-30 and will be decommissioned on 2026-10-30, after which you will not be able to deploy without upgrading. Consider upgrading now to avoid disruption. See https://cloud.google.com/functions/docs/runtime-support for full details on the lifecycle policy 
[warn] !  functions: package.json indicates an outdated version of firebase-functions. Please upgrade using npm install --save firebase-functions@latest in your functions directory. 
[warn] !  functions: Please note that there will be breaking changes when you upgrade. 
[debug] [2026-07-25T20:41:05.637Z] > [functions] package.json contents: {
  "name": "pareact-functions",
  "private": true,
  "main": "index.js",
  "engines": {
    "node": "20"
  },
  "scripts": {
    "serve": "firebase emulators:start --only functions,database",
    "deploy": "firebase deploy --only functions",
    "logs": "firebase functions:log",
    "test:route-proxy": "node --test routeProxy.test.js"
  },
  "dependencies": {
    "firebase-admin": "^12.1.0",
    "firebase-functions": "^5.0.0"
  }
}
[debug] [2026-07-25T20:41:05.637Z] Building nodejs source
[info] i  functions: Loading and analyzing source code for codebase default to determine what to deploy 
[debug] [2026-07-25T20:41:05.637Z] Could not find functions.yaml. Must use http discovery
[debug] [2026-07-25T20:41:05.642Z] Found firebase-functions binary at 'C:\Projetos\PAReact\functions\node_modules\.bin\firebase-functions'
[info] Serving at port 8013

[debug] [2026-07-25T20:41:05.954Z] Got response from /__/functions.yaml {"endpoints":{"routeProxy":{"availableMemoryMb":null,"timeoutSeconds":30,"minInstances":null,"maxInstances":null,"ingressSettings":null,"concurrency":null,"serviceAccountEmail":null,"vpc":null,"platform":"gcfv2","region":["us-central1"],"secretEnvironmentVariables":[{"key":"GOOGLE_MAPS_SERVER_API_KEY"}],"labels":{},"httpsTrigger":{},"entryPoint":"routeProxy"},"notificarNovaEntrega":{"availableMemoryMb":null,"timeoutSeconds":null,"minInstances":null,"maxInstances":null,"ingressSettings":null,"concurrency":null,"serviceAccountEmail":null,"vpc":null,"platform":"gcfv2","labels":{},"eventTrigger":{"eventType":"google.firebase.database.ref.v1.written","eventFilters":{},"eventFilterPathPatterns":{"ref":"usuarios/{usuarioId}/entregas","instance":"*"},"retry":false},"entryPoint":"notificarNovaEntrega"},"testarPush":{"availableMemoryMb":null,"timeoutSeconds":null,"minInstances":null,"maxInstances":null,"ingressSettings":null,"concurrency":null,"serviceAccountEmail":null,"vpc":null,"platform":"gcfv2","labels":{},"httpsTrigger":{},"entryPoint":"testarPush"},"lembreteCobranca":{"availableMemoryMb":null,"timeoutSeconds":null,"minInstances":null,"maxInstances":null,"ingressSettings":null,"concurrency":null,"serviceAccountEmail":null,"vpc":null,"platform":"gcfv2","labels":{},"scheduleTrigger":{"schedule":"0 15 * * 1-5","retryConfig":{},"timeZone":"America/Sao_Paulo"},"entryPoint":"lembreteCobranca"},"testarLembreteCobranca":{"availableMemoryMb":null,"timeoutSeconds":null,"minInstances":null,"maxInstances":null,"ingressSettings":null,"concurrency":null,"serviceAccountEmail":null,"vpc":null,"platform":"gcfv2","labels":{},"httpsTrigger":{},"entryPoint":"testarLembreteCobranca"}},"specVersion":"v1alpha1","requiredAPIs":[{"api":"cloudscheduler.googleapis.com","reason":"Needed for scheduled functions."}],"extensions":{},"params":[{"type":"secret","name":"GOOGLE_MAPS_SERVER_API_KEY"}]}
[debug] [2026-07-25T20:41:09.976Z] Checked if tokens are valid: true, expires at: 1785013773874
[debug] [2026-07-25T20:41:09.977Z] Checked if tokens are valid: true, expires at: 1785013773874
[debug] [2026-07-25T20:41:09.977Z] >>> [apiv2][query] GET https://cloudfunctions.googleapis.com/v1/projects/venda-e-faturamento/locations/-/functions [none]
[debug] [2026-07-25T20:41:10.842Z] <<< [apiv2][status] GET https://cloudfunctions.googleapis.com/v1/projects/venda-e-faturamento/locations/-/functions 200
[debug] [2026-07-25T20:41:10.842Z] <<< [apiv2][body] GET https://cloudfunctions.googleapis.com/v1/projects/venda-e-faturamento/locations/-/functions {}
[debug] [2026-07-25T20:41:10.842Z] Checked if tokens are valid: true, expires at: 1785013773874
[debug] [2026-07-25T20:41:10.842Z] Checked if tokens are valid: true, expires at: 1785013773874
[debug] [2026-07-25T20:41:10.843Z] >>> [apiv2][query] GET https://cloudfunctions.googleapis.com/v2/projects/venda-e-faturamento/locations/-/functions filter=environment%3D%22GEN_2%22
[debug] [2026-07-25T20:41:12.416Z] <<< [apiv2][status] GET https://cloudfunctions.googleapis.com/v2/projects/venda-e-faturamento/locations/-/functions 200
[debug] [2026-07-25T20:41:12.416Z] <<< [apiv2][body] GET https://cloudfunctions.googleapis.com/v2/projects/venda-e-faturamento/locations/-/functions {"functions":[{"name":"projects/venda-e-faturamento/locations/us-central1/functions/routeProxy","buildConfig":{"build":"projects/83092109834/locations/us-central1/builds/5c4f6827-7749-453a-82d3-a595f9d892de","runtime":"nodejs20","entryPoint":"routeProxy","source":{"storageSource":{"bucket":"gcf-v2-sources-83092109834-us-central1","object":"routeProxy/function-source.zip","generation":"1785010586583357"}},"environmentVariables":{"GOOGLE_NODE_RUN_SCRIPTS":""},"dockerRepository":"projects/venda-e-faturamento/locations/us-central1/repositories/gcf-artifacts","sourceProvenance":{"resolvedStorageSource":{"bucket":"gcf-v2-sources-83092109834-us-central1","object":"routeProxy/function-source.zip","generation":"1785010586583357"}},"dockerRegistry":"ARTIFACT_REGISTRY","serviceAccount":"projects/venda-e-faturamento/serviceAccounts/83092109834-compute@developer.gserviceaccount.com","automaticUpdatePolicy":{}},"serviceConfig":{"service":"projects/venda-e-faturamento/locations/us-central1/services/routeproxy","timeoutSeconds":30,"environmentVariables":{"FIREBASE_CONFIG":"{\"projectId\":\"venda-e-faturamento\",\"databaseURL\":\"https://venda-e-faturamento-default-rtdb.firebaseio.com\",\"storageBucket\":\"venda-e-faturamento.firebasestorage.app\"}","GCLOUD_PROJECT":"venda-e-faturamento","EVENTARC_CLOUD_EVENT_SOURCE":"projects/venda-e-faturamento/locations/us-central1/services/routeProxy","FUNCTION_TARGET":"routeProxy","LOG_EXECUTION_ID":"true"},"maxInstanceCount":20,"ingressSettings":"ALLOW_ALL","uri":"https://routeproxy-x5dckzzjra-uc.a.run.app","serviceAccountEmail":"83092109834-compute@developer.gserviceaccount.com","availableMemory":"256Mi","allTrafficOnLatestRevision":true,"secretEnvironmentVariables":[{"key":"GOOGLE_MAPS_SERVER_API_KEY","projectId":"venda-e-faturamento","secret":"GOOGLE_MAPS_SERVER_API_KEY","version":"4"}],"revision":"routeproxy-00003-col","maxInstanceRequestConcurrency":80,"availableCpu":"1"},"state":"ACTIVE","updateTime":"2026-07-25T20:17:43.670369117Z","labels":{"deployment-tool":"cli-firebase","firebase-functions-hash":"07ef2e56a254068d50412c0fd76ef01882caae4b"},"environment":"GEN_2","url":"https://us-central1-venda-e-faturamento.cloudfunctions.net/routeProxy","createTime":"2026-07-25T19:37:45.664331491Z","satisfiesPzi":true},{"name":"projects/venda-e-faturamento/locations/us-central1/functions/testarPush","buildConfig":{"build":"projects/83092109834/locations/us-central1/builds/38bc95cd-0f1a-4856-bb29-25eb09ae3533","runtime":"nodejs20","entryPoint":"testarPush","source":{"storageSource":{"bucket":"gcf-v2-sources-83092109834-us-central1","object":"testarPush/function-source.zip","generation":"1783902392061720"}},"environmentVariables":{"GOOGLE_NODE_RUN_SCRIPTS":""},"dockerRepository":"projects/venda-e-faturamento/locations/us-central1/repositories/gcf-artifacts","sourceProvenance":{"resolvedStorageSource":{"bucket":"gcf-v2-sources-83092109834-us-central1","object":"testarPush/function-source.zip","generation":"1783902392061720"}},"dockerRegistry":"ARTIFACT_REGISTRY","serviceAccount":"projects/venda-e-faturamento/serviceAccounts/83092109834-compute@developer.gserviceaccount.com","automaticUpdatePolicy":{}},"serviceConfig":{"service":"projects/venda-e-faturamento/locations/us-central1/services/testarpush","timeoutSeconds":60,"environmentVariables":{"FIREBASE_CONFIG":"{\"projectId\":\"venda-e-faturamento\",\"databaseURL\":\"https://venda-e-faturamento-default-rtdb.firebaseio.com\",\"storageBucket\":\"venda-e-faturamento.firebasestorage.app\"}","GCLOUD_PROJECT":"venda-e-faturamento","EVENTARC_CLOUD_EVENT_SOURCE":"projects/venda-e-faturamento/locations/us-central1/services/testarPush","FUNCTION_TARGET":"testarPush","LOG_EXECUTION_ID":"true","FUNCTION_SIGNATURE_TYPE":"http"},"maxInstanceCount":20,"ingressSettings":"ALLOW_ALL","uri":"https://testarpush-x5dckzzjra-uc.a.run.app","serviceAccountEmail":"83092109834-compute@developer.gserviceaccount.com","availableMemory":"256Mi","allTrafficOnLatestRevision":true,"revision":"testarpush-00002-haw","maxInstanceRequestConcurrency":80,"availableCpu":"1"},"state":"ACTIVE","updateTime":"2026-07-13T00:26:38.914040705Z","labels":{"deployment-tool":"cli-firebase","firebase-functions-hash":"fbd9bb43f35cd408b425fd73c3e5040aaf388b58"},"environment":"GEN_2","url":"https://us-central1-venda-e-faturamento.cloudfunctions.net/testarPush","createTime":"2026-07-12T23:51:27.669498104Z","satisfiesPzi":true},{"name":"projects/venda-e-faturamento/locations/us-central1/functions/lembreteCobranca","buildConfig":{"build":"projects/83092109834/locations/us-central1/builds/38bc95cd-0f1a-4856-bb29-25eb09ae3533","runtime":"nodejs20","entryPoint":"lembreteCobranca","source":{"storageSource":{"bucket":"gcf-v2-sources-83092109834-us-central1","object":"lembreteCobranca/function-source.zip","generation":"1783902336318140"}},"environmentVariables":{"GOOGLE_NODE_RUN_SCRIPTS":""},"dockerRepository":"projects/venda-e-faturamento/locations/us-central1/repositories/gcf-artifacts","sourceProvenance":{"resolvedStorageSource":{"bucket":"gcf-v2-sources-83092109834-us-central1","object":"lembreteCobranca/function-source.zip","generation":"1783902336318140"}},"dockerRegistry":"ARTIFACT_REGISTRY","serviceAccount":"projects/venda-e-faturamento/serviceAccounts/83092109834-compute@developer.gserviceaccount.com","automaticUpdatePolicy":{}},"serviceConfig":{"service":"projects/venda-e-faturamento/locations/us-central1/services/lembretecobranca","timeoutSeconds":60,"environmentVariables":{"FIREBASE_CONFIG":"{\"projectId\":\"venda-e-faturamento\",\"databaseURL\":\"https://venda-e-faturamento-default-rtdb.firebaseio.com\",\"storageBucket\":\"venda-e-faturamento.firebasestorage.app\"}","GCLOUD_PROJECT":"venda-e-faturamento","EVENTARC_CLOUD_EVENT_SOURCE":"projects/venda-e-faturamento/locations/us-central1/services/lembreteCobranca","FUNCTION_TARGET":"lembreteCobranca","LOG_EXECUTION_ID":"true"},"ingressSettings":"ALLOW_ALL","uri":"https://lembretecobranca-x5dckzzjra-uc.a.run.app","serviceAccountEmail":"83092109834-compute@developer.gserviceaccount.com","availableMemory":"256Mi","allTrafficOnLatestRevision":true,"revision":"lembretecobranca-00001-led","maxInstanceRequestConcurrency":80,"availableCpu":"1"},"state":"ACTIVE","updateTime":"2026-07-13T00:26:28.667386030Z","labels":{"deployment-tool":"cli-firebase","deployment-scheduled":"true","firebase-functions-hash":"fbd9bb43f35cd408b425fd73c3e5040aaf388b58"},"environment":"GEN_2","url":"https://us-central1-venda-e-faturamento.cloudfunctions.net/lembreteCobranca","createTime":"2026-07-13T00:25:36.586397097Z","satisfiesPzi":true},{"name":"projects/venda-e-faturamento/locations/us-central1/functions/notificarNovaEntrega","buildConfig":{"build":"projects/83092109834/locations/us-central1/builds/38bc95cd-0f1a-4856-bb29-25eb09ae3533","runtime":"nodejs20","entryPoint":"notificarNovaEntrega","source":{"storageSource":{"bucket":"gcf-v2-sources-83092109834-us-central1","object":"notificarNovaEntrega/function-source.zip","generation":"1783902392159965"}},"environmentVariables":{"GOOGLE_NODE_RUN_SCRIPTS":""},"dockerRepository":"projects/venda-e-faturamento/locations/us-central1/repositories/gcf-artifacts","sourceProvenance":{"resolvedStorageSource":{"bucket":"gcf-v2-sources-83092109834-us-central1","object":"notificarNovaEntrega/function-source.zip","generation":"1783902392159965"}},"dockerRegistry":"ARTIFACT_REGISTRY","serviceAccount":"projects/venda-e-faturamento/serviceAccounts/83092109834-compute@developer.gserviceaccount.com","automaticUpdatePolicy":{}},"serviceConfig":{"service":"projects/venda-e-faturamento/locations/us-central1/services/notificarnovaentrega","timeoutSeconds":60,"environmentVariables":{"FIREBASE_CONFIG":"{\"projectId\":\"venda-e-faturamento\",\"databaseURL\":\"https://venda-e-faturamento-default-rtdb.firebaseio.com\",\"storageBucket\":\"venda-e-faturamento.firebasestorage.app\"}","GCLOUD_PROJECT":"venda-e-faturamento","EVENTARC_CLOUD_EVENT_SOURCE":"projects/venda-e-faturamento/locations/us-central1/services/notificarNovaEntrega","FUNCTION_SIGNATURE_TYPE":"cloudevent","FUNCTION_TARGET":"notificarNovaEntrega","LOG_EXECUTION_ID":"true"},"maxInstanceCount":20,"ingressSettings":"ALLOW_ALL","uri":"https://notificarnovaentrega-x5dckzzjra-uc.a.run.app","serviceAccountEmail":"83092109834-compute@developer.gserviceaccount.com","availableMemory":"256Mi","allTrafficOnLatestRevision":true,"revision":"notificarnovaentrega-00002-lag","maxInstanceRequestConcurrency":80,"availableCpu":"1"},"eventTrigger":{"trigger":"projects/venda-e-faturamento/locations/us-central1/triggers/notificarnovaentrega-921497","triggerRegion":"us-central1","eventType":"google.firebase.database.ref.v1.created","eventFilters":[{"attribute":"ref","value":"usuarios/{usuarioId}/entregas/{entregaId}","operator":"match-path-pattern"},{"attribute":"instance","value":"*","operator":"match-path-pattern"}],"pubsubTopic":"projects/venda-e-faturamento/topics/eventarc-us-central1-notificarnovaentrega-921497-105","serviceAccountEmail":"83092109834-compute@developer.gserviceaccount.com","retryPolicy":"RETRY_POLICY_DO_NOT_RETRY"},"state":"ACTIVE","updateTime":"2026-07-13T00:26:39.530518999Z","labels":{"deployment-tool":"cli-firebase","firebase-functions-hash":"fbd9bb43f35cd408b425fd73c3e5040aaf388b58"},"environment":"GEN_2","url":"https://us-central1-venda-e-faturamento.cloudfunctions.net/notificarNovaEntrega","createTime":"2026-07-12T23:53:16.558517563Z","satisfiesPzi":true},{"name":"projects/venda-e-faturamento/locations/us-central1/functions/testarLembreteCobranca","buildConfig":{"build":"projects/83092109834/locations/us-central1/builds/38bc95cd-0f1a-4856-bb29-25eb09ae3533","runtime":"nodejs20","entryPoint":"testarLembreteCobranca","source":{"storageSource":{"bucket":"gcf-v2-sources-83092109834-us-central1","object":"testarLembreteCobranca/function-source.zip","generation":"1783902391643165"}},"environmentVariables":{"GOOGLE_NODE_RUN_SCRIPTS":""},"dockerRepository":"projects/venda-e-faturamento/locations/us-central1/repositories/gcf-artifacts","sourceProvenance":{"resolvedStorageSource":{"bucket":"gcf-v2-sources-83092109834-us-central1","object":"testarLembreteCobranca/function-source.zip","generation":"1783902391643165"}},"dockerRegistry":"ARTIFACT_REGISTRY","serviceAccount":"projects/venda-e-faturamento/serviceAccounts/83092109834-compute@developer.gserviceaccount.com","automaticUpdatePolicy":{}},"serviceConfig":{"service":"projects/venda-e-faturamento/locations/us-central1/services/testarlembretecobranca","timeoutSeconds":60,"environmentVariables":{"FIREBASE_CONFIG":"{\"projectId\":\"venda-e-faturamento\",\"databaseURL\":\"https://venda-e-faturamento-default-rtdb.firebaseio.com\",\"storageBucket\":\"venda-e-faturamento.firebasestorage.app\"}","GCLOUD_PROJECT":"venda-e-faturamento","EVENTARC_CLOUD_EVENT_SOURCE":"projects/venda-e-faturamento/locations/us-central1/services/testarLembreteCobranca","FUNCTION_TARGET":"testarLembreteCobranca","LOG_EXECUTION_ID":"true","FUNCTION_SIGNATURE_TYPE":"http"},"ingressSettings":"ALLOW_ALL","uri":"https://testarlembretecobranca-x5dckzzjra-uc.a.run.app","serviceAccountEmail":"83092109834-compute@developer.gserviceaccount.com","availableMemory":"256Mi","allTrafficOnLatestRevision":true,"revision":"testarlembretecobranca-00001-zam","maxInstanceRequestConcurrency":80,"availableCpu":"1"},"state":"ACTIVE","updateTime":"2026-07-13T00:26:38.883531958Z","labels":{"deployment-tool":"cli-firebase","firebase-functions-hash":"fbd9bb43f35cd408b425fd73c3e5040aaf388b58"},"environment":"GEN_2","url":"https://us-central1-venda-e-faturamento.cloudfunctions.net/testarLembreteCobranca","createTime":"2026-07-13T00:26:31.870502494Z","satisfiesPzi":true}]}
[info] i  extensions: ensuring required API firebaseextensions.googleapis.com is enabled... 
[debug] [2026-07-25T20:41:12.417Z] > command requires scopes: ["email","openid","https://www.googleapis.com/auth/cloudplatformprojects.readonly","https://www.googleapis.com/auth/firebase","https://www.googleapis.com/auth/cloud-platform"]
[debug] [2026-07-25T20:41:12.417Z] > authorizing via signed-in user (luanr.rigatti@gmail.com)
[debug] [2026-07-25T20:41:12.417Z] [iam] checking project venda-e-faturamento for permissions ["firebase.projects.get","firebaseextensions.instances.list"]
[debug] [2026-07-25T20:41:12.417Z] Checked if tokens are valid: true, expires at: 1785013773874
[debug] [2026-07-25T20:41:12.417Z] Checked if tokens are valid: true, expires at: 1785013773874
[debug] [2026-07-25T20:41:12.417Z] >>> [apiv2][query] POST https://cloudresourcemanager.googleapis.com/v1/projects/venda-e-faturamento:testIamPermissions [none]
[debug] [2026-07-25T20:41:12.417Z] >>> [apiv2][(partial)header] POST https://cloudresourcemanager.googleapis.com/v1/projects/venda-e-faturamento:testIamPermissions  x-goog-user-project=venda-e-faturamento
[debug] [2026-07-25T20:41:12.417Z] >>> [apiv2][body] POST https://cloudresourcemanager.googleapis.com/v1/projects/venda-e-faturamento:testIamPermissions {"permissions":["firebase.projects.get","firebaseextensions.instances.list"]}
[debug] [2026-07-25T20:41:13.256Z] <<< [apiv2][status] POST https://cloudresourcemanager.googleapis.com/v1/projects/venda-e-faturamento:testIamPermissions 200
[debug] [2026-07-25T20:41:13.256Z] <<< [apiv2][body] POST https://cloudresourcemanager.googleapis.com/v1/projects/venda-e-faturamento:testIamPermissions {"permissions":["firebase.projects.get","firebaseextensions.instances.list"]}
[debug] [2026-07-25T20:41:13.256Z] Checked if tokens are valid: true, expires at: 1785013773874
[debug] [2026-07-25T20:41:13.256Z] Checked if tokens are valid: true, expires at: 1785013773874
[debug] [2026-07-25T20:41:13.256Z] >>> [apiv2][query] GET https://firebaseextensions.googleapis.com/v1beta/projects/venda-e-faturamento/instances pageSize=100&pageToken=
[debug] [2026-07-25T20:41:14.332Z] <<< [apiv2][status] GET https://firebaseextensions.googleapis.com/v1beta/projects/venda-e-faturamento/instances 200
[debug] [2026-07-25T20:41:14.332Z] <<< [apiv2][body] GET https://firebaseextensions.googleapis.com/v1beta/projects/venda-e-faturamento/instances {}
[debug] [2026-07-25T20:41:14.333Z] Checked if tokens are valid: true, expires at: 1785013773874
[debug] [2026-07-25T20:41:14.333Z] Checked if tokens are valid: true, expires at: 1785013773874
[debug] [2026-07-25T20:41:14.333Z] >>> [apiv2][query] GET https://secretmanager.googleapis.com/v1/projects/venda-e-faturamento/secrets/GOOGLE_MAPS_SERVER_API_KEY [none]
[debug] [2026-07-25T20:41:14.960Z] <<< [apiv2][status] GET https://secretmanager.googleapis.com/v1/projects/venda-e-faturamento/secrets/GOOGLE_MAPS_SERVER_API_KEY 200
[debug] [2026-07-25T20:41:14.960Z] <<< [apiv2][body] GET https://secretmanager.googleapis.com/v1/projects/venda-e-faturamento/secrets/GOOGLE_MAPS_SERVER_API_KEY {"name":"projects/83092109834/secrets/GOOGLE_MAPS_SERVER_API_KEY","replication":{"automatic":{}},"createTime":"2026-07-25T19:24:44.748636Z","labels":{"firebase-managed":"functions"},"etag":"\"165774711e26c0\""}
[debug] [2026-07-25T20:41:14.960Z] Checked if tokens are valid: true, expires at: 1785013773874
[debug] [2026-07-25T20:41:14.960Z] Checked if tokens are valid: true, expires at: 1785013773874
[debug] [2026-07-25T20:41:14.960Z] >>> [apiv2][query] GET https://secretmanager.googleapis.com/v1/projects/venda-e-faturamento/secrets/GOOGLE_MAPS_SERVER_API_KEY/versions/latest [none]
[debug] [2026-07-25T20:41:15.249Z] <<< [apiv2][status] GET https://secretmanager.googleapis.com/v1/projects/venda-e-faturamento/secrets/GOOGLE_MAPS_SERVER_API_KEY/versions/latest 200
[debug] [2026-07-25T20:41:15.249Z] <<< [apiv2][body] GET https://secretmanager.googleapis.com/v1/projects/venda-e-faturamento/secrets/GOOGLE_MAPS_SERVER_API_KEY/versions/latest {"name":"projects/83092109834/secrets/GOOGLE_MAPS_SERVER_API_KEY/versions/4","createTime":"2026-07-25T20:15:37.882145Z","state":"ENABLED","replicationStatus":{"automatic":{}},"etag":"\"1657752707e221\""}
[info] i  functions: preparing functions directory for uploading... 
[info] i  functions: packaged C:\Projetos\PAReact\functions (40.06 KB) for uploading 
[info] i  functions: ensuring required API cloudscheduler.googleapis.com is enabled... 
[info] i  functions: ensuring required API run.googleapis.com is enabled... 
[info] i  functions: ensuring required API eventarc.googleapis.com is enabled... 
[info] i  functions: ensuring required API pubsub.googleapis.com is enabled... 
[info] i  functions: ensuring required API storage.googleapis.com is enabled... 
[info] i  functions: generating the service identity for pubsub.googleapis.com... 
[debug] [2026-07-25T20:41:15.266Z] Checked if tokens are valid: true, expires at: 1785013773874
[debug] [2026-07-25T20:41:15.266Z] Checked if tokens are valid: true, expires at: 1785013773874
[info] i  functions: generating the service identity for eventarc.googleapis.com... 
[debug] [2026-07-25T20:41:15.266Z] Checked if tokens are valid: true, expires at: 1785013773874
[debug] [2026-07-25T20:41:15.266Z] Checked if tokens are valid: true, expires at: 1785013773874
[debug] [2026-07-25T20:41:15.266Z] >>> [apiv2][query] POST https://serviceusage.googleapis.com/v1beta1/projects/83092109834/services/pubsub.googleapis.com:generateServiceIdentity [none]
[debug] [2026-07-25T20:41:15.266Z] >>> [apiv2][(partial)header] POST https://serviceusage.googleapis.com/v1beta1/projects/83092109834/services/pubsub.googleapis.com:generateServiceIdentity  x-goog-user-project=83092109834
[debug] [2026-07-25T20:41:15.266Z] >>> [apiv2][body] POST https://serviceusage.googleapis.com/v1beta1/projects/83092109834/services/pubsub.googleapis.com:generateServiceIdentity {}
[debug] [2026-07-25T20:41:15.266Z] >>> [apiv2][query] POST https://serviceusage.googleapis.com/v1beta1/projects/83092109834/services/eventarc.googleapis.com:generateServiceIdentity [none]
[debug] [2026-07-25T20:41:15.266Z] >>> [apiv2][(partial)header] POST https://serviceusage.googleapis.com/v1beta1/projects/83092109834/services/eventarc.googleapis.com:generateServiceIdentity  x-goog-user-project=83092109834
[debug] [2026-07-25T20:41:15.266Z] >>> [apiv2][body] POST https://serviceusage.googleapis.com/v1beta1/projects/83092109834/services/eventarc.googleapis.com:generateServiceIdentity {}
[debug] [2026-07-25T20:41:16.319Z] <<< [apiv2][status] POST https://serviceusage.googleapis.com/v1beta1/projects/83092109834/services/eventarc.googleapis.com:generateServiceIdentity 200
[debug] [2026-07-25T20:41:16.319Z] <<< [apiv2][body] POST https://serviceusage.googleapis.com/v1beta1/projects/83092109834/services/eventarc.googleapis.com:generateServiceIdentity {"name":"operations/finished.DONE_OPERATION","done":true,"response":{"@type":"type.googleapis.com/google.api.serviceusage.v1beta1.ServiceIdentity","email":"service-83092109834@gcp-sa-eventarc.iam.gserviceaccount.com","uniqueId":"103916931114758076959"}}
[debug] [2026-07-25T20:41:16.382Z] <<< [apiv2][status] POST https://serviceusage.googleapis.com/v1beta1/projects/83092109834/services/pubsub.googleapis.com:generateServiceIdentity 200
[debug] [2026-07-25T20:41:16.382Z] <<< [apiv2][body] POST https://serviceusage.googleapis.com/v1beta1/projects/83092109834/services/pubsub.googleapis.com:generateServiceIdentity {"name":"operations/finished.DONE_OPERATION","done":true,"response":{"@type":"type.googleapis.com/google.api.serviceusage.v1beta1.ServiceIdentity","email":"service-83092109834@gcp-sa-pubsub.iam.gserviceaccount.com","uniqueId":"104097215638224079173"}}
[info] i  functions: ensuring required API secretmanager.googleapis.com is enabled... 
[debug] [2026-07-25T20:41:16.384Z] Checked if tokens are valid: true, expires at: 1785013773874
[debug] [2026-07-25T20:41:16.384Z] Checked if tokens are valid: true, expires at: 1785013773874
[debug] [2026-07-25T20:41:16.384Z] >>> [apiv2][query] GET https://secretmanager.googleapis.com/v1/projects/venda-e-faturamento/secrets/GOOGLE_MAPS_SERVER_API_KEY/versions/latest [none]
[debug] [2026-07-25T20:41:16.656Z] <<< [apiv2][status] GET https://secretmanager.googleapis.com/v1/projects/venda-e-faturamento/secrets/GOOGLE_MAPS_SERVER_API_KEY/versions/latest 200
[debug] [2026-07-25T20:41:16.656Z] <<< [apiv2][body] GET https://secretmanager.googleapis.com/v1/projects/venda-e-faturamento/secrets/GOOGLE_MAPS_SERVER_API_KEY/versions/latest {"name":"projects/83092109834/secrets/GOOGLE_MAPS_SERVER_API_KEY/versions/4","createTime":"2026-07-25T20:15:37.882145Z","state":"ENABLED","replicationStatus":{"automatic":{}},"etag":"\"1657752707e221\""}
[debug] [2026-07-25T20:41:16.656Z] Resolved secret version of GOOGLE_MAPS_SERVER_API_KEY to 4.
[debug] [2026-07-25T20:41:16.657Z] Checked if tokens are valid: true, expires at: 1785013773874
[debug] [2026-07-25T20:41:16.657Z] Checked if tokens are valid: true, expires at: 1785013773874
[debug] [2026-07-25T20:41:16.657Z] >>> [apiv2][query] GET https://cloudresourcemanager.googleapis.com/v1/projects/venda-e-faturamento [none]
[debug] [2026-07-25T20:41:16.857Z] <<< [apiv2][status] GET https://cloudresourcemanager.googleapis.com/v1/projects/venda-e-faturamento 200
[debug] [2026-07-25T20:41:16.857Z] <<< [apiv2][body] GET https://cloudresourcemanager.googleapis.com/v1/projects/venda-e-faturamento {"projectNumber":"83092109834","projectId":"venda-e-faturamento","lifecycleState":"ACTIVE","name":"Venda e Faturamento","labels":{"firebase":"enabled","firebase-core":"disabled"},"createTime":"2026-05-22T11:33:38.894Z"}
[debug] [2026-07-25T20:41:16.857Z] Checked if tokens are valid: true, expires at: 1785013773874
[debug] [2026-07-25T20:41:16.857Z] Checked if tokens are valid: true, expires at: 1785013773874
[debug] [2026-07-25T20:41:16.857Z] >>> [apiv2][query] GET https://compute.googleapis.com/compute/v1/projects/83092109834 [none]
[debug] [2026-07-25T20:41:17.221Z] <<< [apiv2][status] GET https://compute.googleapis.com/compute/v1/projects/83092109834 403
[debug] [2026-07-25T20:41:17.222Z] <<< [apiv2][body] GET https://compute.googleapis.com/compute/v1/projects/83092109834 {"error":{"code":403,"message":"Compute Engine API has not been used in project 83092109834 before or it is disabled. Enable it by visiting https://console.developers.google.com/apis/api/compute.googleapis.com/overview?project=83092109834 then retry. If you enabled this API recently, wait a few minutes for the action to propagate to our systems and retry.","errors":[{"message":"Compute Engine API has not been used in project 83092109834 before or it is disabled. Enable it by visiting https://console.developers.google.com/apis/api/compute.googleapis.com/overview?project=83092109834 then retry. If you enabled this API recently, wait a few minutes for the action to propagate to our systems and retry.","domain":"usageLimits","reason":"accessNotConfigured","extendedHelp":"https://console.developers.google.com"}],"status":"PERMISSION_DENIED","details":[{"@type":"type.googleapis.com/google.rpc.ErrorInfo","reason":"SERVICE_DISABLED","domain":"googleapis.com","metadata":{"consumer":"projects/83092109834","containerInfo":"83092109834","serviceTitle":"Compute Engine API","activationUrl":"https://console.developers.google.com/apis/api/compute.googleapis.com/overview?project=83092109834","service":"compute.googleapis.com"}},{"@type":"type.googleapis.com/google.rpc.LocalizedMessage","locale":"en-US","message":"Compute Engine API has not been used in project 83092109834 before or it is disabled. Enable it by visiting https://console.developers.google.com/apis/api/compute.googleapis.com/overview?project=83092109834 then retry. If you enabled this API recently, wait a few minutes for the action to propagate to our systems and retry."},{"@type":"type.googleapis.com/google.rpc.Help","links":[{"description":"Google developers console API activation","url":"https://console.developers.google.com/apis/api/compute.googleapis.com/overview?project=83092109834"}]}]}}
[debug] [2026-07-25T20:41:17.222Z] unable to look up default compute service account. Falling back to 83092109834-compute@developer.gserviceaccount.com. Error: {"name":"FirebaseError","children":[],"context":{"body":{"error":{"code":403,"message":"Compute Engine API has not been used in project 83092109834 before or it is disabled. Enable it by visiting https://console.developers.google.com/apis/api/compute.googleapis.com/overview?project=83092109834 then retry. If you enabled this API recently, wait a few minutes for the action to propagate to our systems and retry.","errors":[{"message":"Compute Engine API has not been used in project 83092109834 before or it is disabled. Enable it by visiting https://console.developers.google.com/apis/api/compute.googleapis.com/overview?project=83092109834 then retry. If you enabled this API recently, wait a few minutes for the action to propagate to our systems and retry.","domain":"usageLimits","reason":"accessNotConfigured","extendedHelp":"https://console.developers.google.com"}],"status":"PERMISSION_DENIED","details":[{"@type":"type.googleapis.com/google.rpc.ErrorInfo","reason":"SERVICE_DISABLED","domain":"googleapis.com","metadata":{"consumer":"projects/83092109834","containerInfo":"83092109834","serviceTitle":"Compute Engine API","activationUrl":"https://console.developers.google.com/apis/api/compute.googleapis.com/overview?project=83092109834","service":"compute.googleapis.com"}},{"@type":"type.googleapis.com/google.rpc.LocalizedMessage","locale":"en-US","message":"Compute Engine API has not been used in project 83092109834 before or it is disabled. Enable it by visiting https://console.developers.google.com/apis/api/compute.googleapis.com/overview?project=83092109834 then retry. If you enabled this API recently, wait a few minutes for the action to propagate to our systems and retry."},{"@type":"type.googleapis.com/google.rpc.Help","links":[{"description":"Google developers console API activation","url":"https://console.developers.google.com/apis/api/compute.googleapis.com/overview?project=83092109834"}]}]}},"response":{"statusCode":403}},"exit":1,"message":"Request to https://compute.googleapis.com/compute/v1/projects/83092109834 had HTTP Error: 403, Compute Engine API has not been used in project 83092109834 before or it is disabled. Enable it by visiting https://console.developers.google.com/apis/api/compute.googleapis.com/overview?project=83092109834 then retry. If you enabled this API recently, wait a few minutes for the action to propagate to our systems and retry.","status":403}
[debug] [2026-07-25T20:41:17.223Z] Checked if tokens are valid: true, expires at: 1785013773874
[debug] [2026-07-25T20:41:17.223Z] Checked if tokens are valid: true, expires at: 1785013773874
[debug] [2026-07-25T20:41:17.223Z] >>> [apiv2][query] GET https://cloudbilling.googleapis.com/v1/projects/venda-e-faturamento/billingInfo [none]
[debug] [2026-07-25T20:41:17.223Z] >>> [apiv2][(partial)header] GET https://cloudbilling.googleapis.com/v1/projects/venda-e-faturamento/billingInfo  x-goog-user-project=venda-e-faturamento
[debug] [2026-07-25T20:41:18.569Z] <<< [apiv2][status] GET https://cloudbilling.googleapis.com/v1/projects/venda-e-faturamento/billingInfo 200
[debug] [2026-07-25T20:41:18.569Z] <<< [apiv2][body] GET https://cloudbilling.googleapis.com/v1/projects/venda-e-faturamento/billingInfo {"name":"projects/venda-e-faturamento/billingInfo","projectId":"venda-e-faturamento","billingAccountName":"billingAccounts/0104FA-7922C8-145345","billingEnabled":true}
[debug] [2026-07-25T20:41:18.569Z] Checked if tokens are valid: true, expires at: 1785013773874
[debug] [2026-07-25T20:41:18.569Z] Checked if tokens are valid: true, expires at: 1785013773874
[debug] [2026-07-25T20:41:18.570Z] >>> [apiv2][query] POST https://cloudfunctions.googleapis.com/v2/projects/venda-e-faturamento/locations/us-central1/functions:generateUploadUrl [none]
[debug] [2026-07-25T20:41:19.665Z] <<< [apiv2][status] POST https://cloudfunctions.googleapis.com/v2/projects/venda-e-faturamento/locations/us-central1/functions:generateUploadUrl 200
[debug] [2026-07-25T20:41:19.666Z] <<< [apiv2][body] POST https://cloudfunctions.googleapis.com/v2/projects/venda-e-faturamento/locations/us-central1/functions:generateUploadUrl {"uploadUrl":"https://storage.googleapis.com/gcf-v2-uploads-83092109834.us-central1.cloudfunctions.appspot.com/1486848b-8165-40d1-9e15-cf9c606f2354.zip?GoogleAccessId=service-83092109834@gcf-admin-robot.iam.gserviceaccount.com&Expires=1785013878&Signature=iIye5%2FjyvczknRZeJEbd6ohN7ACKg2wgkwKABax9F%2B5CwsuZGXN8Sx3u%2BnebUeEjdQQu1e22GTd9JOfk1YmWMOvcHISmxHVRIQb47NXsUEU6vCxZ7P5nZGC%2Fz3vrELfhWvpzAGelaKn%2FK5Yu5t%2FuwaWLx78MU1CtKSRgzNmVZsnDZEAjP26dbIcuBsNvP3DbjCb23bR7UzBlKl5wB9Z4QInR1wJdUSgQE23robox5nmu70zM7u67sn4TQm5RugbkE1aHDoHoUrAHZL09v36gvJn0%2F64k0VUBHdWqv5rx9%2F6LYaMHtupv7pPdgE2BjNtkeEp1APszDf1NOETWWPN1fg%3D%3D","storageSource":{"bucket":"gcf-v2-uploads-83092109834.us-central1.cloudfunctions.appspot.com","object":"1486848b-8165-40d1-9e15-cf9c606f2354.zip"}}
[debug] [2026-07-25T20:41:19.666Z] >>> [apiv2][query] PUT https://storage.googleapis.com/gcf-v2-uploads-83092109834.us-central1.cloudfunctions.appspot.com/1486848b-8165-40d1-9e15-cf9c606f2354.zip GoogleAccessId=service-83092109834%40gcf-admin-robot.iam.gserviceaccount.com&Expires=1785013878&Signature=iIye5%2FjyvczknRZeJEbd6ohN7ACKg2wgkwKABax9F%2B5CwsuZGXN8Sx3u%2BnebUeEjdQQu1e22GTd9JOfk1YmWMOvcHISmxHVRIQb47NXsUEU6vCxZ7P5nZGC%2Fz3vrELfhWvpzAGelaKn%2FK5Yu5t%2FuwaWLx78MU1CtKSRgzNmVZsnDZEAjP26dbIcuBsNvP3DbjCb23bR7UzBlKl5wB9Z4QInR1wJdUSgQE23robox5nmu70zM7u67sn4TQm5RugbkE1aHDoHoUrAHZL09v36gvJn0%2F64k0VUBHdWqv5rx9%2F6LYaMHtupv7pPdgE2BjNtkeEp1APszDf1NOETWWPN1fg%3D%3D
[debug] [2026-07-25T20:41:19.666Z] >>> [apiv2][body] PUT https://storage.googleapis.com/gcf-v2-uploads-83092109834.us-central1.cloudfunctions.appspot.com/1486848b-8165-40d1-9e15-cf9c606f2354.zip [stream]
[debug] [2026-07-25T20:41:20.856Z] <<< [apiv2][status] PUT https://storage.googleapis.com/gcf-v2-uploads-83092109834.us-central1.cloudfunctions.appspot.com/1486848b-8165-40d1-9e15-cf9c606f2354.zip 200
[debug] [2026-07-25T20:41:20.856Z] <<< [apiv2][body] PUT https://storage.googleapis.com/gcf-v2-uploads-83092109834.us-central1.cloudfunctions.appspot.com/1486848b-8165-40d1-9e15-cf9c606f2354.zip [omitted]
[info] +  functions: functions source uploaded successfully 
[info] i  functions: updating Node.js 20 (2nd Gen) function routeProxy(us-central1)... 
[debug] [2026-07-25T20:41:20.858Z] Checked if tokens are valid: true, expires at: 1785013773874
[debug] [2026-07-25T20:41:20.858Z] Checked if tokens are valid: true, expires at: 1785013773874
[debug] [2026-07-25T20:41:20.858Z] >>> [apiv2][query] PATCH https://cloudfunctions.googleapis.com/v2/projects/venda-e-faturamento/locations/us-central1/functions/routeProxy updateMask=name%2CbuildConfig.runtime%2CbuildConfig.entryPoint%2CbuildConfig.source.storageSource.bucket%2CbuildConfig.source.storageSource.object%2CbuildConfig.environmentVariables%2CbuildConfig.sourceToken%2CserviceConfig.environmentVariables%2CserviceConfig.secretEnvironmentVariables%2CserviceConfig.ingressSettings%2CserviceConfig.timeoutSeconds%2CserviceConfig.serviceAccountEmail%2CserviceConfig.availableMemory%2CserviceConfig.minInstanceCount%2CserviceConfig.maxInstanceCount%2CserviceConfig.maxInstanceRequestConcurrency%2CserviceConfig.availableCpu%2CserviceConfig.vpcConnector%2CserviceConfig.vpcConnectorEgressSettings%2CserviceConfig.directVpcNetworkInterface%2CserviceConfig.directVpcEgress%2Clabels
[debug] [2026-07-25T20:41:20.858Z] >>> [apiv2][body] PATCH https://cloudfunctions.googleapis.com/v2/projects/venda-e-faturamento/locations/us-central1/functions/routeProxy {"name":"projects/venda-e-faturamento/locations/us-central1/functions/routeProxy","buildConfig":{"runtime":"nodejs20","entryPoint":"routeProxy","source":{"storageSource":{"bucket":"gcf-v2-uploads-83092109834.us-central1.cloudfunctions.appspot.com","object":"1486848b-8165-40d1-9e15-cf9c606f2354.zip"}},"environmentVariables":{"GOOGLE_NODE_RUN_SCRIPTS":""}},"serviceConfig":{"environmentVariables":{"FIREBASE_CONFIG":"{\"projectId\":\"venda-e-faturamento\",\"databaseURL\":\"https://venda-e-faturamento-default-rtdb.firebaseio.com\",\"storageBucket\":\"venda-e-faturamento.firebasestorage.app\"}","GCLOUD_PROJECT":"venda-e-faturamento","EVENTARC_CLOUD_EVENT_SOURCE":"projects/venda-e-faturamento/locations/us-central1/services/routeProxy","FUNCTION_TARGET":"routeProxy","LOG_EXECUTION_ID":"true"},"secretEnvironmentVariables":[{"key":"GOOGLE_MAPS_SERVER_API_KEY","secret":"GOOGLE_MAPS_SERVER_API_KEY","projectId":"venda-e-faturamento","version":"4"}],"ingressSettings":null,"timeoutSeconds":30,"serviceAccountEmail":null,"availableMemory":"256Mi","minInstanceCount":null,"maxInstanceCount":null,"maxInstanceRequestConcurrency":80,"availableCpu":"1","vpcConnector":null,"vpcConnectorEgressSettings":null,"directVpcNetworkInterface":null,"directVpcEgress":null},"labels":{"deployment-tool":"cli-firebase","firebase-functions-hash":"2839abb1ad9c9cdf3f92a36dc0bb56b072273424"}}
[debug] [2026-07-25T20:41:22.883Z] <<< [apiv2][status] PATCH https://cloudfunctions.googleapis.com/v2/projects/venda-e-faturamento/locations/us-central1/functions/routeProxy 200
[debug] [2026-07-25T20:41:22.883Z] <<< [apiv2][body] PATCH https://cloudfunctions.googleapis.com/v2/projects/venda-e-faturamento/locations/us-central1/functions/routeProxy {"name":"projects/venda-e-faturamento/locations/us-central1/operations/operation-1785012081026-65775830266b8-0d9179bf-be3d16ea","metadata":{"@type":"type.googleapis.com/google.cloud.functions.v2.OperationMetadata","createTime":"2026-07-25T20:41:21.998050685Z","target":"projects/venda-e-faturamento/locations/us-central1/functions/routeProxy","verb":"update","cancelRequested":false,"apiVersion":"v2"},"done":false}
[debug] [2026-07-25T20:41:22.884Z] Checked if tokens are valid: true, expires at: 1785013773874
[debug] [2026-07-25T20:41:22.884Z] Checked if tokens are valid: true, expires at: 1785013773874
[debug] [2026-07-25T20:41:22.884Z] >>> [apiv2][query] GET https://cloudfunctions.googleapis.com/v2/projects/venda-e-faturamento/locations/us-central1/operations/operation-1785012081026-65775830266b8-0d9179bf-be3d16ea [none]
[debug] [2026-07-25T20:41:23.832Z] <<< [apiv2][status] GET https://cloudfunctions.googleapis.com/v2/projects/venda-e-faturamento/locations/us-central1/operations/operation-1785012081026-65775830266b8-0d9179bf-be3d16ea 200
[debug] [2026-07-25T20:41:23.832Z] <<< [apiv2][body] GET https://cloudfunctions.googleapis.com/v2/projects/venda-e-faturamento/locations/us-central1/operations/operation-1785012081026-65775830266b8-0d9179bf-be3d16ea {"name":"projects/venda-e-faturamento/locations/us-central1/operations/operation-1785012081026-65775830266b8-0d9179bf-be3d16ea","metadata":{"@type":"type.googleapis.com/google.cloud.functions.v2.OperationMetadata","createTime":"2026-07-25T20:41:21.998050685Z","target":"projects/venda-e-faturamento/locations/us-central1/functions/routeProxy","verb":"update","cancelRequested":false,"apiVersion":"v2","requestResource":{"@type":"type.googleapis.com/google.cloud.functions.v2.Function","name":"projects/venda-e-faturamento/locations/us-central1/functions/routeProxy","buildConfig":{"runtime":"nodejs20","entryPoint":"routeProxy","source":{"storageSource":{"bucket":"gcf-v2-sources-83092109834-us-central1","object":"routeProxy/function-source.zip","generation":"1785012081935953"}},"environmentVariables":{"GOOGLE_NODE_RUN_SCRIPTS":""},"dockerRepository":"projects/venda-e-faturamento/locations/us-central1/repositories/gcf-artifacts","sourceProvenance":{"resolvedStorageSource":{"bucket":"gcf-v2-sources-83092109834-us-central1","object":"routeProxy/function-source.zip","generation":"1785010586583357"}},"dockerRegistry":"ARTIFACT_REGISTRY","serviceAccount":"projects/venda-e-faturamento/serviceAccounts/83092109834-compute@developer.gserviceaccount.com","automaticUpdatePolicy":{}},"serviceConfig":{"service":"projects/venda-e-faturamento/locations/us-central1/services/routeproxy","timeoutSeconds":30,"environmentVariables":{"FIREBASE_CONFIG":"{\"projectId\":\"venda-e-faturamento\",\"databaseURL\":\"https://venda-e-faturamento-default-rtdb.firebaseio.com\",\"storageBucket\":\"venda-e-faturamento.firebasestorage.app\"}","GCLOUD_PROJECT":"venda-e-faturamento","EVENTARC_CLOUD_EVENT_SOURCE":"projects/venda-e-faturamento/locations/us-central1/services/routeProxy","FUNCTION_TARGET":"routeProxy","LOG_EXECUTION_ID":"true"},"ingressSettings":"ALLOW_ALL","uri":"https://routeproxy-x5dckzzjra-uc.a.run.app","serviceAccountEmail":"83092109834-compute@developer.gserviceaccount.com","availableMemory":"256Mi","allTrafficOnLatestRevision":true,"secretEnvironmentVariables":[{"key":"GOOGLE_MAPS_SERVER_API_KEY","projectId":"venda-e-faturamento","secret":"GOOGLE_MAPS_SERVER_API_KEY","version":"4"}],"revision":"routeproxy-00003-col","maxInstanceRequestConcurrency":80,"availableCpu":"1"},"state":"ACTIVE","labels":{"deployment-tool":"cli-firebase","firebase-functions-hash":"2839abb1ad9c9cdf3f92a36dc0bb56b072273424"},"environment":"GEN_2","url":"https://us-central1-venda-e-faturamento.cloudfunctions.net/routeProxy","satisfiesPzi":true},"stages":[{"name":"BUILD","message":"Creating build","state":"IN_PROGRESS","resource":"projects/83092109834/locations/us-central1/builds/5d4b1029-54a0-41cf-aa43-057f52b028c4","resourceUri":"https://console.cloud.google.com/cloud-build/builds;region=us-central1/5d4b1029-54a0-41cf-aa43-057f52b028c4?project=83092109834"},{"name":"SERVICE","state":"NOT_STARTED"}],"operationType":"UPDATE_FUNCTION","buildName":"projects/83092109834/locations/us-central1/builds/5d4b1029-54a0-41cf-aa43-057f52b028c4"},"done":false}
[debug] [2026-07-25T20:41:24.338Z] [update-default-us-central1-routeProxy] Retrying task index 0
[debug] [2026-07-25T20:41:24.339Z] Checked if tokens are valid: true, expires at: 1785013773874
[debug] [2026-07-25T20:41:24.339Z] Checked if tokens are valid: true, expires at: 1785013773874
[debug] [2026-07-25T20:41:24.339Z] >>> [apiv2][query] GET https://cloudfunctions.googleapis.com/v2/projects/venda-e-faturamento/locations/us-central1/operations/operation-1785012081026-65775830266b8-0d9179bf-be3d16ea [none]
[debug] [2026-07-25T20:41:25.312Z] <<< [apiv2][status] GET https://cloudfunctions.googleapis.com/v2/projects/venda-e-faturamento/locations/us-central1/operations/operation-1785012081026-65775830266b8-0d9179bf-be3d16ea 200
[debug] [2026-07-25T20:41:25.312Z] <<< [apiv2][body] GET https://cloudfunctions.googleapis.com/v2/projects/venda-e-faturamento/locations/us-central1/operations/operation-1785012081026-65775830266b8-0d9179bf-be3d16ea {"name":"projects/venda-e-faturamento/locations/us-central1/operations/operation-1785012081026-65775830266b8-0d9179bf-be3d16ea","metadata":{"@type":"type.googleapis.com/google.cloud.functions.v2.OperationMetadata","createTime":"2026-07-25T20:41:21.998050685Z","target":"projects/venda-e-faturamento/locations/us-central1/functions/routeProxy","verb":"update","cancelRequested":false,"apiVersion":"v2","requestResource":{"@type":"type.googleapis.com/google.cloud.functions.v2.Function","name":"projects/venda-e-faturamento/locations/us-central1/functions/routeProxy","buildConfig":{"runtime":"nodejs20","entryPoint":"routeProxy","source":{"storageSource":{"bucket":"gcf-v2-sources-83092109834-us-central1","object":"routeProxy/function-source.zip","generation":"1785012081935953"}},"environmentVariables":{"GOOGLE_NODE_RUN_SCRIPTS":""},"dockerRepository":"projects/venda-e-faturamento/locations/us-central1/repositories/gcf-artifacts","sourceProvenance":{"resolvedStorageSource":{"bucket":"gcf-v2-sources-83092109834-us-central1","object":"routeProxy/function-source.zip","generation":"1785010586583357"}},"dockerRegistry":"ARTIFACT_REGISTRY","serviceAccount":"projects/venda-e-faturamento/serviceAccounts/83092109834-compute@developer.gserviceaccount.com","automaticUpdatePolicy":{}},"serviceConfig":{"service":"projects/venda-e-faturamento/locations/us-central1/services/routeproxy","timeoutSeconds":30,"environmentVariables":{"FIREBASE_CONFIG":"{\"projectId\":\"venda-e-faturamento\",\"databaseURL\":\"https://venda-e-faturamento-default-rtdb.firebaseio.com\",\"storageBucket\":\"venda-e-faturamento.firebasestorage.app\"}","GCLOUD_PROJECT":"venda-e-faturamento","EVENTARC_CLOUD_EVENT_SOURCE":"projects/venda-e-faturamento/locations/us-central1/services/routeProxy","FUNCTION_TARGET":"routeProxy","LOG_EXECUTION_ID":"true"},"ingressSettings":"ALLOW_ALL","uri":"https://routeproxy-x5dckzzjra-uc.a.run.app","serviceAccountEmail":"83092109834-compute@developer.gserviceaccount.com","availableMemory":"256Mi","allTrafficOnLatestRevision":true,"secretEnvironmentVariables":[{"key":"GOOGLE_MAPS_SERVER_API_KEY","projectId":"venda-e-faturamento","secret":"GOOGLE_MAPS_SERVER_API_KEY","version":"4"}],"revision":"routeproxy-00003-col","maxInstanceRequestConcurrency":80,"availableCpu":"1"},"state":"ACTIVE","labels":{"deployment-tool":"cli-firebase","firebase-functions-hash":"2839abb1ad9c9cdf3f92a36dc0bb56b072273424"},"environment":"GEN_2","url":"https://us-central1-venda-e-faturamento.cloudfunctions.net/routeProxy","satisfiesPzi":true},"stages":[{"name":"BUILD","message":"Build in progress","state":"IN_PROGRESS","resource":"projects/83092109834/locations/us-central1/builds/5d4b1029-54a0-41cf-aa43-057f52b028c4","resourceUri":"https://console.cloud.google.com/cloud-build/builds;region=us-central1/5d4b1029-54a0-41cf-aa43-057f52b028c4?project=83092109834"},{"name":"SERVICE","state":"NOT_STARTED"}],"operationType":"UPDATE_FUNCTION","buildName":"projects/83092109834/locations/us-central1/builds/5d4b1029-54a0-41cf-aa43-057f52b028c4"},"done":false}
[debug] [2026-07-25T20:41:26.327Z] [update-default-us-central1-routeProxy] Retrying task index 0
[debug] [2026-07-25T20:41:26.327Z] Checked if tokens are valid: true, expires at: 1785013773874
[debug] [2026-07-25T20:41:26.327Z] Checked if tokens are valid: true, expires at: 1785013773874
[debug] [2026-07-25T20:41:26.328Z] >>> [apiv2][query] GET https://cloudfunctions.googleapis.com/v2/projects/venda-e-faturamento/locations/us-central1/operations/operation-1785012081026-65775830266b8-0d9179bf-be3d16ea [none]
[debug] [2026-07-25T20:41:27.368Z] <<< [apiv2][status] GET https://cloudfunctions.googleapis.com/v2/projects/venda-e-faturamento/locations/us-central1/operations/operation-1785012081026-65775830266b8-0d9179bf-be3d16ea 200
[debug] [2026-07-25T20:41:27.368Z] <<< [apiv2][body] GET https://cloudfunctions.googleapis.com/v2/projects/venda-e-faturamento/locations/us-central1/operations/operation-1785012081026-65775830266b8-0d9179bf-be3d16ea {"name":"projects/venda-e-faturamento/locations/us-central1/operations/operation-1785012081026-65775830266b8-0d9179bf-be3d16ea","metadata":{"@type":"type.googleapis.com/google.cloud.functions.v2.OperationMetadata","createTime":"2026-07-25T20:41:21.998050685Z","target":"projects/venda-e-faturamento/locations/us-central1/functions/routeProxy","verb":"update","cancelRequested":false,"apiVersion":"v2","requestResource":{"@type":"type.googleapis.com/google.cloud.functions.v2.Function","name":"projects/venda-e-faturamento/locations/us-central1/functions/routeProxy","buildConfig":{"runtime":"nodejs20","entryPoint":"routeProxy","source":{"storageSource":{"bucket":"gcf-v2-sources-83092109834-us-central1","object":"routeProxy/function-source.zip","generation":"1785012081935953"}},"environmentVariables":{"GOOGLE_NODE_RUN_SCRIPTS":""},"dockerRepository":"projects/venda-e-faturamento/locations/us-central1/repositories/gcf-artifacts","sourceProvenance":{"resolvedStorageSource":{"bucket":"gcf-v2-sources-83092109834-us-central1","object":"routeProxy/function-source.zip","generation":"1785010586583357"}},"dockerRegistry":"ARTIFACT_REGISTRY","serviceAccount":"projects/venda-e-faturamento/serviceAccounts/83092109834-compute@developer.gserviceaccount.com","automaticUpdatePolicy":{}},"serviceConfig":{"service":"projects/venda-e-faturamento/locations/us-central1/services/routeproxy","timeoutSeconds":30,"environmentVariables":{"FIREBASE_CONFIG":"{\"projectId\":\"venda-e-faturamento\",\"databaseURL\":\"https://venda-e-faturamento-default-rtdb.firebaseio.com\",\"storageBucket\":\"venda-e-faturamento.firebasestorage.app\"}","GCLOUD_PROJECT":"venda-e-faturamento","EVENTARC_CLOUD_EVENT_SOURCE":"projects/venda-e-faturamento/locations/us-central1/services/routeProxy","FUNCTION_TARGET":"routeProxy","LOG_EXECUTION_ID":"true"},"ingressSettings":"ALLOW_ALL","uri":"https://routeproxy-x5dckzzjra-uc.a.run.app","serviceAccountEmail":"83092109834-compute@developer.gserviceaccount.com","availableMemory":"256Mi","allTrafficOnLatestRevision":true,"secretEnvironmentVariables":[{"key":"GOOGLE_MAPS_SERVER_API_KEY","projectId":"venda-e-faturamento","secret":"GOOGLE_MAPS_SERVER_API_KEY","version":"4"}],"revision":"routeproxy-00003-col","maxInstanceRequestConcurrency":80,"availableCpu":"1"},"state":"ACTIVE","labels":{"deployment-tool":"cli-firebase","firebase-functions-hash":"2839abb1ad9c9cdf3f92a36dc0bb56b072273424"},"environment":"GEN_2","url":"https://us-central1-venda-e-faturamento.cloudfunctions.net/routeProxy","satisfiesPzi":true},"stages":[{"name":"BUILD","message":"Build in progress","state":"IN_PROGRESS","resource":"projects/83092109834/locations/us-central1/builds/5d4b1029-54a0-41cf-aa43-057f52b028c4","resourceUri":"https://console.cloud.google.com/cloud-build/builds;region=us-central1/5d4b1029-54a0-41cf-aa43-057f52b028c4?project=83092109834"},{"name":"SERVICE","state":"NOT_STARTED"}],"operationType":"UPDATE_FUNCTION","buildName":"projects/83092109834/locations/us-central1/builds/5d4b1029-54a0-41cf-aa43-057f52b028c4"},"done":false}
[debug] [2026-07-25T20:41:29.376Z] [update-default-us-central1-routeProxy] Retrying task index 0
[debug] [2026-07-25T20:41:29.376Z] Checked if tokens are valid: true, expires at: 1785013773874
[debug] [2026-07-25T20:41:29.376Z] Checked if tokens are valid: true, expires at: 1785013773874
[debug] [2026-07-25T20:41:29.376Z] >>> [apiv2][query] GET https://cloudfunctions.googleapis.com/v2/projects/venda-e-faturamento/locations/us-central1/operations/operation-1785012081026-65775830266b8-0d9179bf-be3d16ea [none]
[debug] [2026-07-25T20:41:29.626Z] <<< [apiv2][status] GET https://cloudfunctions.googleapis.com/v2/projects/venda-e-faturamento/locations/us-central1/operations/operation-1785012081026-65775830266b8-0d9179bf-be3d16ea 200
[debug] [2026-07-25T20:41:29.626Z] <<< [apiv2][body] GET https://cloudfunctions.googleapis.com/v2/projects/venda-e-faturamento/locations/us-central1/operations/operation-1785012081026-65775830266b8-0d9179bf-be3d16ea {"name":"projects/venda-e-faturamento/locations/us-central1/operations/operation-1785012081026-65775830266b8-0d9179bf-be3d16ea","metadata":{"@type":"type.googleapis.com/google.cloud.functions.v2.OperationMetadata","createTime":"2026-07-25T20:41:21.998050685Z","target":"projects/venda-e-faturamento/locations/us-central1/functions/routeProxy","verb":"update","cancelRequested":false,"apiVersion":"v2","requestResource":{"@type":"type.googleapis.com/google.cloud.functions.v2.Function","name":"projects/venda-e-faturamento/locations/us-central1/functions/routeProxy","buildConfig":{"runtime":"nodejs20","entryPoint":"routeProxy","source":{"storageSource":{"bucket":"gcf-v2-sources-83092109834-us-central1","object":"routeProxy/function-source.zip","generation":"1785012081935953"}},"environmentVariables":{"GOOGLE_NODE_RUN_SCRIPTS":""},"dockerRepository":"projects/venda-e-faturamento/locations/us-central1/repositories/gcf-artifacts","sourceProvenance":{"resolvedStorageSource":{"bucket":"gcf-v2-sources-83092109834-us-central1","object":"routeProxy/function-source.zip","generation":"1785010586583357"}},"dockerRegistry":"ARTIFACT_REGISTRY","serviceAccount":"projects/venda-e-faturamento/serviceAccounts/83092109834-compute@developer.gserviceaccount.com","automaticUpdatePolicy":{}},"serviceConfig":{"service":"projects/venda-e-faturamento/locations/us-central1/services/routeproxy","timeoutSeconds":30,"environmentVariables":{"FIREBASE_CONFIG":"{\"projectId\":\"venda-e-faturamento\",\"databaseURL\":\"https://venda-e-faturamento-default-rtdb.firebaseio.com\",\"storageBucket\":\"venda-e-faturamento.firebasestorage.app\"}","GCLOUD_PROJECT":"venda-e-faturamento","EVENTARC_CLOUD_EVENT_SOURCE":"projects/venda-e-faturamento/locations/us-central1/services/routeProxy","FUNCTION_TARGET":"routeProxy","LOG_EXECUTION_ID":"true"},"ingressSettings":"ALLOW_ALL","uri":"https://routeproxy-x5dckzzjra-uc.a.run.app","serviceAccountEmail":"83092109834-compute@developer.gserviceaccount.com","availableMemory":"256Mi","allTrafficOnLatestRevision":true,"secretEnvironmentVariables":[{"key":"GOOGLE_MAPS_SERVER_API_KEY","projectId":"venda-e-faturamento","secret":"GOOGLE_MAPS_SERVER_API_KEY","version":"4"}],"revision":"routeproxy-00003-col","maxInstanceRequestConcurrency":80,"availableCpu":"1"},"state":"ACTIVE","labels":{"deployment-tool":"cli-firebase","firebase-functions-hash":"2839abb1ad9c9cdf3f92a36dc0bb56b072273424"},"environment":"GEN_2","url":"https://us-central1-venda-e-faturamento.cloudfunctions.net/routeProxy","satisfiesPzi":true},"stages":[{"name":"BUILD","message":"Build in progress","state":"IN_PROGRESS","resource":"projects/83092109834/locations/us-central1/builds/5d4b1029-54a0-41cf-aa43-057f52b028c4","resourceUri":"https://console.cloud.google.com/cloud-build/builds;region=us-central1/5d4b1029-54a0-41cf-aa43-057f52b028c4?project=83092109834"},{"name":"SERVICE","state":"NOT_STARTED"}],"operationType":"UPDATE_FUNCTION","buildName":"projects/83092109834/locations/us-central1/builds/5d4b1029-54a0-41cf-aa43-057f52b028c4"},"done":false}
[debug] [2026-07-25T20:41:33.639Z] [update-default-us-central1-routeProxy] Retrying task index 0
[debug] [2026-07-25T20:41:33.639Z] Checked if tokens are valid: true, expires at: 1785013773874
[debug] [2026-07-25T20:41:33.640Z] Checked if tokens are valid: true, expires at: 1785013773874
[debug] [2026-07-25T20:41:33.640Z] >>> [apiv2][query] GET https://cloudfunctions.googleapis.com/v2/projects/venda-e-faturamento/locations/us-central1/operations/operation-1785012081026-65775830266b8-0d9179bf-be3d16ea [none]
[debug] [2026-07-25T20:41:34.563Z] <<< [apiv2][status] GET https://cloudfunctions.googleapis.com/v2/projects/venda-e-faturamento/locations/us-central1/operations/operation-1785012081026-65775830266b8-0d9179bf-be3d16ea 200
[debug] [2026-07-25T20:41:34.563Z] <<< [apiv2][body] GET https://cloudfunctions.googleapis.com/v2/projects/venda-e-faturamento/locations/us-central1/operations/operation-1785012081026-65775830266b8-0d9179bf-be3d16ea {"name":"projects/venda-e-faturamento/locations/us-central1/operations/operation-1785012081026-65775830266b8-0d9179bf-be3d16ea","metadata":{"@type":"type.googleapis.com/google.cloud.functions.v2.OperationMetadata","createTime":"2026-07-25T20:41:21.998050685Z","target":"projects/venda-e-faturamento/locations/us-central1/functions/routeProxy","verb":"update","cancelRequested":false,"apiVersion":"v2","requestResource":{"@type":"type.googleapis.com/google.cloud.functions.v2.Function","name":"projects/venda-e-faturamento/locations/us-central1/functions/routeProxy","buildConfig":{"runtime":"nodejs20","entryPoint":"routeProxy","source":{"storageSource":{"bucket":"gcf-v2-sources-83092109834-us-central1","object":"routeProxy/function-source.zip","generation":"1785012081935953"}},"environmentVariables":{"GOOGLE_NODE_RUN_SCRIPTS":""},"dockerRepository":"projects/venda-e-faturamento/locations/us-central1/repositories/gcf-artifacts","sourceProvenance":{"resolvedStorageSource":{"bucket":"gcf-v2-sources-83092109834-us-central1","object":"routeProxy/function-source.zip","generation":"1785010586583357"}},"dockerRegistry":"ARTIFACT_REGISTRY","serviceAccount":"projects/venda-e-faturamento/serviceAccounts/83092109834-compute@developer.gserviceaccount.com","automaticUpdatePolicy":{}},"serviceConfig":{"service":"projects/venda-e-faturamento/locations/us-central1/services/routeproxy","timeoutSeconds":30,"environmentVariables":{"FIREBASE_CONFIG":"{\"projectId\":\"venda-e-faturamento\",\"databaseURL\":\"https://venda-e-faturamento-default-rtdb.firebaseio.com\",\"storageBucket\":\"venda-e-faturamento.firebasestorage.app\"}","GCLOUD_PROJECT":"venda-e-faturamento","EVENTARC_CLOUD_EVENT_SOURCE":"projects/venda-e-faturamento/locations/us-central1/services/routeProxy","FUNCTION_TARGET":"routeProxy","LOG_EXECUTION_ID":"true"},"ingressSettings":"ALLOW_ALL","uri":"https://routeproxy-x5dckzzjra-uc.a.run.app","serviceAccountEmail":"83092109834-compute@developer.gserviceaccount.com","availableMemory":"256Mi","allTrafficOnLatestRevision":true,"secretEnvironmentVariables":[{"key":"GOOGLE_MAPS_SERVER_API_KEY","projectId":"venda-e-faturamento","secret":"GOOGLE_MAPS_SERVER_API_KEY","version":"4"}],"revision":"routeproxy-00003-col","maxInstanceRequestConcurrency":80,"availableCpu":"1"},"state":"ACTIVE","labels":{"deployment-tool":"cli-firebase","firebase-functions-hash":"2839abb1ad9c9cdf3f92a36dc0bb56b072273424"},"environment":"GEN_2","url":"https://us-central1-venda-e-faturamento.cloudfunctions.net/routeProxy","satisfiesPzi":true},"stages":[{"name":"BUILD","message":"Build in progress","state":"IN_PROGRESS","resource":"projects/83092109834/locations/us-central1/builds/5d4b1029-54a0-41cf-aa43-057f52b028c4","resourceUri":"https://console.cloud.google.com/cloud-build/builds;region=us-central1/5d4b1029-54a0-41cf-aa43-057f52b028c4?project=83092109834"},{"name":"SERVICE","state":"NOT_STARTED"}],"operationType":"UPDATE_FUNCTION","buildName":"projects/83092109834/locations/us-central1/builds/5d4b1029-54a0-41cf-aa43-057f52b028c4"},"done":false}
[debug] [2026-07-25T20:41:42.565Z] [update-default-us-central1-routeProxy] Retrying task index 0
[debug] [2026-07-25T20:41:42.565Z] Checked if tokens are valid: true, expires at: 1785013773874
[debug] [2026-07-25T20:41:42.565Z] Checked if tokens are valid: true, expires at: 1785013773874
[debug] [2026-07-25T20:41:42.565Z] >>> [apiv2][query] GET https://cloudfunctions.googleapis.com/v2/projects/venda-e-faturamento/locations/us-central1/operations/operation-1785012081026-65775830266b8-0d9179bf-be3d16ea [none]
[debug] [2026-07-25T20:41:43.579Z] <<< [apiv2][status] GET https://cloudfunctions.googleapis.com/v2/projects/venda-e-faturamento/locations/us-central1/operations/operation-1785012081026-65775830266b8-0d9179bf-be3d16ea 200
[debug] [2026-07-25T20:41:43.579Z] <<< [apiv2][body] GET https://cloudfunctions.googleapis.com/v2/projects/venda-e-faturamento/locations/us-central1/operations/operation-1785012081026-65775830266b8-0d9179bf-be3d16ea {"name":"projects/venda-e-faturamento/locations/us-central1/operations/operation-1785012081026-65775830266b8-0d9179bf-be3d16ea","metadata":{"@type":"type.googleapis.com/google.cloud.functions.v2.OperationMetadata","createTime":"2026-07-25T20:41:21.998050685Z","target":"projects/venda-e-faturamento/locations/us-central1/functions/routeProxy","verb":"update","cancelRequested":false,"apiVersion":"v2","requestResource":{"@type":"type.googleapis.com/google.cloud.functions.v2.Function","name":"projects/venda-e-faturamento/locations/us-central1/functions/routeProxy","buildConfig":{"runtime":"nodejs20","entryPoint":"routeProxy","source":{"storageSource":{"bucket":"gcf-v2-sources-83092109834-us-central1","object":"routeProxy/function-source.zip","generation":"1785012081935953"}},"environmentVariables":{"GOOGLE_NODE_RUN_SCRIPTS":""},"dockerRepository":"projects/venda-e-faturamento/locations/us-central1/repositories/gcf-artifacts","sourceProvenance":{"resolvedStorageSource":{"bucket":"gcf-v2-sources-83092109834-us-central1","object":"routeProxy/function-source.zip","generation":"1785010586583357"}},"dockerRegistry":"ARTIFACT_REGISTRY","serviceAccount":"projects/venda-e-faturamento/serviceAccounts/83092109834-compute@developer.gserviceaccount.com","automaticUpdatePolicy":{}},"serviceConfig":{"service":"projects/venda-e-faturamento/locations/us-central1/services/routeproxy","timeoutSeconds":30,"environmentVariables":{"FIREBASE_CONFIG":"{\"projectId\":\"venda-e-faturamento\",\"databaseURL\":\"https://venda-e-faturamento-default-rtdb.firebaseio.com\",\"storageBucket\":\"venda-e-faturamento.firebasestorage.app\"}","GCLOUD_PROJECT":"venda-e-faturamento","EVENTARC_CLOUD_EVENT_SOURCE":"projects/venda-e-faturamento/locations/us-central1/services/routeProxy","FUNCTION_TARGET":"routeProxy","LOG_EXECUTION_ID":"true"},"ingressSettings":"ALLOW_ALL","uri":"https://routeproxy-x5dckzzjra-uc.a.run.app","serviceAccountEmail":"83092109834-compute@developer.gserviceaccount.com","availableMemory":"256Mi","allTrafficOnLatestRevision":true,"secretEnvironmentVariables":[{"key":"GOOGLE_MAPS_SERVER_API_KEY","projectId":"venda-e-faturamento","secret":"GOOGLE_MAPS_SERVER_API_KEY","version":"4"}],"revision":"routeproxy-00003-col","maxInstanceRequestConcurrency":80,"availableCpu":"1"},"state":"ACTIVE","labels":{"deployment-tool":"cli-firebase","firebase-functions-hash":"2839abb1ad9c9cdf3f92a36dc0bb56b072273424"},"environment":"GEN_2","url":"https://us-central1-venda-e-faturamento.cloudfunctions.net/routeProxy","satisfiesPzi":true},"stages":[{"name":"BUILD","message":"Build in progress","state":"IN_PROGRESS","resource":"projects/83092109834/locations/us-central1/builds/5d4b1029-54a0-41cf-aa43-057f52b028c4","resourceUri":"https://console.cloud.google.com/cloud-build/builds;region=us-central1/5d4b1029-54a0-41cf-aa43-057f52b028c4?project=83092109834"},{"name":"SERVICE","state":"NOT_STARTED"}],"operationType":"UPDATE_FUNCTION","buildName":"projects/83092109834/locations/us-central1/builds/5d4b1029-54a0-41cf-aa43-057f52b028c4"},"done":false}
[debug] [2026-07-25T20:41:53.583Z] [update-default-us-central1-routeProxy] Retrying task index 0
[debug] [2026-07-25T20:41:53.583Z] Checked if tokens are valid: true, expires at: 1785013773874
[debug] [2026-07-25T20:41:53.583Z] Checked if tokens are valid: true, expires at: 1785013773874
[debug] [2026-07-25T20:41:53.583Z] >>> [apiv2][query] GET https://cloudfunctions.googleapis.com/v2/projects/venda-e-faturamento/locations/us-central1/operations/operation-1785012081026-65775830266b8-0d9179bf-be3d16ea [none]
[debug] [2026-07-25T20:41:53.929Z] <<< [apiv2][status] GET https://cloudfunctions.googleapis.com/v2/projects/venda-e-faturamento/locations/us-central1/operations/operation-1785012081026-65775830266b8-0d9179bf-be3d16ea 200
[debug] [2026-07-25T20:41:53.929Z] <<< [apiv2][body] GET https://cloudfunctions.googleapis.com/v2/projects/venda-e-faturamento/locations/us-central1/operations/operation-1785012081026-65775830266b8-0d9179bf-be3d16ea {"name":"projects/venda-e-faturamento/locations/us-central1/operations/operation-1785012081026-65775830266b8-0d9179bf-be3d16ea","metadata":{"@type":"type.googleapis.com/google.cloud.functions.v2.OperationMetadata","createTime":"2026-07-25T20:41:21.998050685Z","target":"projects/venda-e-faturamento/locations/us-central1/functions/routeProxy","verb":"update","cancelRequested":false,"apiVersion":"v2","requestResource":{"@type":"type.googleapis.com/google.cloud.functions.v2.Function","name":"projects/venda-e-faturamento/locations/us-central1/functions/routeProxy","buildConfig":{"runtime":"nodejs20","entryPoint":"routeProxy","source":{"storageSource":{"bucket":"gcf-v2-sources-83092109834-us-central1","object":"routeProxy/function-source.zip","generation":"1785012081935953"}},"environmentVariables":{"GOOGLE_NODE_RUN_SCRIPTS":""},"dockerRepository":"projects/venda-e-faturamento/locations/us-central1/repositories/gcf-artifacts","sourceProvenance":{"resolvedStorageSource":{"bucket":"gcf-v2-sources-83092109834-us-central1","object":"routeProxy/function-source.zip","generation":"1785010586583357"}},"dockerRegistry":"ARTIFACT_REGISTRY","serviceAccount":"projects/venda-e-faturamento/serviceAccounts/83092109834-compute@developer.gserviceaccount.com","automaticUpdatePolicy":{}},"serviceConfig":{"service":"projects/venda-e-faturamento/locations/us-central1/services/routeproxy","timeoutSeconds":30,"environmentVariables":{"FIREBASE_CONFIG":"{\"projectId\":\"venda-e-faturamento\",\"databaseURL\":\"https://venda-e-faturamento-default-rtdb.firebaseio.com\",\"storageBucket\":\"venda-e-faturamento.firebasestorage.app\"}","GCLOUD_PROJECT":"venda-e-faturamento","EVENTARC_CLOUD_EVENT_SOURCE":"projects/venda-e-faturamento/locations/us-central1/services/routeProxy","FUNCTION_TARGET":"routeProxy","LOG_EXECUTION_ID":"true"},"ingressSettings":"ALLOW_ALL","uri":"https://routeproxy-x5dckzzjra-uc.a.run.app","serviceAccountEmail":"83092109834-compute@developer.gserviceaccount.com","availableMemory":"256Mi","allTrafficOnLatestRevision":true,"secretEnvironmentVariables":[{"key":"GOOGLE_MAPS_SERVER_API_KEY","projectId":"venda-e-faturamento","secret":"GOOGLE_MAPS_SERVER_API_KEY","version":"4"}],"revision":"routeproxy-00003-col","maxInstanceRequestConcurrency":80,"availableCpu":"1"},"state":"ACTIVE","labels":{"deployment-tool":"cli-firebase","firebase-functions-hash":"2839abb1ad9c9cdf3f92a36dc0bb56b072273424"},"environment":"GEN_2","url":"https://us-central1-venda-e-faturamento.cloudfunctions.net/routeProxy","satisfiesPzi":true},"stages":[{"name":"BUILD","message":"Build in progress","state":"IN_PROGRESS","resource":"projects/83092109834/locations/us-central1/builds/5d4b1029-54a0-41cf-aa43-057f52b028c4","resourceUri":"https://console.cloud.google.com/cloud-build/builds;region=us-central1/5d4b1029-54a0-41cf-aa43-057f52b028c4?project=83092109834"},{"name":"SERVICE","state":"NOT_STARTED"}],"operationType":"UPDATE_FUNCTION","buildName":"projects/83092109834/locations/us-central1/builds/5d4b1029-54a0-41cf-aa43-057f52b028c4"},"done":false}
[debug] [2026-07-25T20:42:03.931Z] [update-default-us-central1-routeProxy] Retrying task index 0
[debug] [2026-07-25T20:42:03.931Z] Checked if tokens are valid: true, expires at: 1785013773874
[debug] [2026-07-25T20:42:03.932Z] Checked if tokens are valid: true, expires at: 1785013773874
[debug] [2026-07-25T20:42:03.932Z] >>> [apiv2][query] GET https://cloudfunctions.googleapis.com/v2/projects/venda-e-faturamento/locations/us-central1/operations/operation-1785012081026-65775830266b8-0d9179bf-be3d16ea [none]
[debug] [2026-07-25T20:42:04.952Z] <<< [apiv2][status] GET https://cloudfunctions.googleapis.com/v2/projects/venda-e-faturamento/locations/us-central1/operations/operation-1785012081026-65775830266b8-0d9179bf-be3d16ea 200
[debug] [2026-07-25T20:42:04.952Z] <<< [apiv2][body] GET https://cloudfunctions.googleapis.com/v2/projects/venda-e-faturamento/locations/us-central1/operations/operation-1785012081026-65775830266b8-0d9179bf-be3d16ea {"name":"projects/venda-e-faturamento/locations/us-central1/operations/operation-1785012081026-65775830266b8-0d9179bf-be3d16ea","metadata":{"@type":"type.googleapis.com/google.cloud.functions.v2.OperationMetadata","createTime":"2026-07-25T20:41:21.998050685Z","target":"projects/venda-e-faturamento/locations/us-central1/functions/routeProxy","verb":"update","cancelRequested":false,"apiVersion":"v2","requestResource":{"@type":"type.googleapis.com/google.cloud.functions.v2.Function","name":"projects/venda-e-faturamento/locations/us-central1/functions/routeProxy","buildConfig":{"runtime":"nodejs20","entryPoint":"routeProxy","source":{"storageSource":{"bucket":"gcf-v2-sources-83092109834-us-central1","object":"routeProxy/function-source.zip","generation":"1785012081935953"}},"environmentVariables":{"GOOGLE_NODE_RUN_SCRIPTS":""},"dockerRepository":"projects/venda-e-faturamento/locations/us-central1/repositories/gcf-artifacts","sourceProvenance":{"resolvedStorageSource":{"bucket":"gcf-v2-sources-83092109834-us-central1","object":"routeProxy/function-source.zip","generation":"1785010586583357"}},"dockerRegistry":"ARTIFACT_REGISTRY","serviceAccount":"projects/venda-e-faturamento/serviceAccounts/83092109834-compute@developer.gserviceaccount.com","automaticUpdatePolicy":{}},"serviceConfig":{"service":"projects/venda-e-faturamento/locations/us-central1/services/routeproxy","timeoutSeconds":30,"environmentVariables":{"FIREBASE_CONFIG":"{\"projectId\":\"venda-e-faturamento\",\"databaseURL\":\"https://venda-e-faturamento-default-rtdb.firebaseio.com\",\"storageBucket\":\"venda-e-faturamento.firebasestorage.app\"}","GCLOUD_PROJECT":"venda-e-faturamento","EVENTARC_CLOUD_EVENT_SOURCE":"projects/venda-e-faturamento/locations/us-central1/services/routeProxy","FUNCTION_TARGET":"routeProxy","LOG_EXECUTION_ID":"true"},"ingressSettings":"ALLOW_ALL","uri":"https://routeproxy-x5dckzzjra-uc.a.run.app","serviceAccountEmail":"83092109834-compute@developer.gserviceaccount.com","availableMemory":"256Mi","allTrafficOnLatestRevision":true,"secretEnvironmentVariables":[{"key":"GOOGLE_MAPS_SERVER_API_KEY","projectId":"venda-e-faturamento","secret":"GOOGLE_MAPS_SERVER_API_KEY","version":"4"}],"revision":"routeproxy-00003-col","maxInstanceRequestConcurrency":80,"availableCpu":"1"},"state":"ACTIVE","labels":{"deployment-tool":"cli-firebase","firebase-functions-hash":"2839abb1ad9c9cdf3f92a36dc0bb56b072273424"},"environment":"GEN_2","url":"https://us-central1-venda-e-faturamento.cloudfunctions.net/routeProxy","satisfiesPzi":true},"stages":[{"name":"BUILD","message":"Build finished","state":"COMPLETE","resource":"projects/83092109834/locations/us-central1/builds/5d4b1029-54a0-41cf-aa43-057f52b028c4","resourceUri":"https://console.cloud.google.com/cloud-build/builds;region=us-central1/5d4b1029-54a0-41cf-aa43-057f52b028c4?project=83092109834"},{"name":"SERVICE","message":"Updating Cloud Run service","state":"IN_PROGRESS","resource":"projects/venda-e-faturamento/locations/us-central1/services/routeproxy","resourceUri":"https://console.cloud.google.com/run/detail/us-central1/routeproxy?project=venda-e-faturamento","stateMessages":[{"severity":"INFO","type":"CloudRunServiceNewRevisionTrafficInfo","message":"A new revision will be deployed serving with 100% traffic."}]}],"sourceToken":"ClZwcm9qZWN0cy84MzA5MjEwOTgzNC9sb2NhdGlvbnMvdXMtY2VudHJhbDEvYnVpbGRzLzVkNGIxMDI5LTU0YTAtNDFjZi1hYTQzLTA1N2Y1MmIwMjhjNBJ3dXMtY2VudHJhbDEtZG9ja2VyLnBrZy5kZXYvdmVuZGEtZS1mYXR1cmFtZW50by9nY2YtYXJ0aWZhY3RzL3ZlbmRhLS1lLS1mYXR1cmFtZW50b19fdXMtLWNlbnRyYWwxX19yb3V0ZV9wcm94eTp2ZXJzaW9uXzEYivSzxbUCIkdwcm9qZWN0cy92ZW5kYS1lLWZhdHVyYW1lbnRvL2xvY2F0aW9ucy91cy1jZW50cmFsMS9mdW5jdGlvbnMvcm91dGVQcm94eSoMCJK/lNMGEMCP280DMghub2RlanMyMDp2CiNnY3IuaW8vZ2FlLXJ1bnRpbWVzL25vZGVqczIwOnN0YWJsZRJPdXMtY2VudHJhbDEtZG9ja2VyLnBrZy5kZXYvc2VydmVybGVzcy1ydW50aW1lcy9nb29nbGUtMjItZnVsbC9ydW50aW1lcy9ub2RlanMyMEAB","operationType":"UPDATE_FUNCTION","buildName":"projects/83092109834/locations/us-central1/builds/5d4b1029-54a0-41cf-aa43-057f52b028c4"},"done":false}
[debug] [2026-07-25T20:42:04.952Z] Got source token ClZwcm9qZWN0cy84MzA5MjEwOTgzNC9sb2NhdGlvbnMvdXMtY2VudHJhbDEvYnVpbGRzLzVkNGIxMDI5LTU0YTAtNDFjZi1hYTQzLTA1N2Y1MmIwMjhjNBJ3dXMtY2VudHJhbDEtZG9ja2VyLnBrZy5kZXYvdmVuZGEtZS1mYXR1cmFtZW50by9nY2YtYXJ0aWZhY3RzL3ZlbmRhLS1lLS1mYXR1cmFtZW50b19fdXMtLWNlbnRyYWwxX19yb3V0ZV9wcm94eTp2ZXJzaW9uXzEYivSzxbUCIkdwcm9qZWN0cy92ZW5kYS1lLWZhdHVyYW1lbnRvL2xvY2F0aW9ucy91cy1jZW50cmFsMS9mdW5jdGlvbnMvcm91dGVQcm94eSoMCJK/lNMGEMCP280DMghub2RlanMyMDp2CiNnY3IuaW8vZ2FlLXJ1bnRpbWVzL25vZGVqczIwOnN0YWJsZRJPdXMtY2VudHJhbDEtZG9ja2VyLnBrZy5kZXYvc2VydmVybGVzcy1ydW50aW1lcy9nb29nbGUtMjItZnVsbC9ydW50aW1lcy9ub2RlanMyMEAB for region us-central1
[debug] [2026-07-25T20:42:14.962Z] [update-default-us-central1-routeProxy] Retrying task index 0
[debug] [2026-07-25T20:42:14.962Z] Checked if tokens are valid: true, expires at: 1785013773874
[debug] [2026-07-25T20:42:14.962Z] Checked if tokens are valid: true, expires at: 1785013773874
[debug] [2026-07-25T20:42:14.962Z] >>> [apiv2][query] GET https://cloudfunctions.googleapis.com/v2/projects/venda-e-faturamento/locations/us-central1/operations/operation-1785012081026-65775830266b8-0d9179bf-be3d16ea [none]
[debug] [2026-07-25T20:42:16.015Z] <<< [apiv2][status] GET https://cloudfunctions.googleapis.com/v2/projects/venda-e-faturamento/locations/us-central1/operations/operation-1785012081026-65775830266b8-0d9179bf-be3d16ea 200
[debug] [2026-07-25T20:42:16.015Z] <<< [apiv2][body] GET https://cloudfunctions.googleapis.com/v2/projects/venda-e-faturamento/locations/us-central1/operations/operation-1785012081026-65775830266b8-0d9179bf-be3d16ea {"name":"projects/venda-e-faturamento/locations/us-central1/operations/operation-1785012081026-65775830266b8-0d9179bf-be3d16ea","metadata":{"@type":"type.googleapis.com/google.cloud.functions.v2.OperationMetadata","createTime":"2026-07-25T20:41:21.998050685Z","endTime":"2026-07-25T20:42:10.890910757Z","target":"projects/venda-e-faturamento/locations/us-central1/functions/routeProxy","verb":"update","cancelRequested":false,"apiVersion":"v2","requestResource":{"@type":"type.googleapis.com/google.cloud.functions.v2.Function","name":"projects/venda-e-faturamento/locations/us-central1/functions/routeProxy","buildConfig":{"runtime":"nodejs20","entryPoint":"routeProxy","source":{"storageSource":{"bucket":"gcf-v2-sources-83092109834-us-central1","object":"routeProxy/function-source.zip","generation":"1785012081935953"}},"environmentVariables":{"GOOGLE_NODE_RUN_SCRIPTS":""},"dockerRepository":"projects/venda-e-faturamento/locations/us-central1/repositories/gcf-artifacts","sourceProvenance":{"resolvedStorageSource":{"bucket":"gcf-v2-sources-83092109834-us-central1","object":"routeProxy/function-source.zip","generation":"1785010586583357"}},"dockerRegistry":"ARTIFACT_REGISTRY","serviceAccount":"projects/venda-e-faturamento/serviceAccounts/83092109834-compute@developer.gserviceaccount.com","automaticUpdatePolicy":{}},"serviceConfig":{"service":"projects/venda-e-faturamento/locations/us-central1/services/routeproxy","timeoutSeconds":30,"environmentVariables":{"FIREBASE_CONFIG":"{\"projectId\":\"venda-e-faturamento\",\"databaseURL\":\"https://venda-e-faturamento-default-rtdb.firebaseio.com\",\"storageBucket\":\"venda-e-faturamento.firebasestorage.app\"}","GCLOUD_PROJECT":"venda-e-faturamento","EVENTARC_CLOUD_EVENT_SOURCE":"projects/venda-e-faturamento/locations/us-central1/services/routeProxy","FUNCTION_TARGET":"routeProxy","LOG_EXECUTION_ID":"true"},"ingressSettings":"ALLOW_ALL","uri":"https://routeproxy-x5dckzzjra-uc.a.run.app","serviceAccountEmail":"83092109834-compute@developer.gserviceaccount.com","availableMemory":"256Mi","allTrafficOnLatestRevision":true,"secretEnvironmentVariables":[{"key":"GOOGLE_MAPS_SERVER_API_KEY","projectId":"venda-e-faturamento","secret":"GOOGLE_MAPS_SERVER_API_KEY","version":"4"}],"revision":"routeproxy-00003-col","maxInstanceRequestConcurrency":80,"availableCpu":"1"},"state":"ACTIVE","labels":{"deployment-tool":"cli-firebase","firebase-functions-hash":"2839abb1ad9c9cdf3f92a36dc0bb56b072273424"},"environment":"GEN_2","url":"https://us-central1-venda-e-faturamento.cloudfunctions.net/routeProxy","satisfiesPzi":true},"stages":[{"name":"BUILD","message":"Build finished","state":"COMPLETE","resource":"projects/83092109834/locations/us-central1/builds/5d4b1029-54a0-41cf-aa43-057f52b028c4","resourceUri":"https://console.cloud.google.com/cloud-build/builds;region=us-central1/5d4b1029-54a0-41cf-aa43-057f52b028c4?project=83092109834"},{"name":"SERVICE","message":"Updating Cloud Run service","state":"COMPLETE","resource":"projects/venda-e-faturamento/locations/us-central1/services/routeproxy","resourceUri":"https://console.cloud.google.com/run/detail/us-central1/routeproxy?project=venda-e-faturamento","stateMessages":[{"severity":"INFO","type":"CloudRunServiceNewRevisionTrafficInfo","message":"A new revision will be deployed serving with 100% traffic."}]}],"sourceToken":"ClZwcm9qZWN0cy84MzA5MjEwOTgzNC9sb2NhdGlvbnMvdXMtY2VudHJhbDEvYnVpbGRzLzVkNGIxMDI5LTU0YTAtNDFjZi1hYTQzLTA1N2Y1MmIwMjhjNBJ3dXMtY2VudHJhbDEtZG9ja2VyLnBrZy5kZXYvdmVuZGEtZS1mYXR1cmFtZW50by9nY2YtYXJ0aWZhY3RzL3ZlbmRhLS1lLS1mYXR1cmFtZW50b19fdXMtLWNlbnRyYWwxX19yb3V0ZV9wcm94eTp2ZXJzaW9uXzEYivSzxbUCIkdwcm9qZWN0cy92ZW5kYS1lLWZhdHVyYW1lbnRvL2xvY2F0aW9ucy91cy1jZW50cmFsMS9mdW5jdGlvbnMvcm91dGVQcm94eSoMCJK/lNMGEMCP280DMghub2RlanMyMDp2CiNnY3IuaW8vZ2FlLXJ1bnRpbWVzL25vZGVqczIwOnN0YWJsZRJPdXMtY2VudHJhbDEtZG9ja2VyLnBrZy5kZXYvc2VydmVybGVzcy1ydW50aW1lcy9nb29nbGUtMjItZnVsbC9ydW50aW1lcy9ub2RlanMyMEAB","operationType":"UPDATE_FUNCTION","buildName":"projects/83092109834/locations/us-central1/builds/5d4b1029-54a0-41cf-aa43-057f52b028c4"},"done":true,"response":{"@type":"type.googleapis.com/google.cloud.functions.v2.Function","name":"projects/venda-e-faturamento/locations/us-central1/functions/routeProxy","buildConfig":{"build":"projects/83092109834/locations/us-central1/builds/5d4b1029-54a0-41cf-aa43-057f52b028c4","runtime":"nodejs20","entryPoint":"routeProxy","source":{"storageSource":{"bucket":"gcf-v2-sources-83092109834-us-central1","object":"routeProxy/function-source.zip","generation":"1785012081935953"}},"environmentVariables":{"GOOGLE_NODE_RUN_SCRIPTS":""},"dockerRepository":"projects/venda-e-faturamento/locations/us-central1/repositories/gcf-artifacts","sourceProvenance":{"resolvedStorageSource":{"bucket":"gcf-v2-sources-83092109834-us-central1","object":"routeProxy/function-source.zip","generation":"1785012081935953"}},"dockerRegistry":"ARTIFACT_REGISTRY","serviceAccount":"projects/venda-e-faturamento/serviceAccounts/83092109834-compute@developer.gserviceaccount.com","automaticUpdatePolicy":{}},"serviceConfig":{"service":"projects/venda-e-faturamento/locations/us-central1/services/routeproxy","timeoutSeconds":30,"environmentVariables":{"FIREBASE_CONFIG":"{\"projectId\":\"venda-e-faturamento\",\"databaseURL\":\"https://venda-e-faturamento-default-rtdb.firebaseio.com\",\"storageBucket\":\"venda-e-faturamento.firebasestorage.app\"}","GCLOUD_PROJECT":"venda-e-faturamento","EVENTARC_CLOUD_EVENT_SOURCE":"projects/venda-e-faturamento/locations/us-central1/services/routeProxy","FUNCTION_TARGET":"routeProxy","LOG_EXECUTION_ID":"true"},"maxInstanceCount":20,"ingressSettings":"ALLOW_ALL","uri":"https://routeproxy-x5dckzzjra-uc.a.run.app","serviceAccountEmail":"83092109834-compute@developer.gserviceaccount.com","availableMemory":"256Mi","allTrafficOnLatestRevision":true,"secretEnvironmentVariables":[{"key":"GOOGLE_MAPS_SERVER_API_KEY","projectId":"venda-e-faturamento","secret":"GOOGLE_MAPS_SERVER_API_KEY","version":"4"}],"revision":"routeproxy-00004-cel","maxInstanceRequestConcurrency":80,"availableCpu":"1"},"state":"ACTIVE","updateTime":"2026-07-25T20:41:22.000833856Z","labels":{"deployment-tool":"cli-firebase","firebase-functions-hash":"2839abb1ad9c9cdf3f92a36dc0bb56b072273424"},"environment":"GEN_2","url":"https://us-central1-venda-e-faturamento.cloudfunctions.net/routeProxy","createTime":"2026-07-25T19:37:45.664331491Z","satisfiesPzi":true}}
[debug] [2026-07-25T20:42:16.015Z] Got source token ClZwcm9qZWN0cy84MzA5MjEwOTgzNC9sb2NhdGlvbnMvdXMtY2VudHJhbDEvYnVpbGRzLzVkNGIxMDI5LTU0YTAtNDFjZi1hYTQzLTA1N2Y1MmIwMjhjNBJ3dXMtY2VudHJhbDEtZG9ja2VyLnBrZy5kZXYvdmVuZGEtZS1mYXR1cmFtZW50by9nY2YtYXJ0aWZhY3RzL3ZlbmRhLS1lLS1mYXR1cmFtZW50b19fdXMtLWNlbnRyYWwxX19yb3V0ZV9wcm94eTp2ZXJzaW9uXzEYivSzxbUCIkdwcm9qZWN0cy92ZW5kYS1lLWZhdHVyYW1lbnRvL2xvY2F0aW9ucy91cy1jZW50cmFsMS9mdW5jdGlvbnMvcm91dGVQcm94eSoMCJK/lNMGEMCP280DMghub2RlanMyMDp2CiNnY3IuaW8vZ2FlLXJ1bnRpbWVzL25vZGVqczIwOnN0YWJsZRJPdXMtY2VudHJhbDEtZG9ja2VyLnBrZy5kZXYvc2VydmVybGVzcy1ydW50aW1lcy9nb29nbGUtMjItZnVsbC9ydW50aW1lcy9ub2RlanMyMEAB for region us-central1
[info] +  functions[routeProxy(us-central1)] Successful update operation. 
[debug] [2026-07-25T20:42:16.019Z] Total Function Deployment time: 55158
[debug] [2026-07-25T20:42:16.019Z] 1 Functions Deployed
[debug] [2026-07-25T20:42:16.019Z] 0 Functions Errored
[debug] [2026-07-25T20:42:16.019Z] 0 Function Deployments Aborted
[debug] [2026-07-25T20:42:16.019Z] Average Function Deployment time: 55157
[info] Function URL (routeProxy(us-central1)): https://routeproxy-x5dckzzjra-uc.a.run.app
[debug] [2026-07-25T20:42:16.158Z] Not printing URL for HTTPS function. Typically this means it didn't match a filter or we failed deployment
[debug] [2026-07-25T20:42:16.158Z] Not printing URL for HTTPS function. Typically this means it didn't match a filter or we failed deployment
[debug] [2026-07-25T20:42:16.158Z] No lifecycle hook configured for event: afterUpdate
[debug] [2026-07-25T20:42:16.158Z] Checked if tokens are valid: true, expires at: 1785013773874
[debug] [2026-07-25T20:42:16.158Z] Checked if tokens are valid: true, expires at: 1785013773874
[debug] [2026-07-25T20:42:16.158Z] >>> [apiv2][query] GET https://artifactregistry.googleapis.com/v1/projects/venda-e-faturamento/locations/us-central1/repositories/gcf-artifacts [none]
[debug] [2026-07-25T20:42:17.292Z] <<< [apiv2][status] GET https://artifactregistry.googleapis.com/v1/projects/venda-e-faturamento/locations/us-central1/repositories/gcf-artifacts 200
[debug] [2026-07-25T20:42:17.293Z] <<< [apiv2][body] GET https://artifactregistry.googleapis.com/v1/projects/venda-e-faturamento/locations/us-central1/repositories/gcf-artifacts {"name":"projects/venda-e-faturamento/locations/us-central1/repositories/gcf-artifacts","format":"DOCKER","description":"This repository is created and used by Cloud Functions for storing function docker images.","labels":{"goog-managed-by":"cloudfunctions"},"createTime":"2026-07-12T23:51:38.900182Z","updateTime":"2026-07-25T20:41:44.072828Z","mode":"STANDARD_REPOSITORY","cleanupPolicies":{"firebase-functions-cleanup":{"id":"firebase-functions-cleanup","action":"DELETE","condition":{"tagState":"ANY","olderThan":"86400s"}}},"sizeBytes":"100794840","vulnerabilityScanningConfig":{"lastEnableTime":"2026-07-12T23:51:27.877305752Z","enablementState":"SCANNING_DISABLED","enablementStateReason":"API containerscanning.googleapis.com is not enabled."},"satisfiesPzi":true,"registryUri":"us-central1-docker.pkg.dev/venda-e-faturamento/gcf-artifacts"}
[info] 
[info] +  Deploy complete! 
[info] 
[info] Project Console: https://console.firebase.google.com/project/venda-e-faturamento/overview
